rf_profile,tx_power_dbm,payload_bytes,frame_count,voltage_mv,modeled_duration_ms,ch340_runs,esp32_runs,ch340_energy_total_uJ_mean,esp32_energy_total_uJ_mean,ch340_energy_total_uJ_stdev,esp32_energy_total_uJ_stdev,ch340_energy_excess_uJ_mean,esp32_energy_excess_uJ_mean,ch340_packet_loss_percent,esp32_packet_loss_percent,ch340_packets_received,esp32_packets_received,ch340_packets_lost,esp32_packets_lost,ch340_sample_loss_percent_max,esp32_sample_loss_percent_max,total_energy_ratio_ch340_over_esp32,excess_energy_ratio_ch340_over_esp32,total_energy_difference_percent
SLR2K5,-20.0,128,2,3300,492.4,5,5,11192.87280664386,9182.35412022459,55.756688635124135,14.170622383142126,4353.805371704907,2047.8716903535164,0.0,0.0,5,5.0,0,0.0,0.5285081581243722,0.10701878591303489,1.2189546014121806,2.1260147265150806,21.89546014121806
SLR2K5,-20.0,512,8,3300,1969.6,5,5,44877.44785943115,36580.02998973999,45.65244876602333,29.84922473472167,17518.241088892835,8105.109105215897,0.0,0.0,5,5.0,0,0.0,0.11966493817311527,0.0,1.2268291707802983,2.161382513360528,22.68291707802983
SLR2K5,-20.0,1024,16,3300,3939.2,5,5,89627.59031659193,72140.96840403185,186.86558390477973,97.61966072627996,34917.91332627973,16995.208756699416,80.0,0.0,1,5.0,4,0.0,0.006816725517730303,0.006816725517730303,1.242395164625802,2.0545739582348634,24.2395164625802
GFSK4K8,-20.0,128,2,3300,259.33,5,5,5970.30806923405,5118.446341116978,143.61358502788272,14.608108317127725,2135.9739522819787,991.9098921764231,40.0,0.0,3,5.0,2,0.0,0.8336842105263158,0.29473684210526313,1.1664297467131741,2.1533951512422966,16.64297467131741
GFSK4K8,-20.0,512,8,3300,1037.3300000000002,5,5,23427.872343458715,20406.83473431161,335.1579956024872,33.19047206600794,7956.21846195686,3894.6765459895214,0.0,0.0,5,5.0,0,0.0,0.2461033634126333,0.0,1.1480404799901476,2.042844474504473,14.804047999014758
GFSK4K8,-20.0,1024,16,3300,2074.6600000000003,5,5,46818.89585075657,40693.455849593025,300.4766013325711,73.59841551623383,15742.638255450776,7680.476473097032,60.0,0.0,2,5.0,3,0.0,0.06923719708726274,0.06923719708726274,1.150526414463391,2.049695524827616,15.05264144633911
OOK4K8,-20.0,128,2,3300,259.33,5,5,5499.5379155442615,4709.409015558747,12.102995640999207,11.738459514101718,1912.4953687990237,987.8817560137508,0.0,0.0,5,5.0,0,0.0,0.8336842105263158,0.29473684210526313,1.1677766567684225,1.9359557529599756,16.777665676842247
OOK4K8,-20.0,512,8,3300,1037.3300000000002,5,5,21789.233184708086,18831.234464892692,67.47377769369305,10.66339950188106,7401.213275005763,3952.536696352878,0.0,0.0,5,5.0,0,0.0,0.2461033634126333,0.0,1.1570793845368994,1.8725223428880697,15.707938453689941
OOK4K8,-20.0,1024,16,3300,2074.6600000000003,5,5,43598.90294743348,36982.26152594932,104.63074686120869,40.89447019537926,14825.931643919621,8021.0236452575045,40.0,0.0,3,5.0,2,0.0,0.06923719708726274,0.06923719708726274,1.1789139211197637,1.848383984341646,17.891392111976366
SLR5,-20.0,128,2,3300,249.2,5,5,5708.9284544944485,4686.629634665182,28.687029829011976,12.924764073117762,2252.978277891242,1081.9346610184166,0.0,0.0,5,5.0,0,0.0,0.8336842105263158,0.29473684210526313,1.2181309169958128,2.0823607552886156,21.81309169958128
SLR5,-20.0,512,8,3300,996.8,5,5,22860.825855614043,18653.890662515027,53.08116821748605,26.062534190991144,9044.296765782196,4220.733822394452,20.0,0.0,4,5.0,1,0.0,0.0675219446320054,0.0675219446320054,1.2255258846109165,2.1428256664267216,22.55258846109165
SLR5,-20.0,1024,16,3300,1993.6,5,5,45680.255000565245,36771.15990873597,48.809093781712875,82.07957043552031,18056.856271480778,8875.79561834857,60.0,0.0,2,5.0,3,0.0,0.17029888688698572,0.012340499049781573,1.2422848535085966,2.0343929770253584,24.228485350859664
GFSK50,-20.0,128,2,3300,30.32,5,5,695.0075377138328,570.4903266097547,9.1071999905647,8.375326727931368,271.4664733058172,144.64362342052124,0.0,0.0,5,5.0,0,0.0,0.8336842105263158,0.29473684210526313,1.2182634924662876,1.8767953048063855,21.826349246628762
GFSK50,-20.0,512,8,3300,121.28,5,5,2789.1180867322455,2268.2196580856626,20.669253371035058,5.566293629593956,1092.7310606617393,562.9928826052371,40.0,0.0,3,5.0,2,0.0,0.8336842105263158,0.29473684210526313,1.2296507865936634,1.9409322824920103,22.965078659366345
GFSK50,-20.0,1024,16,3300,242.56,5,5,5588.151077522351,4523.235546403915,19.11282687805525,6.440959738764293,2202.032674823279,1112.8769461199588,40.0,0.0,3,5.0,2,0.0,0.8336842105263158,0.29473684210526313,1.2354322520225751,1.9786847795712343,23.54322520225751
IEEE154G50,-20.0,128,2,3300,30.96,5,5,700.8304485603642,581.5261199099002,6.986205273331101,5.729014659047842,266.45414566250554,147.73949560479247,0.0,0.0,5,5.0,0,0.0,0.8336842105263158,0.29473684210526313,1.205157300017665,1.803540377417277,20.515730001766496
IEEE154G50,-20.0,512,8,3300,123.84,5,5,2802.255958793093,2330.7104964084833,15.092566281142927,11.476839212526945,1066.1513595049205,595.509613671785,20.0,0.0,4,5.0,1,0.0,0.8336842105263158,0.29473684210526313,1.2023183330195832,1.790317628847768,20.231833301958325
IEEE154G50,-20.0,1024,16,3300,247.68,5,5,5598.770822254659,4707.770458848288,21.753005851907425,10.28273324609631,2126.02140090698,1109.26472695647,20.0,0.0,4,5.0,1,0.0,0.8336842105263158,0.29473684210526313,1.189261641194024,1.9166041696288516,18.9261641194024
GFSK200,-20.0,128,2,3300,12.08,5,5,284.470595249274,232.8886131125849,4.410678144594007,1.5231101642915756,116.7273470954763,56.80829162094017,0.0,0.0,5,5.0,0,0.0,0.8336842105263158,0.29473684210526313,1.2214877809923363,2.0547589755797078,22.148778099233635
GFSK200,-20.0,512,8,3300,48.32,5,5,1102.656358245636,929.0316169894777,20.94155247995952,1.9908959083427835,426.8945816158686,220.46060545331414,0.0,0.0,5,5.0,0,0.0,0.8336842105263158,0.29473684210526313,1.1868878712855742,1.9363758016452965,18.688787128557415
GFSK200,-20.0,1024,16,3300,96.64,5,5,2214.847912719569,1855.2203523871408,8.506348389086286,1.534980820203696,865.7635750281621,441.9595231606419,60.0,0.0,2,5.0,3,0.0,0.8336842105263158,0.29473684210526313,1.1938462780821104,1.9589205111742267,19.384627808211043
SLR2K5,0.0,128,2,3300,492.4,5,5,12176.981482543819,11606.671177994942,5.129149544065366,28.814726657115255,4807.034064346754,4399.102832172862,0.0,0.0,5,5.0,0,0.0,0.5285081581243722,0.10701878591303489,1.049136422993539,1.0927305516003138,4.913642299353893
SLR2K5,0.0,512,8,3300,1969.6,5,5,48702.94763102721,46250.732156286234,13.579058363703805,42.334588326366465,19209.787747628943,17404.83255105901,40.0,0.0,3,5.0,2,0.0,0.11966493817311527,0.11966493817311527,1.0530200358008317,1.103704255198945,5.30200358008317
SLR2K5,0.0,1024,16,3300,3939.2,5,5,97397.80175694452,92425.85922481012,44.861187238512095,87.98465978966345,38430.65476864533,34738.25807480556,40.0,0.0,3,5.0,2,0.0,0.006816725517730303,0.006816725517730303,1.0537938470232773,1.1062919357064058,5.3793847023277275
GFSK4K8,0.0,128,2,3300,259.33,5,5,6853.047524797994,6560.842575605728,8.507065549728011,5.745983239106467,2725.8894417500005,2415.9073531548443,0.0,0.0,5,5.0,0,0.0,0.8336842105263158,0.29473684210526313,1.044537716890012,1.1283087648995984,4.453771689001207
GFSK4K8,0.0,512,8,3300,1037.3300000000002,5,5,27449.21622403091,26054.599140250608,19.009045326209844,40.7337394666788,10954.526893564707,9502.061326896848,100.0,0.0,0,5.0,5,0.0,0.2461033634126333,0.0,1.0535267142769362,1.152857944892069,5.352671427693623
GFSK4K8,0.0,1024,16,3300,2074.6600000000003,5,5,54876.89132618322,52137.84916289477,45.44152990703163,52.793864382925506,21954.39385733669,19040.58755769318,20.0,0.0,4,5.0,1,0.0,0.06923719708726274,0.06923719708726274,1.0525346213406472,1.153031322737003,5.253462134064724
OOK4K8,0.0,128,2,3300,259.33,5,5,5755.290379727145,5246.0864673189735,16.68333026544689,8.91875834480458,2058.1865537557687,1569.4254027617744,0.0,0.0,5,5.0,0,0.0,0.8336842105263158,0.29473684210526313,1.097063575978076,1.3114268127264308,9.706357597807603
OOK4K8,0.0,512,8,3300,1037.3300000000002,5,5,22948.139993314715,20933.201165754028,58.79846132063213,17.510991394365657,8132.414875585431,6225.9493853214135,20.0,0.0,4,5.0,1,0.0,0.2461033634126333,0.0,1.0962556472660787,1.3062128154717718,9.625564726607871
OOK4K8,0.0,1024,16,3300,2074.6600000000003,5,5,45963.992216011386,41697.645573827394,36.098170056264976,7.990553945919586,16326.665633637342,12277.652318762784,40.0,0.0,3,5.0,2,0.0,0.06923719708726274,0.06923719708726274,1.102316247919328,1.3297872597912574,10.231624791932802
SLR5,0.0,128,2,3300,249.2,5,5,6236.61101840218,5954.497488256148,7.233906035744179,17.311260170415185,2503.9916316116105,2298.85208227223,0.0,0.0,5,5.0,0,0.0,0.8336842105263158,0.29473684210526313,1.0473782264082627,1.0892356454429277,4.7378226408262725
SLR5,0.0,512,8,3300,996.8,5,5,24952.73511543296,23692.144100174577,22.883139820390166,45.46511171113611,10025.418276578726,9084.781499509063,0.0,0.0,5,5.0,0,0.0,0.0675219446320054,0.0675219446320054,1.0532071310189732,1.103539834955909,5.320713101897323
SLR5,0.0,1024,16,3300,1993.6,5,5,49892.02229335705,47425.70015507842,34.61448992202443,18.72886076868749,20020.730789291185,18148.795417033518,40.0,0.0,3,5.0,2,0.0,0.17029888688698572,0.012340499049781573,1.052003916235584,1.103143780578449,5.200391623558409
GFSK50,0.0,128,2,3300,30.32,5,5,744.0018443990303,704.9661217832678,1.944931097063097,3.158256962082877,291.964098050557,261.802482203669,0.0,0.0,5,5.0,0,0.0,0.8336842105263158,0.29473684210526313,1.0553724801938262,1.1152075243634392,5.5372480193826235
GFSK50,0.0,512,8,3300,121.28,5,5,2979.66280656009,2816.201674136566,5.651752552697147,5.836015447649846,1172.4601316879948,1041.378326038643,40.0,0.0,3,5.0,2,0.0,0.8336842105263158,0.29473684210526313,1.0580431202511944,1.1258733760553488,5.80431202511944
GFSK50,0.0,1024,16,3300,242.56,5,5,5980.1238400785205,5624.245546849507,17.87449052886795,8.510475495587162,2369.480198854675,2074.111181497939,20.0,0.0,4,5.0,1,0.0,0.8336842105263158,0.29473684210526313,1.063275738988381,1.142407514115718,6.32757389883809
IEEE154G50,0.0,128,2,3300,30.96,5,5,764.1965793430106,723.7120983628695,2.958889566933391,2.473886386914366,304.78814665890985,272.3151368450904,0.0,0.0,5,5.0,0,0.0,0.8336842105263158,0.29473684210526313,1.0559400361990938,1.119247905900626,5.594003619909382
IEEE154G50,0.0,512,8,3300,123.84,5,5,3049.960200919349,2889.149778065398,7.218776967181913,7.814645582502795,1212.7696923328733,1081.5531223268122,0.0,0.0,5,5.0,0,0.0,0.8336842105263158,0.29473684210526313,1.0556601198300044,1.1213223532874343,5.566011983000441
IEEE154G50,0.0,1024,16,3300,247.68,5,5,6110.972732786921,5766.598848712891,11.57570773725747,16.31052704104232,2434.0888173415046,2153.937664906368,40.0,0.0,3,5.0,2,0.0,0.8336842105263158,0.29473684210526313,1.0597187168916553,1.130064651823299,5.971871689165531
GFSK200,0.0,128,2,3300,12.08,5,5,290.82644907229053,262.3042714391966,3.7243395972806823,1.3398423461241358,115.63307333309558,86.97905358737557,20.0,0.0,4,5.0,1,0.0,0.8336842105263158,0.29473684210526313,1.1087369926406458,1.3294358648882671,10.873699264064584
GFSK200,0.0,512,8,3300,48.32,5,5,1144.6224861887865,1050.3597949559291,7.525721937666957,3.0775432524572772,440.299754979517,351.98958973223966,0.0,0.0,5,5.0,0,0.0,0.8336842105263158,0.29473684210526313,1.089743240064527,1.2508885712059137,8.974324006452704
GFSK200,0.0,1024,16,3300,96.64,5,5,2310.9455019086977,2094.2229742176055,20.160290314749098,5.678885634634403,905.5150016035586,697.1973321511732,20.0,0.0,4,5.0,1,0.0,0.8336842105263158,0.29473684210526313,1.1034858896875863,1.2987929813351837,10.348588968758632
SLR2K5,13.0,128,2,3300,492.4,5,5,15396.445594887851,14561.457618160703,13.496664351333555,37.714815458575615,8060.381745169327,7339.640818267224,20.0,0.0,4,5.0,1,0.0,0.5285081581243722,0.10701878591303489,1.0573423347183164,1.098198392094105,5.73423347183164
SLR2K5,13.0,512,8,3300,1969.6,5,5,61635.98160258595,58004.11992437581,44.23322747714908,41.90861803254327,32306.99602991914,29087.71832640209,40.0,0.0,3,5.0,2,0.0,0.11966493817311527,0.11966493817311527,1.0626138571354113,1.1106748101515753,6.261385713541134
SLR2K5,13.0,1024,16,3300,3939.2,5,5,123308.83806995754,115954.66461172831,61.55167490248045,97.78950509965853,64625.48293097018,58265.840287973624,60.0,0.0,2,5.0,3,0.0,0.006816725517730303,0.006816725517730303,1.0634228341124052,1.1091487329722631,6.3422834112405235
GFSK4K8,13.0,128,2,3300,259.33,5,5,8671.688514688856,8200.472574351272,6.655300813545784,18.342272372383796,4559.733515724208,4062.712620570578,0.0,0.0,5,5.0,0,0.0,0.8336842105263158,0.29473684210526313,1.0574620469814646,1.1223372021533304,5.746204698146462
GFSK4K8,13.0,512,8,3300,1037.3300000000002,5,5,34697.02583452173,32709.138661748282,30.116824028682863,25.499532658095728,18188.204130550635,16151.49623107521,40.0,0.0,3,5.0,2,0.0,0.2461033634126333,0.0,1.0607746719756392,1.1261002615693791,6.077467197563924
GFSK4K8,13.0,1024,16,3300,2074.6600000000003,5,5,69386.10123003628,65364.416124748954,20.785775531550918,41.63767046978718,36417.04892495601,32236.501153331054,60.0,0.0,2,5.0,3,0.0,0.06923719708726274,0.06923719708726274,1.061527132707984,1.129683669817032,6.1527132707984045
OOK4K8,13.0,128,2,3300,259.33,5,5,6573.321761022482,5973.267185373743,14.998032230404174,7.690264417882591,2859.9642602163703,2284.9077816376494,0.0,0.0,5,5.0,0,0.0,0.8336842105263158,0.29473684210526313,1.1004566775646742,1.2516760121349686,10.045667756467424
OOK4K8,13.0,512,8,3300,1037.3300000000002,5,5,26292.562711286195,23767.262702336597,17.56318534753362,27.40003006319825,11452.824114481447,9031.19643846945,20.0,0.0,4,5.0,1,0.0,0.2461033634126333,0.0,1.1062511926836796,1.2681402948668892,10.625119268367955
OOK4K8,13.0,1024,16,3300,2074.6600000000003,5,5,52615.90281859088,47468.344005328974,47.27142415473295,59.1682053468928,22960.969386286266,18004.451596713177,40.0,0.0,3,5.0,2,0.0,0.06923719708726274,0.06923719708726274,1.1084419294821835,1.275294016201967,10.844192948218346
SLR5,13.0,128,2,3300,249.2,5,5,7927.028812326546,7510.561536876399,4.054586367873116,20.160930238922155,4198.713962309784,3850.484811779399,0.0,0.0,5,5.0,0,0.0,0.8336842105263158,0.29473684210526313,1.0554508838527343,1.0904377416228426,5.545088385273433
SLR5,13.0,512,8,3300,996.8,5,5,31718.357938470283,29905.198858998763,11.38143512630682,49.96500532002566,16795.77476350368,15271.100517522016,40.0,0.0,3,5.0,2,0.0,0.0675219446320054,0.0675219446320054,1.0606302298145702,1.0998404957280097,6.0630229814570225
SLR5,13.0,1024,16,3300,1993.6,5,5,63428.878408802404,59643.67508478447,15.673136753433027,70.40682901310996,33605.98742264196,30359.67761915984,0.0,0.0,5,5.0,0,0.0,0.17029888688698572,0.012340499049781573,1.063463616529954,1.1069283358079334,6.346361652995403
GFSK50,13.0,128,2,3300,30.32,5,5,917.0086838894665,863.2732016308507,3.488457423508875,2.599638446584072,464.75895943234826,418.47976004371395,20.0,0.0,4,5.0,1,0.0,0.8336842105263158,0.29473684210526313,1.062246206828964,1.110588859503743,6.224620682896398
GFSK50,13.0,512,8,3300,121.28,5,5,3673.057682556517,3449.9831280153057,5.415996942786911,7.083433771873229,1865.1682054700104,1670.911647441515,0.0,0.0,5,5.0,0,0.0,0.8336842105263158,0.29473684210526313,1.0646596073846717,1.1162578274715718,6.465960738467169
GFSK50,13.0,1024,16,3300,242.56,5,5,7334.336281998818,6886.504151140209,17.10763612151382,17.55799919219215,3720.499713585362,3329.22510372654,40.0,0.0,3,5.0,2,0.0,0.8336842105263158,0.29473684210526313,1.065030401642096,1.1175272316134022,6.503040164209595
IEEE154G50,13.0,128,2,3300,30.96,5,5,941.3910159858751,887.6251444053129,2.885855353021891,3.854376311337286,480.8094353880133,435.3808754097862,0.0,0.0,5,5.0,0,0.0,0.8336842105263158,0.29473684210526313,1.0605727225275756,1.1043421118014638,6.057272252757562
IEEE154G50,13.0,512,8,3300,123.84,5,5,3778.0130841603664,3543.8275961853105,6.919547191952174,10.135264297958464,1936.6236317670962,1733.5645518975084,0.0,0.0,5,5.0,0,0.0,0.8336842105263158,0.29473684210526313,1.0660826413302782,1.1171338440482792,6.608264133027819
IEEE154G50,13.0,1024,16,3300,247.68,5,5,7550.78651739501,7077.695026928623,13.692483477014411,17.33200869637779,3867.490954512352,3456.750919561953,40.0,0.0,3,5.0,2,0.0,0.8336842105263158,0.29473684210526313,1.066842593339556,1.1188225719782114,6.6842593339556
GFSK200,13.0,128,2,3300,12.08,5,5,326.3858995164109,304.15042886101037,5.921398152410645,1.9106487420867533,150.73758332778164,129.00365963061614,20.0,0.0,4,5.0,1,0.0,0.8336842105263158,0.29473684210526313,1.0731068199991316,1.1684752491471757,7.31068199991316
GFSK200,13.0,512,8,3300,48.32,5,5,1322.1292806540628,1204.7227230153808,13.044069118101866,1.8337754143593006,620.4696586591773,504.902608501389,0.0,0.0,5,5.0,0,0.0,0.8336842105263158,0.29473684210526313,1.097455252894058,1.228889786291271,9.745525289405798
GFSK200,13.0,1024,16,3300,96.64,5,5,2629.7757198874956,2410.8100377294386,17.26379627068917,8.397541844703762,1223.5687290740966,1013.1935504042647,40.0,0.0,3,5.0,2,0.0,0.8336842105263158,0.29473684210526313,1.0908266013212242,1.2076357262498287,9.082660132122422
