profile_id,module,measurement_direction,payload_bytes,frame_count,max_frame_payload_bytes,tx_power_dbm,bit_rate_kbps,rf_profile,runs,events_detected,packets_attempted,packets_received,packets_lost,packet_loss_percent,status_ok_runs,event_duration_ms_mean,event_duration_ms_stdev,tx_mean_uA_mean,tx_peak_uA_mean,rx_mean_uA_mean,rx_peak_uA_mean,event_mean_uA_mean,event_peak_uA_mean,energy_total_uJ_mean,energy_total_uJ_stdev,energy_total_mJ_mean,energy_excess_uJ_mean,energy_per_byte_uJ,energy_excess_per_byte_uJ,effective_payload_rate_kbps,energy_cv_percent,sample_loss_percent_mean,sample_loss_percent_max
RADIO_EBYTE_E79_CC1352P,Ebyte E79-400DM2005S via CH340 (CC1352P),tx,128,2,64,-20.0,2.5,SLR2K5,5,5,5,5,0,0.0,5,492.4,0.0,6888.260841545345,17870.17930489214,0.0,0.0,6888.260841545345,17870.17930489214,11192.87280664386,55.756688635124135,11.19287280664386,4353.805371704907,87.44431880190515,34.014104466444586,2.079610073111292,0.49814457466208417,0.5285081581243722,0.5285081581243722
RADIO_EBYTE_E79_CC1352P,Ebyte E79-400DM2005S via CH340 (CC1352P),tx,512,8,64,-20.0,2.5,SLR2K5,5,5,5,5,0,0.0,5,1969.6,0.0,6904.562664535971,17973.078326175484,0.0,0.0,6904.562664535971,17973.078326175484,44877.44785943115,45.65244876602333,44.87744785943115,17518.241088892835,87.65126535045147,34.21531462674382,2.079610073111292,0.10172692731774699,0.11966493817311527,0.11966493817311527
RADIO_EBYTE_E79_CC1352P,Ebyte E79-400DM2005S via CH340 (CC1352P),tx,1024,16,64,-20.0,2.5,SLR2K5,5,5,5,1,4,80.0,5,3939.2,0.0,6894.769459157369,18256.477137654478,0.0,0.0,6894.769459157369,18256.477137654478,89627.59031659193,186.86558390477973,89.62759031659193,34917.91332627973,87.5269436685468,34.09952473269505,2.079610073111292,0.20849113899493849,0.006816725517730303,0.006816725517730303
RADIO_EBYTE_E79_CC1352P,Ebyte E79-400DM2005S via CH340 (CC1352P),tx,128,2,64,-20.0,4.8,GFSK4K8,5,5,5,3,2,40.0,5,259.33,0.0,6976.378604111586,18160.67052629867,0.0,0.0,6976.378604111586,18160.67052629867,5970.30806923405,143.61358502788272,5.97030806923405,2135.9739522819787,46.643031790891015,16.68729650220296,3.9486368719392284,2.4054635600455265,0.6669473684210526,0.8336842105263158
RADIO_EBYTE_E79_CC1352P,Ebyte E79-400DM2005S via CH340 (CC1352P),tx,512,8,64,-20.0,4.8,GFSK4K8,5,5,5,5,0,0.0,5,1037.3300000000002,0.0,6843.873459355798,18405.526440995494,0.0,0.0,6843.873459355798,18405.526440995494,23427.872343458715,335.1579956024872,23.427872343458716,7956.21846195686,45.757563170817804,15.539489183509492,3.948598806551434,1.430595107780099,0.24610336341263334,0.2461033634126333
RADIO_EBYTE_E79_CC1352P,Ebyte E79-400DM2005S via CH340 (CC1352P),tx,1024,16,64,-20.0,4.8,GFSK4K8,5,5,5,2,3,60.0,5,2074.6600000000003,0.0,6838.491221308051,18589.96484720872,0.0,0.0,6838.491221308051,18589.96484720872,46818.89585075657,300.4766013325711,46.81889585075657,15742.638255450776,45.72157797925446,15.373670171338649,3.948598806551434,0.6417848944801964,0.06923719708726274,0.06923719708726274
RADIO_EBYTE_E79_CC1352P,Ebyte E79-400DM2005S via CH340 (CC1352P),tx,128,2,64,-20.0,4.8,OOK4K8,5,5,5,5,0,0.0,5,259.33,0.0,6426.277874037014,17847.781160565075,0.0,0.0,6426.277874037014,17847.781160565075,5499.5379155442615,12.102995640999207,5.499537915544262,1912.4953687990237,42.96513996518954,14.941370068742373,3.9486368719392284,0.22007295570761484,0.8336842105263159,0.8336842105263158
RADIO_EBYTE_E79_CC1352P,Ebyte E79-400DM2005S via CH340 (CC1352P),tx,512,8,64,-20.0,4.8,OOK4K8,5,5,5,5,0,0.0,5,1037.3300000000002,0.0,6365.18555788421,17960.295834995202,0.0,0.0,6365.18555788421,17960.295834995202,21789.233184708086,67.47377769369305,21.789233184708085,7401.213275005763,42.55709606388298,14.45549467774563,3.948598806551434,0.3096656826870202,0.24610336341263334,0.2461033634126333
RADIO_EBYTE_E79_CC1352P,Ebyte E79-400DM2005S via CH340 (CC1352P),tx,1024,16,64,-20.0,4.8,OOK4K8,5,5,5,3,2,40.0,5,2074.6600000000003,0.0,6368.170578287305,18061.17488802109,0.0,0.0,6368.170578287305,18061.17488802109,43598.90294743348,104.63074686120869,43.59890294743348,14825.931643919621,42.57705365960301,14.478448871015255,3.948598806551434,0.2399848156440091,0.06923719708726274,0.06923719708726274
RADIO_EBYTE_E79_CC1352P,Ebyte E79-400DM2005S via CH340 (CC1352P),tx,128,2,64,-20.0,5.0,SLR5,5,5,5,5,0,0.0,5,249.2,0.0,6942.128088056871,17681.156272792614,0.0,0.0,6942.128088056871,17681.156272792614,5708.9284544944485,28.687029829011976,5.7089284544944485,2252.978277891242,44.60100355073788,17.60139279602533,4.109149277688604,0.5024941205284792,0.8336842105263159,0.8336842105263158
RADIO_EBYTE_E79_CC1352P,Ebyte E79-400DM2005S via CH340 (CC1352P),tx,512,8,64,-20.0,5.0,SLR5,5,5,5,4,1,20.0,5,996.8,0.0,6949.762225671859,17814.1852325563,0.0,0.0,6949.762225671859,17814.1852325563,22860.825855614043,53.08116821748605,22.860825855614042,9044.296765782196,44.65005049924618,17.66464212066835,4.109149277688604,0.23219269746744803,0.0675219446320054,0.0675219446320054
RADIO_EBYTE_E79_CC1352P,Ebyte E79-400DM2005S via CH340 (CC1352P),tx,1024,16,64,-20.0,5.0,SLR5,5,5,5,2,3,60.0,5,1993.6,0.0,6943.469861217297,18115.677291774333,0.0,0.0,6943.469861217297,18115.677291774333,45680.255000565245,48.809093781712875,45.680255000565246,18056.856271480778,44.6096240239895,17.633648702617947,4.109149277688604,0.10684943370195485,0.17029888688698572,0.17029888688698572
RADIO_EBYTE_E79_CC1352P,Ebyte E79-400DM2005S via CH340 (CC1352P),tx,128,2,64,-20.0,50.0,GFSK50,5,5,5,5,0,0.0,5,30.32,0.0,6946.185513250908,17795.85284934856,0.0,0.0,6946.185513250908,17795.85284934856,695.0075377138328,9.1071999905647,0.6950075377138328,271.4664733058172,5.429746388389319,2.120831822701697,33.773087071240106,1.3103742760146238,0.6669473684210526,0.8336842105263158
RADIO_EBYTE_E79_CC1352P,Ebyte E79-400DM2005S via CH340 (CC1352P),tx,512,8,64,-20.0,50.0,GFSK50,5,5,5,3,2,40.0,5,121.28,0.0,6968.89263695392,17916.259354419304,0.0,0.0,6968.89263695392,17916.259354419304,2789.1180867322455,20.669253371035058,2.7891180867322456,1092.7310606617393,5.447496263148917,2.1342403528549596,33.773087071240106,0.7410677041376663,0.8336842105263159,0.8336842105263158
RADIO_EBYTE_E79_CC1352P,Ebyte E79-400DM2005S via CH340 (CC1352P),tx,1024,16,64,-20.0,50.0,GFSK50,5,5,5,3,2,40.0,5,242.56,0.0,6981.2793304778725,18151.338419023035,0.0,0.0,6981.2793304778725,18151.338419023035,5588.151077522351,19.11282687805525,5.588151077522351,2202.032674823279,5.457178786642921,2.1504225340071086,33.773087071240106,0.3420241617112723,0.8336842105263159,0.8336842105263158
RADIO_EBYTE_E79_CC1352P,Ebyte E79-400DM2005S via CH340 (CC1352P),tx,128,2,64,-20.0,50.0,IEEE154G50,5,5,5,5,0,0.0,5,30.96,0.0,6859.588604654727,17579.661093525363,0.0,0.0,6859.588604654727,17579.661093525363,700.8304485603642,6.986205273331101,0.7008304485603641,266.45414566250554,5.475237879377845,2.0816730129883245,33.07493540051679,0.9968467105962738,0.8336842105263159,0.8336842105263158
RADIO_EBYTE_E79_CC1352P,Ebyte E79-400DM2005S via CH340 (CC1352P),tx,512,8,64,-20.0,50.0,IEEE154G50,5,5,5,4,1,20.0,5,123.84,0.0,6856.9805584749965,17817.124654775456,0.0,0.0,6856.9805584749965,17817.124654775456,2802.255958793093,15.092566281142927,2.802255958793093,1066.1513595049205,5.47315616951776,2.082326874033048,33.07493540051679,0.5385862855883857,0.8336842105263159,0.8336842105263158
RADIO_EBYTE_E79_CC1352P,Ebyte E79-400DM2005S via CH340 (CC1352P),tx,1024,16,64,-20.0,50.0,IEEE154G50,5,5,5,4,1,20.0,5,247.68,0.0,6849.9564715158585,17860.030195297357,0.0,0.0,6849.9564715158585,17860.030195297357,5598.770822254659,21.753005851907425,5.598770822254659,2126.02140090698,5.467549631108065,2.0761927743232227,33.07493540051679,0.3885318142589619,0.8336842105263159,0.8336842105263158
RADIO_EBYTE_E79_CC1352P,Ebyte E79-400DM2005S via CH340 (CC1352P),tx,128,2,64,-20.0,200.0,GFSK200,5,5,5,5,0,0.0,5,12.08,0.0,7136.027374304487,17748.220924940066,0.0,0.0,7136.027374304487,17748.220924940066,284.470595249274,4.410678144594007,0.28447059524927404,116.7273470954763,2.2224265253849533,0.9119323991834086,84.76821192052981,1.5504864890267644,0.6669473684210526,0.8336842105263158
RADIO_EBYTE_E79_CC1352P,Ebyte E79-400DM2005S via CH340 (CC1352P),tx,512,8,64,-20.0,200.0,GFSK200,5,5,5,5,0,0.0,5,48.32,0.0,6915.113625361455,17785.248627749497,0.0,0.0,6915.113625361455,17785.248627749497,1102.656358245636,20.94155247995952,1.1026563582456361,426.8945816158686,2.153625699698508,0.8337784797184934,84.76821192052981,1.899191196183573,0.8336842105263159,0.8336842105263158
RADIO_EBYTE_E79_CC1352P,Ebyte E79-400DM2005S via CH340 (CC1352P),tx,1024,16,64,-20.0,200.0,GFSK200,5,5,5,2,3,60.0,5,96.64,0.0,6945.012770668929,18053.59613704863,0.0,0.0,6945.012770668929,18053.59613704863,2214.847912719569,8.506348389086286,2.214847912719569,865.7635750281621,2.1629374147652043,0.8454722412384396,84.76821192052981,0.3840601578210173,0.8336842105263159,0.8336842105263158
RADIO_EBYTE_E79_CC1352P,Ebyte E79-400DM2005S via CH340 (CC1352P),tx,128,2,64,0.0,2.5,SLR2K5,5,5,5,5,0,0.0,5,492.4,0.0,7493.8959964452515,17313.477594272546,0.0,0.0,7493.8959964452515,17313.477594272546,12176.981482543819,5.129149544065366,12.17698148254382,4807.034064346754,95.13266783237358,37.55495362770902,2.079610073111292,0.0421216830412217,0.5285081581243722,0.5285081581243722
RADIO_EBYTE_E79_CC1352P,Ebyte E79-400DM2005S via CH340 (CC1352P),tx,512,8,64,0.0,2.5,SLR2K5,5,5,5,3,2,40.0,5,1969.6,0.0,7493.130066561309,17959.74542445405,0.0,0.0,7493.130066561309,17959.74542445405,48702.94763102721,13.579058363703805,48.70294763102721,19209.787747628943,95.12294459185001,37.51911669458778,2.079610073111292,0.02788138916473505,0.11966493817311527,0.11966493817311527
RADIO_EBYTE_E79_CC1352P,Ebyte E79-400DM2005S via CH340 (CC1352P),tx,1024,16,64,0.0,2.5,SLR2K5,5,5,5,3,2,40.0,5,3939.2,0.0,7492.507458593694,17910.83237928357,0.0,0.0,7492.507458593694,17910.83237928357,97397.80175694452,44.861187238512095,97.39780175694452,38430.65476864533,95.11504077826613,37.5299362975052,2.079610073111292,0.04605975333043229,0.006816725517730303,0.006816725517730303
RADIO_EBYTE_E79_CC1352P,Ebyte E79-400DM2005S via CH340 (CC1352P),tx,128,2,64,0.0,4.8,GFSK4K8,5,5,5,5,0,0.0,5,259.33,0.0,8007.870543788241,17637.273783918663,0.0,0.0,8007.870543788241,17637.273783918663,6853.047524797994,8.507065549728011,6.853047524797994,2725.8894417500005,53.53943378748433,21.29601126367188,3.9486368719392284,0.12413551079202202,0.8336842105263159,0.8336842105263158
RADIO_EBYTE_E79_CC1352P,Ebyte E79-400DM2005S via CH340 (CC1352P),tx,512,8,64,0.0,4.8,GFSK4K8,5,5,5,0,5,100.0,5,1037.3300000000002,0.0,8018.609613442587,18484.85812473759,0.0,0.0,8018.609613442587,18484.85812473759,27449.21622403091,19.009045326209844,27.449216224030913,10954.526893564707,53.611750437560374,21.39556033899357,3.948598806551434,0.06925168708302873,0.24610336341263334,0.2461033634126333
RADIO_EBYTE_E79_CC1352P,Ebyte E79-400DM2005S via CH340 (CC1352P),tx,1024,16,64,0.0,4.8,GFSK4K8,5,5,5,4,1,20.0,5,2074.6600000000003,0.0,8015.463260454393,18479.955068803367,0.0,0.0,8015.463260454393,18479.955068803367,54876.89132618322,45.44152990703163,54.87689132618322,21954.39385733669,53.5907141857258,21.43983775130536,3.948598806551434,0.08280631210855464,0.06923719708726274,0.06923719708726274
RADIO_EBYTE_E79_CC1352P,Ebyte E79-400DM2005S via CH340 (CC1352P),tx,128,2,64,0.0,4.8,OOK4K8,5,5,5,5,0,0.0,5,259.33,0.0,6725.127782347221,19207.557627914157,0.0,0.0,6725.127782347221,19207.557627914157,5755.290379727145,16.68333026544689,5.755290379727144,2058.1865537557687,44.96320609161832,16.079582451216943,3.9486368719392284,0.2898781671245203,0.8336842105263159,0.8336842105263158
RADIO_EBYTE_E79_CC1352P,Ebyte E79-400DM2005S via CH340 (CC1352P),tx,512,8,64,0.0,4.8,OOK4K8,5,5,5,4,1,20.0,5,1037.3300000000002,0.0,6703.731518567836,19416.316707190716,0.0,0.0,6703.731518567836,19416.316707190716,22948.139993314715,58.79846132063213,22.948139993314715,8132.414875585431,44.8205859244428,15.883622803877795,3.948598806551434,0.25622321171895146,0.24610336341263334,0.2461033634126333
RADIO_EBYTE_E79_CC1352P,Ebyte E79-400DM2005S via CH340 (CC1352P),tx,1024,16,64,0.0,4.8,OOK4K8,5,5,5,3,2,40.0,5,2074.6600000000003,0.0,6713.621745105425,19325.415470252407,0.0,0.0,6713.621745105425,19325.415470252407,45963.992216011386,36.098170056264976,45.963992216011384,16326.665633637342,44.88671114844862,15.944009407848966,3.948598806551434,0.078535758788355,0.06923719708726274,0.06923719708726274
RADIO_EBYTE_E79_CC1352P,Ebyte E79-400DM2005S via CH340 (CC1352P),tx,128,2,64,0.0,5.0,SLR5,5,5,5,5,0,0.0,5,249.2,0.0,7583.796656454813,17100.128970909165,0.0,0.0,7583.796656454813,17100.128970909165,6236.61101840218,7.233906035744179,6.23661101840218,2503.9916316116105,48.72352358126703,19.562434621965707,4.109149277688604,0.11599097674040133,0.8336842105263159,0.8336842105263158
RADIO_EBYTE_E79_CC1352P,Ebyte E79-400DM2005S via CH340 (CC1352P),tx,512,8,64,0.0,5.0,SLR5,5,5,5,5,0,0.0,5,996.8,0.0,7585.709152753344,17866.189474992534,0.0,0.0,7585.709152753344,17866.189474992534,24952.73511543296,22.883139820390166,24.952735115432958,10025.418276578726,48.73581077233,19.580895071442825,4.109149277688604,0.09170593810470591,0.0675219446320054,0.0675219446320054
RADIO_EBYTE_E79_CC1352P,Ebyte E79-400DM2005S via CH340 (CC1352P),tx,1024,16,64,0.0,5.0,SLR5,5,5,5,3,2,40.0,5,1993.6,0.0,7583.665045320336,17695.94957625899,0.0,0.0,7583.665045320336,17695.94957625899,49892.02229335705,34.61448992202443,49.892022293357044,20020.730789291185,48.72267802085649,19.551494911417173,4.109149277688604,0.06937880713372734,0.17029888688698572,0.17029888688698572
RADIO_EBYTE_E79_CC1352P,Ebyte E79-400DM2005S via CH340 (CC1352P),tx,128,2,64,0.0,50.0,GFSK50,5,5,5,5,0,0.0,5,30.32,0.0,7435.854365545599,17273.611508406837,0.0,0.0,7435.854365545599,17273.611508406837,744.0018443990303,1.944931097063097,0.7440018443990304,291.964098050557,5.812514409367425,2.2809695160199768,33.773087071240106,0.26141482197992677,0.8336842105263159,0.8336842105263158
RADIO_EBYTE_E79_CC1352P,Ebyte E79-400DM2005S via CH340 (CC1352P),tx,512,8,64,0.0,50.0,GFSK50,5,5,5,3,2,40.0,5,121.28,0.0,7444.987823219222,17333.872457327067,0.0,0.0,7444.987823219222,17333.872457327067,2979.66280656009,5.651752552697147,2.9796628065600896,1172.4601316879948,5.8196539190626755,2.289961194703115,33.773087071240106,0.18967758835845877,0.8336842105263159,0.8336842105263158
RADIO_EBYTE_E79_CC1352P,Ebyte E79-400DM2005S via CH340 (CC1352P),tx,1024,16,64,0.0,50.0,GFSK50,5,5,5,4,1,20.0,5,242.56,0.0,7470.971056306618,18130.3211489073,0.0,0.0,7470.971056306618,18130.3211489073,5980.1238400785205,17.87449052886795,5.98012384007852,2369.480198854675,5.83996468757668,2.3139455066940187,33.773087071240106,0.2988983339955925,0.8336842105263159,0.8336842105263158
RADIO_EBYTE_E79_CC1352P,Ebyte E79-400DM2005S via CH340 (CC1352P),tx,128,2,64,0.0,50.0,IEEE154G50,5,5,5,5,0,0.0,5,30.96,0.0,7479.803650291782,17387.74491109091,0.0,0.0,7479.803650291782,17387.74491109091,764.1965793430106,2.958889566933391,0.7641965793430107,304.78814665890985,5.9702857761172705,2.381157395772733,33.07493540051679,0.3871895853652192,0.8336842105263159,0.8336842105263158
RADIO_EBYTE_E79_CC1352P,Ebyte E79-400DM2005S via CH340 (CC1352P),tx,512,8,64,0.0,50.0,IEEE154G50,5,5,5,5,0,0.0,5,123.84,0.0,7463.100483809385,17520.062632060934,0.0,0.0,7463.100483809385,17520.062632060934,3049.960200919349,7.218776967181913,3.049960200919349,1212.7696923328733,5.956953517420604,2.368690805337643,33.07493540051679,0.2366843005035265,0.8336842105263159,0.8336842105263158
RADIO_EBYTE_E79_CC1352P,Ebyte E79-400DM2005S via CH340 (CC1352P),tx,1024,16,64,0.0,50.0,IEEE154G50,5,5,5,3,2,40.0,5,247.68,0.0,7476.622735086967,17892.40211815653,0.0,0.0,7476.622735086967,17892.40211815653,6110.972732786921,11.57570773725747,6.110972732786921,2434.0888173415046,5.967746809362228,2.377039860685063,33.07493540051679,0.1894249613510932,0.8336842105263159,0.8336842105263158
RADIO_EBYTE_E79_CC1352P,Ebyte E79-400DM2005S via CH340 (CC1352P),tx,128,2,64,0.0,200.0,GFSK200,5,5,5,4,1,20.0,5,12.08,0.0,7295.46581056318,17675.856448029474,0.0,0.0,7295.46581056318,17675.856448029474,290.82644907229053,3.7243395972806823,0.29082644907229055,115.63307333309558,2.2720816333772698,0.9033833854148092,84.76821192052981,1.280605532667672,0.8336842105263159,0.8336842105263158
RADIO_EBYTE_E79_CC1352P,Ebyte E79-400DM2005S via CH340 (CC1352P),tx,512,8,64,0.0,200.0,GFSK200,5,5,5,5,0,0.0,5,48.32,0.0,7178.296747621831,17745.83372566144,0.0,0.0,7178.296747621831,17745.83372566144,1144.6224861887865,7.525721937666957,1.1446224861887866,440.299754979517,2.2355907933374737,0.8599604589443691,84.76821192052981,0.6574850685246554,0.8336842105263159,0.8336842105263158
RADIO_EBYTE_E79_CC1352P,Ebyte E79-400DM2005S via CH340 (CC1352P),tx,1024,16,64,0.0,200.0,GFSK200,5,5,5,4,1,20.0,5,96.64,0.0,7246.342257138955,18154.17976082165,0.0,0.0,7246.342257138955,18154.17976082165,2310.9455019086977,20.160290314749098,2.3109455019086975,905.5150016035586,2.2567827167077126,0.8842919937534752,84.76821192052981,0.8723827670578101,0.8336842105263159,0.8336842105263158
RADIO_EBYTE_E79_CC1352P,Ebyte E79-400DM2005S via CH340 (CC1352P),tx,128,2,64,13.0,2.5,SLR2K5,5,5,5,4,1,20.0,5,492.4,0.0,9475.202222194233,17682.989330602526,0.0,0.0,9475.202222194233,17682.989330602526,15396.445594887851,13.496664351333555,15.396445594887851,8060.381745169327,120.28473121006134,62.971732384135365,2.079610073111292,0.08766091022862388,0.5285081581243722,0.5285081581243722
RADIO_EBYTE_E79_CC1352P,Ebyte E79-400DM2005S via CH340 (CC1352P),tx,512,8,64,13.0,2.5,SLR2K5,5,5,5,3,2,40.0,5,1969.6,0.0,9482.925559810014,17698.99567687661,0.0,0.0,9482.925559810014,17698.99567687661,61635.98160258595,44.23322747714908,61.63598160258595,32306.99602991914,120.38277656755068,63.09960162093582,2.079610073111292,0.07176526815514084,0.11966493817311527,0.11966493817311527
RADIO_EBYTE_E79_CC1352P,Ebyte E79-400DM2005S via CH340 (CC1352P),tx,1024,16,64,13.0,2.5,SLR2K5,5,5,5,2,3,60.0,5,3939.2,0.0,9485.762227521782,18303.607116350227,0.0,0.0,9485.762227521782,18303.607116350227,123308.83806995754,61.55167490248045,123.30883806995753,64625.48293097018,120.4187871776929,63.11082317477557,2.079610073111292,0.049916677397900684,0.006816725517730303,0.006816725517730303
RADIO_EBYTE_E79_CC1352P,Ebyte E79-400DM2005S via CH340 (CC1352P),tx,128,2,64,13.0,4.8,GFSK4K8,5,5,5,5,0,0.0,5,259.33,0.0,10132.974967765253,17693.41539272209,0.0,0.0,10132.974967765253,17693.41539272209,8671.688514688856,6.655300813545784,8.671688514688856,4559.733515724208,67.74756652100669,35.62291809159537,3.9486368719392284,0.07674746160764953,0.8336842105263159,0.8336842105263158
RADIO_EBYTE_E79_CC1352P,Ebyte E79-400DM2005S via CH340 (CC1352P),tx,512,8,64,13.0,4.8,GFSK4K8,5,5,5,3,2,40.0,5,1037.3300000000002,0.0,10135.877929767168,18373.197731066903,0.0,0.0,10135.877929767168,18373.197731066903,34697.02583452173,30.116824028682863,34.69702583452173,18188.204130550635,67.76762858305025,35.52383619248171,3.948598806551434,0.08679943973387538,0.24610336341263334,0.2461033634126333
RADIO_EBYTE_E79_CC1352P,Ebyte E79-400DM2005S via CH340 (CC1352P),tx,1024,16,64,13.0,4.8,GFSK4K8,5,5,5,2,3,60.0,5,2074.6600000000003,0.0,10134.71666770901,18539.501516534725,0.0,0.0,10134.71666770901,18539.501516534725,69386.10123003628,20.785775531550918,69.38610123003627,36417.04892495601,67.7598644824573,35.563524340777356,3.948598806551434,0.02995668464299453,0.06923719708726274,0.06923719708726274
RADIO_EBYTE_E79_CC1352P,Ebyte E79-400DM2005S via CH340 (CC1352P),tx,128,2,64,13.0,4.8,OOK4K8,5,5,5,5,0,0.0,5,259.33,0.0,7681.007539267836,20049.91580480714,0.0,0.0,7681.007539267836,20049.91580480714,6573.321761022482,14.998032230404174,6.573321761022482,2859.9642602163703,51.35407625798814,22.343470782940393,3.9486368719392284,0.2281651922067364,0.6669473684210526,0.8336842105263158
RADIO_EBYTE_E79_CC1352P,Ebyte E79-400DM2005S via CH340 (CC1352P),tx,512,8,64,13.0,4.8,OOK4K8,5,5,5,4,1,20.0,5,1037.3300000000002,0.0,7680.721897413843,20320.79073840091,0.0,0.0,7680.721897413843,20320.79073840091,26292.562711286195,17.56318534753362,26.292562711286195,11452.824114481447,51.35266154548085,22.368797098596577,3.948598806551434,0.06679906230667483,0.24610336341263334,0.2461033634126333
RADIO_EBYTE_E79_CC1352P,Ebyte E79-400DM2005S via CH340 (CC1352P),tx,1024,16,64,13.0,4.8,OOK4K8,5,5,5,3,2,40.0,5,2074.6600000000003,0.0,7685.217324925805,20482.632092060496,0.0,0.0,7685.217324925805,20482.632092060496,52615.90281859088,47.27142415473295,52.61590281859088,22960.969386286266,51.38271759628016,22.42282166629518,3.948598806551434,0.08984246515300777,0.06923719708726274,0.06923719708726274
RADIO_EBYTE_E79_CC1352P,Ebyte E79-400DM2005S via CH340 (CC1352P),tx,128,2,64,13.0,5.0,SLR5,5,5,5,5,0,0.0,5,249.2,0.0,9639.365742894288,17066.213751068623,0.0,0.0,9639.365742894288,17066.213751068623,7927.028812326546,4.054586367873116,7.927028812326546,4198.713962309784,61.92991259630114,32.802452830545185,4.109149277688604,0.05114887890363443,0.6669473684210526,0.8336842105263158
RADIO_EBYTE_E79_CC1352P,Ebyte E79-400DM2005S via CH340 (CC1352P),tx,512,8,64,13.0,5.0,SLR5,5,5,5,3,2,40.0,5,996.8,0.0,9642.479552285582,17862.654335196137,0.0,0.0,9642.479552285582,17862.654335196137,31718.357938470283,11.38143512630682,31.718357938470284,16795.77476350368,61.94991784857477,32.804247584968124,4.109149277688604,0.03588280057998402,0.0675219446320054,0.0675219446320054
RADIO_EBYTE_E79_CC1352P,Ebyte E79-400DM2005S via CH340 (CC1352P),tx,1024,16,64,13.0,5.0,SLR5,5,5,5,5,0,0.0,5,1993.6,0.0,9641.288244929596,18250.69310507251,0.0,0.0,9641.288244929596,18250.69310507251,63428.878408802404,15.673136753433027,63.428878408802404,33605.98742264196,61.9422640710961,32.81834709242379,4.109149277688604,0.024709780697080675,0.17029888688698572,0.17029888688698572
RADIO_EBYTE_E79_CC1352P,Ebyte E79-400DM2005S via CH340 (CC1352P),tx,128,2,64,13.0,50.0,GFSK50,5,5,5,4,1,20.0,5,30.32,0.0,9164.954464394605,17361.471182633224,0.0,0.0,9164.954464394605,17361.471182633224,917.0086838894665,3.488457423508875,0.9170086838894665,464.75895943234826,7.164130342886457,3.630929370565221,33.773087071240106,0.3804170543633983,0.6669473684210526,0.8336842105263158
RADIO_EBYTE_E79_CC1352P,Ebyte E79-400DM2005S via CH340 (CC1352P),tx,512,8,64,13.0,50.0,GFSK50,5,5,5,5,0,0.0,5,121.28,0.0,9177.50480370122,17714.04792576075,0.0,0.0,9177.50480370122,17714.04792576075,3673.057682556517,5.415996942786911,3.673057682556517,1865.1682054700104,7.173940786243198,3.642906651308614,33.773087071240106,0.14745199805893805,0.6669473684210526,0.8336842105263158
RADIO_EBYTE_E79_CC1352P,Ebyte E79-400DM2005S via CH340 (CC1352P),tx,1024,16,64,13.0,50.0,GFSK50,5,5,5,3,2,40.0,5,242.56,0.0,9162.789190551814,17883.816325809406,0.0,0.0,9162.789190551814,17883.816325809406,7334.336281998818,17.10763612151382,7.334336281998818,3720.499713585362,7.162437775389471,3.633300501548205,33.773087071240106,0.23325404595235574,0.6669473684210526,0.8336842105263158
RADIO_EBYTE_E79_CC1352P,Ebyte E79-400DM2005S via CH340 (CC1352P),tx,128,2,64,13.0,50.0,IEEE154G50,5,5,5,5,0,0.0,5,30.96,0.0,9214.147443288262,16987.995038279834,0.0,0.0,9214.147443288262,16987.995038279834,941.3910159858751,2.885855353021891,0.9413910159858752,480.8094353880133,7.354617312389649,3.756323713968854,33.07493540051679,0.30655225129800806,0.6669473684210526,0.8336842105263158
RADIO_EBYTE_E79_CC1352P,Ebyte E79-400DM2005S via CH340 (CC1352P),tx,512,8,64,13.0,50.0,IEEE154G50,5,5,5,5,0,0.0,5,123.84,0.0,9244.609574818842,17634.074664522523,0.0,0.0,9244.609574818842,17634.074664522523,3778.0130841603664,6.919547191952174,3.7780130841603663,1936.6236317670962,7.3789318050007155,3.7824680307951097,33.07493540051679,0.1831530764401783,0.6669473684210526,0.8336842105263158
RADIO_EBYTE_E79_CC1352P,Ebyte E79-400DM2005S via CH340 (CC1352P),tx,1024,16,64,13.0,50.0,IEEE154G50,5,5,5,3,2,40.0,5,247.68,0.0,9238.198992584532,17916.137098671294,0.0,0.0,9238.198992584532,17916.137098671294,7550.78651739501,13.692483477014411,7.55078651739501,3867.490954512352,7.373814958393565,3.7768466352659686,33.07493540051679,0.18133850620025554,0.8336842105263159,0.8336842105263158
RADIO_EBYTE_E79_CC1352P,Ebyte E79-400DM2005S via CH340 (CC1352P),tx,128,2,64,13.0,200.0,GFSK200,5,5,5,4,1,20.0,5,12.08,0.0,8187.484936695037,17443.892449309897,0.0,0.0,8187.484936695037,17443.892449309897,326.3858995164109,5.921398152410645,0.3263858995164109,150.73758332778164,2.5498898399719603,1.177637369748294,84.76821192052981,1.8142322205659231,0.6669473684210526,0.8336842105263158
RADIO_EBYTE_E79_CC1352P,Ebyte E79-400DM2005S via CH340 (CC1352P),tx,512,8,64,13.0,200.0,GFSK200,5,5,5,5,0,0.0,5,48.32,0.0,8291.499101031399,17669.7189205912,0.0,0.0,8291.499101031399,17669.7189205912,1322.1292806540628,13.044069118101866,1.3221292806540628,620.4696586591773,2.5822837512774663,1.2118548020687057,84.76821192052981,0.986595585542808,0.8336842105263159,0.8336842105263158
RADIO_EBYTE_E79_CC1352P,Ebyte E79-400DM2005S via CH340 (CC1352P),tx,1024,16,64,13.0,200.0,GFSK200,5,5,5,3,2,40.0,5,96.64,0.0,8246.085816424267,18097.65956839546,0.0,0.0,8246.085816424267,18097.65956839546,2629.7757198874956,17.26379627068917,2.629775719887496,1223.5687290740966,2.5681403514526324,1.1948913369864225,84.76821192052981,0.6564740916927978,0.8336842105263159,0.8336842105263158
