run_id,paired_transfer_id,role,raw,raw_sha256,sample_count,sample_rate_hz,trigger_index,baseline_start_index,baseline_end_index_exclusive,observation_start_index,observation_end_index_exclusive,voltage_v,baseline_mean_uA,baseline_power_mW,observation_mean_uA,charge_total_uC,charge_signed_delta_uC,energy_total_uJ,energy_signed_delta_uJ,baseline_equivalent_energy_uJ
run_00001,20260930_213239_188258_e79_paired_pilot:run_00001,tx,tx/raw/run_00001.csv.gz,6712ef4567c6e0046a17a74bc493aab642bea3472c3b90b8e32fdb841816e7d2,97280,100000,21504,3504,19504,21504,41504,3.3,4824.926775636134,15.922258359599242,4894.367559917119,978.8735119834238,13.888156856196938,3230.2825895452984,45.83091762544989,3184.4516719198486
run_00001,20260930_213239_188258_e79_paired_pilot:run_00001,rx,rx/raw/run_00001.csv.gz,1d89f53cd10987307e0f4005a10410abeb1655c563863423499e47ed9ef79555,96256,100000,20480,2480,18480,20480,40480,3.3,7421.367546735459,24.490512904227014,7426.554716083692,1485.3109432167385,1.037433869646654,4901.526112615236,3.4235317698339585,4898.102580845402
run_00002,20260930_213239_188258_e79_paired_pilot:run_00002,tx,tx/raw/run_00002.csv.gz,fb7ba7f15d980fb0f47d8f99d3c4d5cf7cf67e8ee02b8728fc6d4fc4c62c5929,96256,100000,20480,2480,18480,20480,40480,3.3,4844.311932281393,15.986229376528597,4901.954265106667,980.3908530213333,11.528466565054774,3235.2898149703997,38.04393966468076,3197.2458753057194
run_00002,20260930_213239_188258_e79_paired_pilot:run_00002,rx,rx/raw/run_00002.csv.gz,ea7d4dc05d73e7cd7eb9c6fa2a6f65d6cae904603cbaa260d7c6c20ba60646b5,96256,100000,20480,2480,18480,20480,40480,3.3,7429.804021961433,24.518353272472726,7418.621647746551,1483.7243295493101,-2.236474842976421,4896.290287512723,-7.380366981822188,4903.6706544945455
run_00003,20260930_213239_188258_e79_paired_pilot:run_00003,tx,tx/raw/run_00003.csv.gz,608899628d7fc7bff4afda3bd724f6d7329d873bd1a7fd3038b56dfa6d446836,97280,100000,22528,4528,20528,22528,42528,3.3,4818.975922182761,15.90262054320311,4893.9902021075,978.7980404215001,15.00285598494797,3230.03353339095,49.5094247503283,3180.524108640622
run_00003,20260930_213239_188258_e79_paired_pilot:run_00003,rx,rx/raw/run_00003.csv.gz,9f4b7e4f88be8232b42e24c0d140ae0564f8e118efaedf42b171229d1cb307f1,97280,100000,21504,3504,19504,21504,41504,3.3,7419.953395149604,24.48584620399369,7426.534984872394,1485.3069969744786,1.3163179445578896,4901.513090015779,4.343849217041035,4897.169240798738
run_00004,20260930_213239_188258_e79_paired_pilot:run_00004,tx,tx/raw/run_00004.csv.gz,3fc842b333d1324af6ea92f15405c88ee5778b411fd7fb95fde0132c59d89cb8,97280,100000,21504,3504,19504,21504,41504,3.3,4838.2102491636,15.966093822239879,4889.722641263812,977.9445282527624,10.302478420042462,3227.2169432341157,33.99817878614012,3193.218764447976
run_00004,20260930_213239_188258_e79_paired_pilot:run_00004,rx,rx/raw/run_00004.csv.gz,003592960a9ae31179e180e9ce8024abf87ee913b61a69d3c2edf8941482f0d1,97280,100000,21504,3504,19504,21504,41504,3.3,7424.486497905906,24.500805443089487,7415.930801654788,1483.1861603309578,-1.7111392502232228,4894.514329092161,-5.646759525736635,4900.161088617898
run_00005,20260930_213239_188258_e79_paired_pilot:run_00005,tx,tx/raw/run_00005.csv.gz,8e167667196fcf8f9d1ce7c1e27398356eed1aacc0d65666884386b9908fb883,98304,100000,22528,4528,20528,22528,42528,3.3,4825.80965453212,15.925171859955993,4894.32938160969,978.865876321938,13.703945415514138,3230.2573918623953,45.223019871196655,3185.034371991199
run_00005,20260930_213239_188258_e79_paired_pilot:run_00005,rx,rx/raw/run_00005.csv.gz,9ad08c329c669d72babb0f481e4a844a2a0bb0be2d7f211de566b87eae257e36,97280,100000,21504,3504,19504,21504,41504,3.3,7423.809597532509,24.498571671857277,7415.725616622569,1483.1451233245136,-1.6167961819880552,4894.378906970895,-5.335427400560582,4899.714334371455
