step_id,rf_profile,tx_power_dbm,payload_bytes,expected_frames,runs,reanalyzed_runs,quality,original_energy_total_uJ_mean,original_energy_excess_uJ_mean,recalculated_energy_total_uJ_mean,recalculated_energy_total_uJ_stdev,recalculated_energy_excess_uJ_mean,recalculated_energy_excess_uJ_stdev,change_total_percent,change_excess_percent
tx_p-20_rf_profile-GFSK4K8_s8,GFSK4K8,-20,8,1,5,5,model_window_reanalysis,714.5845701884273,136.71813501570796,714.5845701884239,2.688679234928254,136.7181350157082,1.892145293110923,-4.773959005888173e-13,1.7763568394002505e-13
tx_p-20_rf_profile-GFSK4K8_s32,GFSK4K8,-20,32,1,5,5,model_window_reanalysis,1507.105290917516,290.45230563376634,1507.105290917479,3.290966200889287,290.45230563376856,2.6621533172279723,-2.4646951146678475e-12,7.549516567451064e-13
tx_p-20_rf_profile-GFSK4K8_s64,GFSK4K8,-20,64,1,5,5,model_window_reanalysis,2563.7301370339455,500.11075444774076,2563.730137033861,5.833145132196051,500.1107544477365,6.73382627962307,-3.297362383136715e-12,-8.548717289613705e-13
tx_p-20_rf_profile-GFSK4K8_s128,GFSK4K8,-20,128,2,5,5,model_window_reanalysis,5061.205344313063,942.891096789768,5118.446341116978,14.608108317127725,991.9098921764231,7.591053444720524,1.1309755860475779,5.198775930067412
tx_p-20_rf_profile-GFSK4K8_s512,GFSK4K8,-20,512,8,5,5,model_window_reanalysis,20046.26752246134,3588.888305438075,20406.83473431161,33.19047206600794,3894.6765459895214,28.920962317508142,1.7986750473436786,8.520416756578907
tx_p-20_rf_profile-GFSK4K8_s1024,GFSK4K8,-20,1024,16,5,5,model_window_reanalysis,39899.08079018067,7006.790451980417,40693.455849593025,73.59841551623383,7680.476473097032,44.225653023150834,1.9909608033071624,9.614759078833334
tx_p-20_rf_profile-GFSK50_s8,GFSK50,-20,8,1,5,4,review_required,111.01692993340342,23.29044196179804,,,,,,
tx_p-20_rf_profile-GFSK50_s32,GFSK50,-20,32,1,5,4,review_required,186.00326468424342,44.45513176109638,,,,,,
tx_p-20_rf_profile-GFSK50_s64,GFSK50,-20,64,1,5,5,model_window_reanalysis,281.91782898476123,68.97111785763954,281.9178289847611,1.6407549643313901,68.9711178576396,1.913812981863613,-4.440892098500626e-14,8.881784197001252e-14
tx_p-20_rf_profile-GFSK50_s128,GFSK50,-20,128,2,5,4,review_required,520.5383327783114,91.60121749129969,,,,,,
tx_p-20_rf_profile-GFSK50_s512,GFSK50,-20,512,8,5,5,model_window_reanalysis,2045.3299213016676,326.6015144273999,2268.2196580856626,5.566293629593956,562.9928826052371,7.847515027076076,10.897495531779345,72.379140247491
tx_p-20_rf_profile-GFSK50_s1024,GFSK50,-20,1024,16,5,3,review_required,4070.631231724941,634.5266296953444,,,,,,
tx_p-20_rf_profile-GFSK200_s8,GFSK200,-20,8,1,5,4,review_required,66.19251893691963,11.956267491247646,,,,,,
tx_p-20_rf_profile-GFSK200_s32,GFSK200,-20,32,1,5,3,review_required,88.16109441287833,18.575380107634107,,,,,,
tx_p-20_rf_profile-GFSK200_s64,GFSK200,-20,64,1,5,4,review_required,114.37442895467127,28.83102669486781,,,,,,
tx_p-20_rf_profile-GFSK200_s128,GFSK200,-20,128,2,5,4,review_required,212.97380087276193,36.405149962482994,,,,,,
tx_p-20_rf_profile-GFSK200_s512,GFSK200,-20,512,8,5,5,model_window_reanalysis,807.8412271444413,97.88529182557319,929.0316169894777,1.9908959083427835,220.46060545331414,3.0871210469566837,15.00175848581291,125.22342360297007
tx_p-20_rf_profile-GFSK200_s1024,GFSK200,-20,1024,16,5,4,review_required,1587.5728642330953,172.03242503712744,,,,,,
tx_p-20_rf_profile-SLR2K5_s8,SLR2K5,-20,8,1,5,5,model_window_reanalysis,1214.1113523793747,240.68210523293072,1214.1113523793715,3.276356517410692,240.6821052329296,3.62334332983247,-2.6645352591003757e-13,-4.773959005888173e-13
tx_p-20_rf_profile-SLR2K5_s32,SLR2K5,-20,32,1,5,5,model_window_reanalysis,2656.1241300967495,570.815193647895,2656.124130096722,4.3527901659365,570.8151936479031,5.737138549569483,-1.0325074129013956e-12,1.4432899320127035e-12
tx_p-20_rf_profile-SLR2K5_s64,SLR2K5,-20,64,1,5,5,model_window_reanalysis,4518.49775820531,1060.8828985466866,4518.497758205284,25.823787995565574,1060.8828985466694,27.174886400413797,-5.662137425588298e-13,-1.6320278461989801e-12
tx_p-20_rf_profile-SLR2K5_s128,SLR2K5,-20,128,2,5,5,model_window_reanalysis,9181.38284536242,2046.6138579256694,9182.3143224303,14.086044484009506,2047.8139589859354,16.745754255295513,0.01014528076619392,0.058638372627961566
tx_p-20_rf_profile-SLR2K5_s512,SLR2K5,-20,512,8,5,5,model_window_reanalysis,36421.604855633705,7936.233430573882,36580.02998973999,29.84922473472167,8105.109105215897,39.586377722148406,0.4349757094291862,2.127907100003279
tx_p-20_rf_profile-SLR2K5_s1024,SLR2K5,-20,1024,16,5,5,model_window_reanalysis,71752.84637448691,16581.477711200638,72140.8645731672,97.67392027325215,16995.191716525827,135.4206788040871,0.5407704617809594,2.4950370077434725
tx_p-20_rf_profile-SLR5_s8,SLR5,-20,8,1,5,5,model_window_reanalysis,636.8323892366807,146.31363346116174,636.8323892366784,2.84303670061606,146.31363346116197,2.5370940709744922,-3.552713678800501e-13,1.5543122344752192e-13
tx_p-20_rf_profile-SLR5_s32,SLR5,-20,32,1,5,5,model_window_reanalysis,1373.8126330668515,309.9539232571191,1373.812633066846,7.222852209848398,309.9539232571189,9.067789761947367,-3.9968028886505635e-13,-5.551115123125783e-14
tx_p-20_rf_profile-SLR5_s64,SLR5,-20,64,1,5,5,model_window_reanalysis,2362.189684358908,568.0022311686919,2362.1896843588956,21.98896517890039,568.0022311686896,25.130450925343315,-5.218048215738236e-13,-3.9968028886505635e-13
tx_p-20_rf_profile-SLR5_s128,SLR5,-20,128,2,5,5,model_window_reanalysis,4634.802976715133,1027.2572415044344,4686.629634665182,12.924764073117762,1081.9346610184166,15.786159357462903,1.1182062799739656,5.322660897859066
tx_p-20_rf_profile-SLR5_s512,SLR5,-20,512,8,5,5,model_window_reanalysis,18274.74827916291,3816.3292285643265,18653.890662515027,26.062534190991144,4220.733822394452,27.46256727360332,2.074679101240573,10.596690421865397
tx_p-20_rf_profile-SLR5_s1024,SLR5,-20,1024,16,5,5,model_window_reanalysis,35913.32476550697,7962.163699569438,36771.15990873597,82.07957043552031,8875.79561834857,96.1579231882242,2.388626363140034,11.474668862039806
tx_p-20_rf_profile-OOK4K8_s8,OOK4K8,-20,8,1,5,5,model_window_reanalysis,653.0466488016411,132.10694681790022,653.0466488016411,2.7399410936381288,132.10694681790028,2.7421338664757187,0.0,4.440892098500626e-14
tx_p-20_rf_profile-OOK4K8_s32,OOK4K8,-20,32,1,5,5,model_window_reanalysis,1389.338073059719,293.2269631011435,1389.3380730597148,7.17039730119552,293.2269631011437,6.997972647866264,-2.9976021664879227e-13,6.661338147750939e-14
tx_p-20_rf_profile-OOK4K8_s64,OOK4K8,-20,64,1,5,5,model_window_reanalysis,2314.8383110033465,504.9601545069777,2314.8383110033324,10.097323785161105,504.9601545069794,9.765400371514652,-6.106226635438361e-13,3.3306690738754696e-13
tx_p-20_rf_profile-OOK4K8_s128,OOK4K8,-20,128,2,5,5,model_window_reanalysis,4658.389031269454,928.5326545004675,4709.409015558747,11.738459514101718,987.8817560137508,11.932286420292897,1.095228070193821,6.391708598036527
tx_p-20_rf_profile-OOK4K8_s512,OOK4K8,-20,512,8,5,5,model_window_reanalysis,18504.35217743949,3573.493157445594,18831.234464892692,10.66339950188106,3952.536696352878,9.242217035917026,1.7665157057037417,10.60708730104949
tx_p-20_rf_profile-OOK4K8_s1024,OOK4K8,-20,1024,16,5,5,model_window_reanalysis,36228.783511793685,7178.018567577662,36982.26152594932,40.89447019537926,8021.0236452575045,29.5836968987779,2.079777296166596,11.744258805453711
tx_p-20_rf_profile-IEEE154G50_s8,IEEE154G50,-20,8,1,5,4,review_required,119.27127930335651,23.968707884558135,,,,,,
tx_p-20_rf_profile-IEEE154G50_s32,IEEE154G50,-20,32,1,5,4,review_required,189.62248110700335,44.27054952860965,,,,,,
tx_p-20_rf_profile-IEEE154G50_s64,IEEE154G50,-20,64,1,5,5,model_window_reanalysis,293.2809240064407,69.22020937806575,293.2809240064406,3.186729982699491,69.22020937806582,3.290793962451716,-3.3306690738754696e-14,1.1102230246251565e-13
tx_p-20_rf_profile-IEEE154G50_s128,IEEE154G50,-20,128,2,5,5,model_window_reanalysis,529.394826127924,93.13705188900164,581.5261199099002,5.729014659047842,147.73949560479247,5.888297539823631,9.847337225275243,58.625909461751725
tx_p-20_rf_profile-IEEE154G50_s512,IEEE154G50,-20,512,8,5,5,model_window_reanalysis,2085.9227784542777,337.396616467473,2330.7104964084833,11.476839212526945,595.509613671785,14.232341788323625,11.735224356464414,76.50135911460619
tx_p-20_rf_profile-IEEE154G50_s1024,IEEE154G50,-20,1024,16,5,5,model_window_reanalysis,4253.754605781978,634.318517482356,4707.770458848288,10.28273324609631,1109.26472695647,8.93707686929385,10.673296772906982,74.87503460551662
tx_p0_rf_profile-GFSK4K8_s8,GFSK4K8,0,8,1,5,5,model_window_reanalysis,897.7867791422162,319.56369047468417,897.7867791422117,3.3538482034719754,319.5636904746813,2.954019323839951,-5.10702591327572e-13,-8.881784197001252e-13
tx_p0_rf_profile-GFSK4K8_s32,GFSK4K8,0,32,1,5,5,model_window_reanalysis,1949.2118846818462,703.3673414167661,1949.211884681872,4.633355130090319,703.3673414167617,4.42191508415443,1.3322676295501878e-12,-6.106226635438361e-13
tx_p0_rf_profile-GFSK4K8_s64,GFSK4K8,0,64,1,5,5,model_window_reanalysis,3277.107454162911,1206.67249009374,3277.107454163079,8.805194875096925,1206.6724900937318,8.195453062028912,5.129230373768223e-12,-6.772360450213455e-13
tx_p0_rf_profile-GFSK4K8_s128,GFSK4K8,0,128,2,5,5,model_window_reanalysis,6357.670811882657,2223.4743973577833,6560.842575605728,5.745983239106467,2415.9073531548443,4.50042014798952,3.1956949287675673,8.654606323586833
tx_p0_rf_profile-GFSK4K8_s512,GFSK4K8,0,512,8,5,5,model_window_reanalysis,24820.8221337684,8335.339258451615,26054.599140250608,40.7337394666788,9502.061326896848,27.713560223235984,4.970733845288988,13.99729551814266
tx_p0_rf_profile-GFSK4K8_s1024,GFSK4K8,0,1024,16,5,5,model_window_reanalysis,49461.8915070022,16506.914968244088,52137.84916289477,52.793864382925506,19040.58755769318,68.42003496634618,5.410140159144006,15.349158787837446
tx_p0_rf_profile-GFSK50_s8,GFSK50,0,8,1,5,5,model_window_reanalysis,127.80856645437893,38.270917018984484,127.80856645437902,0.8777619572563635,38.270917018984505,0.7834175689779007,6.661338147750939e-14,6.661338147750939e-14
tx_p0_rf_profile-GFSK50_s32,GFSK50,0,32,1,5,5,model_window_reanalysis,223.28552266822356,77.13419059113093,223.28552266822317,0.8367565554780599,77.13419059113086,0.7662353843704806,-1.7763568394002505e-13,-8.881784197001252e-14
tx_p0_rf_profile-GFSK50_s64,GFSK50,0,64,1,5,5,model_window_reanalysis,349.8957411694978,128.22034543493632,349.8957411694993,0.9322750004429727,128.2203454349362,0.8537798787378537,4.218847493575595e-13,-8.881784197001252e-14
tx_p0_rf_profile-GFSK50_s128,GFSK50,0,128,2,5,5,model_window_reanalysis,587.0852887091937,148.95345674822087,704.9661217832678,3.158256962082877,261.802482203669,3.5456774601917562,20.078996244865046,75.76126658557456
tx_p0_rf_profile-GFSK50_s512,GFSK50,0,512,8,5,5,model_window_reanalysis,2292.3049682538303,539.4833477891395,2816.201674136566,5.836015447649846,1041.378326038643,5.417813143613609,22.85458144261736,93.03252460086541
tx_p0_rf_profile-GFSK50_s1024,GFSK50,0,1024,16,5,5,model_window_reanalysis,4557.531749951095,1052.8201101744799,5624.245546849507,8.510475495587162,2074.111181497939,7.262832655963629,23.405515428605828,97.00527767789357
tx_p0_rf_profile-GFSK200_s8,GFSK200,0,8,1,5,4,review_required,70.7942784832371,16.845133022221876,,,,,,
tx_p0_rf_profile-GFSK200_s32,GFSK200,0,32,1,5,5,model_window_reanalysis,97.14608333277718,28.55387721096439,97.14608333277727,0.5853294035626224,28.5538772109644,0.661928743830272,8.881784197001252e-14,4.440892098500626e-14
tx_p0_rf_profile-GFSK200_s64,GFSK200,0,64,1,5,5,model_window_reanalysis,131.9261927336514,44.63852338011756,131.92619273365148,1.356399491272817,44.63852338011755,1.3933132693284893,6.661338147750939e-14,-3.3306690738754696e-14
tx_p0_rf_profile-GFSK200_s128,GFSK200,0,128,2,5,5,model_window_reanalysis,225.2488221535945,51.49793164594,262.3042714391966,1.3398423461241358,86.97905358737557,1.6887307505019915,16.450895916487607,68.89814951283162
tx_p0_rf_profile-GFSK200_s512,GFSK200,0,512,8,5,3,review_required,818.7980993247688,129.366889843648,,,,,,
tx_p0_rf_profile-GFSK200_s1024,GFSK200,0,1024,16,5,4,review_required,1607.9468353498764,228.75803848439358,,,,,,
tx_p0_rf_profile-SLR2K5_s8,SLR2K5,0,8,1,5,5,model_window_reanalysis,1468.8473911243686,491.16436257342457,1468.847391124375,4.201329736001614,491.16436257342184,4.338096031028069,4.440892098500626e-13,-5.551115123125783e-13
tx_p0_rf_profile-SLR2K5_s32,SLR2K5,0,32,1,5,5,model_window_reanalysis,3328.030353246241,1230.1724276737575,3328.030353246253,4.776485871418623,1230.1724276737484,4.877034450510524,3.774758283725532e-13,-7.438494264988549e-13
tx_p0_rf_profile-SLR2K5_s64,SLR2K5,0,64,1,5,5,model_window_reanalysis,5809.7678077195405,2202.789871448016,5809.767807719252,8.249718363445053,2202.78987144809,4.819738913058454,-4.96269692007445e-12,3.3528735343679728e-12
tx_p0_rf_profile-SLR2K5_s128,SLR2K5,0,128,2,5,5,model_window_reanalysis,11604.450004620283,4396.290254373309,11606.671177994942,28.814726657115255,4399.102832172862,22.627818505658343,0.01914070355575337,0.06397616255557903
tx_p0_rf_profile-SLR2K5_s512,SLR2K5,0,512,8,5,5,model_window_reanalysis,45809.67389960206,16983.319050306967,46250.732156286234,42.334588326366465,17404.83255105901,45.50115131331421,0.9628059297056124,2.4819265274559132
tx_p0_rf_profile-SLR2K5_s1024,SLR2K5,0,1024,16,5,5,model_window_reanalysis,91312.6603728092,33676.113147961696,92425.82903761422,87.88228398859717,34738.25462048222,82.75254069742216,1.2190737409907948,3.153990687267938
tx_p0_rf_profile-SLR5_s8,SLR5,0,8,1,5,5,model_window_reanalysis,803.5777654021764,291.80644425912385,803.5777654021829,3.279854841600802,291.80644425912385,2.913756348470237,7.993605777301127e-13,0.0
tx_p0_rf_profile-SLR5_s32,SLR5,0,32,1,5,5,model_window_reanalysis,1738.3611500211803,662.457085758161,1738.3611500211846,3.502455289003036,662.4570857581652,2.9679150414455893,2.4424906541753444e-13,6.439293542825908e-13
tx_p0_rf_profile-SLR5_s64,SLR5,0,64,1,5,5,model_window_reanalysis,2980.740159120291,1150.522382094369,2980.7401591203084,6.69592038810613,1150.5223820944007,6.454130079897413,5.773159728050814e-13,2.7533531010703882e-12
tx_p0_rf_profile-SLR5_s128,SLR5,0,128,2,5,5,model_window_reanalysis,5800.457539225492,2151.4556927442964,5954.497488256148,17.311260170415185,2298.85208227223,12.840987855387839,2.655651696249195,6.851007437662893
tx_p0_rf_profile-SLR5_s512,SLR5,0,512,8,5,5,model_window_reanalysis,22637.02518670231,8076.759853006879,23692.144100174577,45.46511171113611,9084.781499509063,38.41346055400445,4.661031671653015,12.480520219093915
tx_p0_rf_profile-SLR5_s1024,SLR5,0,1024,16,5,5,model_window_reanalysis,45110.78351204451,15939.420807643368,47425.70015507842,18.72886076868749,18148.795417033518,19.543692029526863,5.131625883677748,13.861072093226223
tx_p0_rf_profile-OOK4K8_s8,OOK4K8,0,8,1,5,5,model_window_reanalysis,716.277475874474,201.32866771880836,716.2774758744747,1.85039750745604,201.32866771880794,2.0111353456172743,8.881784197001252e-14,-2.1094237467877974e-13
tx_p0_rf_profile-OOK4K8_s32,OOK4K8,0,32,1,5,5,model_window_reanalysis,1550.421459308912,466.0944981264076,1550.4214593089173,3.4599729035127904,466.0944981264057,3.2260192941589034,3.3306690738754696e-13,-3.9968028886505635e-13
tx_p0_rf_profile-OOK4K8_s64,OOK4K8,0,64,1,5,5,model_window_reanalysis,2628.9158393662465,789.373728975201,2628.915839366262,8.501208457851742,789.3737289752064,7.571691949720673,5.773159728050814e-13,6.883382752675971e-13
tx_p0_rf_profile-OOK4K8_s128,OOK4K8,0,128,2,5,5,model_window_reanalysis,5141.34750872884,1461.6964924249341,5246.0864673189735,8.91875834480458,1569.4254027617744,7.678118449855231,2.037188857829797,7.37012853866259
tx_p0_rf_profile-OOK4K8_s512,OOK4K8,0,512,8,5,5,model_window_reanalysis,20281.252698034452,5560.903359228946,20933.201165754028,17.510991394365657,6225.9493853214135,11.95564245445172,3.214537471754686,11.959316375976003
tx_p0_rf_profile-OOK4K8_s1024,OOK4K8,0,1024,16,5,5,model_window_reanalysis,40266.058263446146,10819.110501893152,41697.645573827394,7.990553945919586,12277.652318762784,31.731587636127923,3.5553202178740584,13.481162029118888
tx_p0_rf_profile-IEEE154G50_s8,IEEE154G50,0,8,1,5,4,review_required,137.4310714935578,43.11253101896551,,,,,,
tx_p0_rf_profile-IEEE154G50_s32,IEEE154G50,0,32,1,5,5,model_window_reanalysis,234.14985864390138,83.58317344841186,234.1498586439011,1.5398984360075465,83.58317344841183,1.59577482009875,-1.2212453270876722e-13,-3.3306690738754696e-14
tx_p0_rf_profile-IEEE154G50_s64,IEEE154G50,0,64,1,5,5,model_window_reanalysis,360.93871758055667,135.37014739205588,360.9387175805586,2.1148669637229927,135.3701473920559,2.1853100956596885,5.329070518200751e-13,2.220446049250313e-14
tx_p0_rf_profile-IEEE154G50_s128,IEEE154G50,0,128,2,5,5,model_window_reanalysis,601.3542084463803,154.88231921427573,723.7120983628695,2.473886386914366,272.3151368450904,2.404318269409838,20.34705805628352,75.82067354528014
tx_p0_rf_profile-IEEE154G50_s512,IEEE154G50,0,512,8,5,5,model_window_reanalysis,2339.2396115920005,553.9971285687866,2889.149778065398,7.814645582502795,1081.5531223268122,6.625655152702405,23.50807346747814,95.22720724580832
tx_p0_rf_profile-IEEE154G50_s1024,IEEE154G50,0,1024,16,5,5,model_window_reanalysis,4656.674171485897,1088.2988917528862,5766.598848712891,16.31052704104232,2153.937664906368,14.136403157964757,23.835137189184707,97.91784051503474
tx_p13_rf_profile-GFSK4K8_s8,GFSK4K8,13,8,1,5,5,model_window_reanalysis,1115.7531234225612,536.9104373818266,1115.7531234225503,2.997688864018505,536.9104373818263,2.8605813099953883,-9.769962616701378e-13,-4.440892098500626e-14
tx_p13_rf_profile-GFSK4K8_s32,GFSK4K8,13,32,1,5,5,model_window_reanalysis,2399.3762713337674,1178.8134801127658,2399.3762713337437,6.483372063470369,1178.8134801127615,5.462146863545519,-9.880984919163893e-13,-3.6637359812630166e-13
tx_p13_rf_profile-GFSK4K8_s64,GFSK4K8,13,64,1,5,5,model_window_reanalysis,4109.351773885018,2036.6009815132008,4109.351773885155,6.871652530073899,2036.6009815131715,6.141413848052424,3.3528735343679728e-12,-1.4432899320127035e-12
tx_p13_rf_profile-GFSK4K8_s128,GFSK4K8,13,128,2,5,5,model_window_reanalysis,7856.278786238241,3730.1054774341164,8200.472574351272,18.342272372383796,4062.712620570578,15.903797082093522,4.381130016871992,8.916829434143958
tx_p13_rf_profile-GFSK4K8_s512,GFSK4K8,13,512,8,5,5,model_window_reanalysis,30563.110483460732,14080.19347921819,32709.138661748282,25.499532658095728,16151.49623107521,19.178181705172417,7.021628834044469,14.710754897751821
tx_p13_rf_profile-GFSK4K8_s1024,GFSK4K8,13,1024,16,5,5,model_window_reanalysis,60614.74944066766,27648.994657053554,65364.416124748954,41.63767046978718,32236.501153331054,40.55390329372637,7.835826639406429,16.591946843561555
tx_p13_rf_profile-GFSK50_s8,GFSK50,13,8,1,5,4,review_required,149.25707441500862,59.35957432846127,,,,,,
tx_p13_rf_profile-GFSK50_s32,GFSK50,13,32,1,5,5,model_window_reanalysis,270.3726546838944,124.41613734488533,270.37265468389506,1.1011289054134856,124.41613734488541,0.9896597449323634,2.4424906541753444e-13,6.661338147750939e-14
tx_p13_rf_profile-GFSK50_s64,GFSK50,13,64,1,5,4,review_required,430.2899976527239,207.97181434947424,,,,,,
tx_p13_rf_profile-GFSK50_s128,GFSK50,13,128,2,5,4,review_required,666.3110607500237,227.11750211860144,,,,,,
tx_p13_rf_profile-GFSK50_s512,GFSK50,13,512,8,5,5,model_window_reanalysis,2592.09224705137,836.5169388892585,3449.9831280153057,7.083433771873229,1670.911647441515,6.256339138251401,33.09646413779554,99.74630157043562
tx_p13_rf_profile-GFSK50_s1024,GFSK50,13,1024,16,5,5,model_window_reanalysis,5115.400866918263,1604.460057197824,6886.504151140209,17.55799919219215,3329.22510372654,18.246506207068535,34.62296172477552,107.49816044289715
tx_p13_rf_profile-GFSK200_s8,GFSK200,13,8,1,5,2,review_required,75.65272620412237,21.104882614807924,,,,,,
tx_p13_rf_profile-GFSK200_s32,GFSK200,13,32,1,5,5,model_window_reanalysis,107.88161045307065,39.213243985247246,107.88161045307072,1.1810730593965606,39.213243985247274,0.993465547254255,6.661338147750939e-14,6.661338147750939e-14
tx_p13_rf_profile-GFSK200_s64,GFSK200,13,64,1,5,4,review_required,151.5409681015269,64.07592545350937,,,,,,
tx_p13_rf_profile-GFSK200_s128,GFSK200,13,128,2,5,5,model_window_reanalysis,245.7443125742089,72.5175517779084,304.15042886101037,1.9106487420867533,129.00365963061614,1.8097067726777,23.767026660755054,77.89301550844077
tx_p13_rf_profile-GFSK200_s512,GFSK200,13,512,8,5,5,model_window_reanalysis,857.3002301587409,166.16686770457332,1204.7227230153808,1.8337754143593006,504.902608501389,2.5308901416729754,40.525183667839435,203.852756855868
tx_p13_rf_profile-GFSK200_s1024,GFSK200,13,1024,16,5,3,review_required,1660.3218557305092,280.4087094528707,,,,,,
tx_p13_rf_profile-SLR2K5_s8,SLR2K5,13,8,1,5,5,model_window_reanalysis,1786.8255356256577,809.1620921909105,1786.8255356256336,1.9372027518364727,809.1620921909124,2.8073432273502568,-1.3433698597964394e-12,2.4424906541753444e-13
tx_p13_rf_profile-SLR2K5_s32,SLR2K5,13,32,1,5,5,model_window_reanalysis,4149.617610381888,2041.164674730133,4149.6176103818025,6.435937847706273,2041.1646747301197,4.31430026899146,-2.065014825802791e-12,-6.439293542825908e-13
tx_p13_rf_profile-SLR2K5_s64,SLR2K5,13,64,1,5,5,model_window_reanalysis,7294.931484479368,3684.95625802584,7294.931484479845,12.696725395440332,3684.9562580258303,11.482550022148063,6.5281113847959205e-12,-2.55351295663786e-13
tx_p13_rf_profile-SLR2K5_s128,SLR2K5,13,128,2,5,5,model_window_reanalysis,14560.568625396545,7338.424545818549,14561.457618160703,37.714815458575615,7339.640818267224,34.83063856696035,0.006105481090945553,0.016574026769378136
tx_p13_rf_profile-SLR2K5_s512,SLR2K5,13,512,8,5,5,model_window_reanalysis,57252.75427731746,28357.52707603273,58004.11992437581,41.90861803254327,29087.71832640209,49.1814720982241,1.312365940368454,2.574946850659998
tx_p13_rf_profile-SLR2K5_s1024,SLR2K5,13,1024,16,5,5,model_window_reanalysis,114028.55382927084,56390.03698270626,115954.66461172831,97.78950509965853,58265.840287973624,139.55538344779043,1.6891477772675634,3.3264800053999455
tx_p13_rf_profile-SLR5_s8,SLR5,13,8,1,5,5,model_window_reanalysis,992.945308916201,479.9412410190208,992.9453089162001,1.5784516963003103,479.94124101902435,0.9719579205227142,-8.881784197001252e-14,7.327471962526033e-13
tx_p13_rf_profile-SLR5_s32,SLR5,13,32,1,5,5,model_window_reanalysis,2176.0468125849793,1098.3960225571434,2176.0468125849243,3.1466066783769153,1098.3960225571443,2.933460145979083,-2.531308496145357e-12,8.881784197001252e-14
tx_p13_rf_profile-SLR5_s64,SLR5,13,64,1,5,5,model_window_reanalysis,3757.060197111588,1926.984427687286,3757.060197111516,3.6947724410347176,1926.9844276872723,1.9642719671416013,-1.9095836023552692e-12,-7.105427357601002e-13
tx_p13_rf_profile-SLR5_s128,SLR5,13,128,2,5,5,model_window_reanalysis,7251.098630651129,3599.003730830117,7510.561536876399,20.160930238922155,3850.484811779399,16.878967822164242,3.578256474522279,6.987519318055213
tx_p13_rf_profile-SLR5_s512,SLR5,13,512,8,5,5,model_window_reanalysis,28070.640359539415,13487.780398424406,29905.198858998763,49.96500532002566,15271.100517522016,44.371950636507755,6.535506407982239,13.221746398732371
tx_p13_rf_profile-SLR5_s1024,SLR5,13,1024,16,5,5,model_window_reanalysis,55638.31253830229,26470.228578832648,59643.67508478447,70.40682901310996,30359.67761915984,71.98068258649288,7.19892887428033,14.693673795614504
tx_p13_rf_profile-OOK4K8_s8,OOK4K8,13,8,1,5,5,model_window_reanalysis,801.3479455403296,285.9308312643927,801.3479455403279,2.6975552242305936,285.93083126439336,2.3605519326092055,-2.1094237467877974e-13,2.4424906541753444e-13
tx_p13_rf_profile-OOK4K8_s32,OOK4K8,13,32,1,5,5,model_window_reanalysis,1763.2621924665975,676.9987674715446,1763.2621924665727,6.709725620907526,676.9987674715488,6.391161333209611,-1.4099832412739488e-12,6.217248937900877e-13
tx_p13_rf_profile-OOK4K8_s64,OOK4K8,13,64,1,5,5,model_window_reanalysis,2982.777849027628,1141.2497768467088,2982.7778490275987,2.8168777190973286,1141.249776846713,3.2740658814842405,-9.769962616701378e-13,3.774758283725532e-13
tx_p13_rf_profile-OOK4K8_s128,OOK4K8,13,128,2,5,5,model_window_reanalysis,5830.500292640549,2140.175132310868,5973.267185373743,7.690264417882591,2284.9077816376494,8.19481752072837,2.44862165453279,6.762654473538587
tx_p13_rf_profile-OOK4K8_s512,OOK4K8,13,512,8,5,5,model_window_reanalysis,22762.57297944587,8015.4917120062355,23767.262702336597,27.40003006319825,9031.19643846945,19.301866443892344,4.413779249814764,12.671770653094327
tx_p13_rf_profile-OOK4K8_s1024,OOK4K8,13,1024,16,5,5,model_window_reanalysis,45215.63459544196,15731.847032543123,47468.344005328974,59.1682053468928,18004.451596713177,49.50976322297064,4.982147060508368,14.44588521277199
tx_p13_rf_profile-IEEE154G50_s8,IEEE154G50,13,8,1,5,1,review_required,161.73692106341454,66.69784048403042,,,,,,
tx_p13_rf_profile-IEEE154G50_s32,IEEE154G50,13,32,1,5,4,review_required,282.5542739809048,132.06604313231924,,,,,,
tx_p13_rf_profile-IEEE154G50_s64,IEEE154G50,13,64,1,5,5,model_window_reanalysis,443.9798020788659,217.77923987160858,443.97980207886457,1.312160713806327,217.7792398716083,1.4267349367808382,-2.9976021664879227e-13,-1.3322676295501878e-13
tx_p13_rf_profile-IEEE154G50_s128,IEEE154G50,13,128,2,5,5,model_window_reanalysis,682.422789091245,235.88358095220048,887.6251444053129,3.854376311337286,435.3808754097862,3.767703305016437,30.06968093596751,84.57447256492681
tx_p13_rf_profile-IEEE154G50_s512,IEEE154G50,13,512,8,5,5,model_window_reanalysis,2639.9329857700486,855.0213114370999,3543.8275961853105,10.135264297958464,1733.5645518975084,9.683538983653607,34.23930134921977,102.75103423840667
tx_p13_rf_profile-IEEE154G50_s1024,IEEE154G50,13,1024,16,5,5,model_window_reanalysis,5224.791921203056,1657.1523785338213,7077.695026928623,17.33200869637779,3456.750919561953,15.378063785755783,35.463672691082394,108.59583972720368
