step_id,run_id,rf_profile,tx_power_dbm,payload_bytes,expected_frames,detected_frames,reasons,raw_relative_path,current_action
tx_p-20_rf_profile-GFSK50_s8,run_00001,GFSK50,-20,8,1,1,unstable_detector_at_3_MAD,web_sessions/20260719_003026_campaign_radio_ebyte_e79_cc1352p/packet_tx/20260719_003349_radio_ebyte_e79_cc1352p/raw/run_00001.csv.gz,offline_segmentation_review_not_hardware_recapture
tx_p-20_rf_profile-GFSK50_s32,run_00002,GFSK50,-20,32,1,1,frame_like_pretrigger_noise,web_sessions/20260719_003026_campaign_radio_ebyte_e79_cc1352p/packet_tx/20260719_003417_radio_ebyte_e79_cc1352p/raw/run_00002.csv.gz,offline_segmentation_review_not_hardware_recapture
tx_p-20_rf_profile-GFSK50_s128,run_00001,GFSK50,-20,128,2,2,unstable_detector_at_3_MAD,web_sessions/20260719_003026_campaign_radio_ebyte_e79_cc1352p/packet_tx/20260719_003513_radio_ebyte_e79_cc1352p/raw/run_00001.csv.gz,offline_segmentation_review_not_hardware_recapture
tx_p-20_rf_profile-GFSK50_s1024,run_00003,GFSK50,-20,1024,16,16,unstable_detector_at_3_MAD,web_sessions/20260719_003026_campaign_radio_ebyte_e79_cc1352p/packet_tx/20260719_003609_radio_ebyte_e79_cc1352p/raw/run_00003.csv.gz,offline_segmentation_review_not_hardware_recapture
tx_p-20_rf_profile-GFSK50_s1024,run_00005,GFSK50,-20,1024,16,16,unstable_detector_at_3_MAD,web_sessions/20260719_003026_campaign_radio_ebyte_e79_cc1352p/packet_tx/20260719_003609_radio_ebyte_e79_cc1352p/raw/run_00005.csv.gz,offline_segmentation_review_not_hardware_recapture
tx_p-20_rf_profile-GFSK200_s8,run_00004,GFSK200,-20,8,1,1,frame_like_pretrigger_noise,web_sessions/20260719_003026_campaign_radio_ebyte_e79_cc1352p/packet_tx/20260719_003638_radio_ebyte_e79_cc1352p/raw/run_00004.csv.gz,offline_segmentation_review_not_hardware_recapture
tx_p-20_rf_profile-GFSK200_s32,run_00003,GFSK200,-20,32,1,1,unstable_detector_at_3_MAD,web_sessions/20260719_003026_campaign_radio_ebyte_e79_cc1352p/packet_tx/20260719_003706_radio_ebyte_e79_cc1352p/raw/run_00003.csv.gz,offline_segmentation_review_not_hardware_recapture
tx_p-20_rf_profile-GFSK200_s32,run_00005,GFSK200,-20,32,1,1,unstable_detector_at_3_MAD,web_sessions/20260719_003026_campaign_radio_ebyte_e79_cc1352p/packet_tx/20260719_003706_radio_ebyte_e79_cc1352p/raw/run_00005.csv.gz,offline_segmentation_review_not_hardware_recapture
tx_p-20_rf_profile-GFSK200_s64,run_00004,GFSK200,-20,64,1,1,unstable_detector_at_3_MAD,web_sessions/20260719_003026_campaign_radio_ebyte_e79_cc1352p/packet_tx/20260719_003734_radio_ebyte_e79_cc1352p/raw/run_00004.csv.gz,offline_segmentation_review_not_hardware_recapture
tx_p-20_rf_profile-GFSK200_s128,run_00003,GFSK200,-20,128,2,2,frame_like_pretrigger_noise,web_sessions/20260719_003026_campaign_radio_ebyte_e79_cc1352p/packet_tx/20260719_003802_radio_ebyte_e79_cc1352p/raw/run_00003.csv.gz,offline_segmentation_review_not_hardware_recapture
tx_p-20_rf_profile-GFSK200_s1024,run_00003,GFSK200,-20,1024,16,16,unstable_detector_at_3_MAD,web_sessions/20260719_003026_campaign_radio_ebyte_e79_cc1352p/packet_tx/20260719_003858_radio_ebyte_e79_cc1352p/raw/run_00003.csv.gz,offline_segmentation_review_not_hardware_recapture
tx_p-20_rf_profile-IEEE154G50_s8,run_00003,IEEE154G50,-20,8,1,1,unstable_detector_at_3_MAD,web_sessions/20260719_003026_campaign_radio_ebyte_e79_cc1352p/packet_tx/20260719_005012_radio_ebyte_e79_cc1352p/raw/run_00003.csv.gz,offline_segmentation_review_not_hardware_recapture
tx_p-20_rf_profile-IEEE154G50_s32,run_00003,IEEE154G50,-20,32,1,1,unstable_detector_at_3_MAD,web_sessions/20260719_003026_campaign_radio_ebyte_e79_cc1352p/packet_tx/20260719_005040_radio_ebyte_e79_cc1352p/raw/run_00003.csv.gz,offline_segmentation_review_not_hardware_recapture
tx_p0_rf_profile-GFSK200_s8,run_00002,GFSK200,0,8,1,1,unstable_detector_at_3_MAD,web_sessions/20260719_003026_campaign_radio_ebyte_e79_cc1352p/packet_tx/20260719_005934_radio_ebyte_e79_cc1352p/raw/run_00002.csv.gz,offline_segmentation_review_not_hardware_recapture
tx_p0_rf_profile-GFSK200_s512,run_00002,GFSK200,0,512,8,9,detected_frame_count_mismatch,web_sessions/20260719_003026_campaign_radio_ebyte_e79_cc1352p/packet_tx/20260719_010126_radio_ebyte_e79_cc1352p/raw/run_00002.csv.gz,offline_segmentation_review_not_hardware_recapture
tx_p0_rf_profile-GFSK200_s512,run_00005,GFSK200,0,512,8,8,unstable_detector_at_3_MAD,web_sessions/20260719_003026_campaign_radio_ebyte_e79_cc1352p/packet_tx/20260719_010126_radio_ebyte_e79_cc1352p/raw/run_00005.csv.gz,offline_segmentation_review_not_hardware_recapture
tx_p0_rf_profile-GFSK200_s1024,run_00004,GFSK200,0,1024,16,16,unstable_detector_at_3_MAD,web_sessions/20260719_003026_campaign_radio_ebyte_e79_cc1352p/packet_tx/20260719_010154_radio_ebyte_e79_cc1352p/raw/run_00004.csv.gz,offline_segmentation_review_not_hardware_recapture
tx_p0_rf_profile-IEEE154G50_s8,run_00005,IEEE154G50,0,8,1,1,unstable_detector_at_3_MAD,web_sessions/20260719_003026_campaign_radio_ebyte_e79_cc1352p/packet_tx/20260719_011305_radio_ebyte_e79_cc1352p/raw/run_00005.csv.gz,offline_segmentation_review_not_hardware_recapture
tx_p13_rf_profile-GFSK50_s8,run_00005,GFSK50,13,8,1,1,unstable_detector_at_3_MAD,web_sessions/20260719_003026_campaign_radio_ebyte_e79_cc1352p/packet_tx/20260719_011915_radio_ebyte_e79_cc1352p/raw/run_00005.csv.gz,offline_segmentation_review_not_hardware_recapture
tx_p13_rf_profile-GFSK50_s64,run_00004,GFSK50,13,64,1,1,unstable_detector_at_3_MAD,web_sessions/20260719_003026_campaign_radio_ebyte_e79_cc1352p/packet_tx/20260719_012011_radio_ebyte_e79_cc1352p/raw/run_00004.csv.gz,offline_segmentation_review_not_hardware_recapture
tx_p13_rf_profile-GFSK50_s128,run_00001,GFSK50,13,128,2,2,unstable_detector_at_3_MAD,web_sessions/20260719_003026_campaign_radio_ebyte_e79_cc1352p/packet_tx/20260719_012039_radio_ebyte_e79_cc1352p/raw/run_00001.csv.gz,offline_segmentation_review_not_hardware_recapture
tx_p13_rf_profile-GFSK200_s8,run_00001,GFSK200,13,8,1,1,unstable_detector_at_3_MAD,web_sessions/20260719_003026_campaign_radio_ebyte_e79_cc1352p/packet_tx/20260719_012203_radio_ebyte_e79_cc1352p/raw/run_00001.csv.gz,offline_segmentation_review_not_hardware_recapture
tx_p13_rf_profile-GFSK200_s8,run_00003,GFSK200,13,8,1,1,overlong_group_may_merge_frames,web_sessions/20260719_003026_campaign_radio_ebyte_e79_cc1352p/packet_tx/20260719_012203_radio_ebyte_e79_cc1352p/raw/run_00003.csv.gz,offline_segmentation_review_not_hardware_recapture
tx_p13_rf_profile-GFSK200_s8,run_00005,GFSK200,13,8,1,1,unstable_detector_at_3_MAD,web_sessions/20260719_003026_campaign_radio_ebyte_e79_cc1352p/packet_tx/20260719_012203_radio_ebyte_e79_cc1352p/raw/run_00005.csv.gz,offline_segmentation_review_not_hardware_recapture
tx_p13_rf_profile-GFSK200_s64,run_00005,GFSK200,13,64,1,1,unstable_detector_at_3_MAD,web_sessions/20260719_003026_campaign_radio_ebyte_e79_cc1352p/packet_tx/20260719_012258_radio_ebyte_e79_cc1352p/raw/run_00005.csv.gz,offline_segmentation_review_not_hardware_recapture
tx_p13_rf_profile-GFSK200_s1024,run_00002,GFSK200,13,1024,16,16,overlong_group_may_merge_frames,web_sessions/20260719_003026_campaign_radio_ebyte_e79_cc1352p/packet_tx/20260719_012423_radio_ebyte_e79_cc1352p/raw/run_00002.csv.gz,offline_segmentation_review_not_hardware_recapture
tx_p13_rf_profile-GFSK200_s1024,run_00003,GFSK200,13,1024,16,16,unstable_detector_at_3_MAD,web_sessions/20260719_003026_campaign_radio_ebyte_e79_cc1352p/packet_tx/20260719_012423_radio_ebyte_e79_cc1352p/raw/run_00003.csv.gz,offline_segmentation_review_not_hardware_recapture
tx_p13_rf_profile-IEEE154G50_s8,run_00001,IEEE154G50,13,8,1,1,unstable_detector_at_3_MAD,web_sessions/20260719_003026_campaign_radio_ebyte_e79_cc1352p/packet_tx/20260719_013532_radio_ebyte_e79_cc1352p/raw/run_00001.csv.gz,offline_segmentation_review_not_hardware_recapture
tx_p13_rf_profile-IEEE154G50_s8,run_00002,IEEE154G50,13,8,1,1,unstable_detector_at_3_MAD,web_sessions/20260719_003026_campaign_radio_ebyte_e79_cc1352p/packet_tx/20260719_013532_radio_ebyte_e79_cc1352p/raw/run_00002.csv.gz,offline_segmentation_review_not_hardware_recapture
tx_p13_rf_profile-IEEE154G50_s8,run_00004,IEEE154G50,13,8,1,1,unstable_detector_at_3_MAD,web_sessions/20260719_003026_campaign_radio_ebyte_e79_cc1352p/packet_tx/20260719_013532_radio_ebyte_e79_cc1352p/raw/run_00004.csv.gz,offline_segmentation_review_not_hardware_recapture
tx_p13_rf_profile-IEEE154G50_s8,run_00005,IEEE154G50,13,8,1,1,unstable_detector_at_3_MAD,web_sessions/20260719_003026_campaign_radio_ebyte_e79_cc1352p/packet_tx/20260719_013532_radio_ebyte_e79_cc1352p/raw/run_00005.csv.gz,offline_segmentation_review_not_hardware_recapture
tx_p13_rf_profile-IEEE154G50_s32,run_00004,IEEE154G50,13,32,1,2,detected_frame_count_mismatch,web_sessions/20260719_003026_campaign_radio_ebyte_e79_cc1352p/packet_tx/20260719_013559_radio_ebyte_e79_cc1352p/raw/run_00004.csv.gz,offline_segmentation_review_not_hardware_recapture
