run_id,role,payload_bytes,data_rate_kbps,chip_drive_dbm,voltage_mv,tx_ok,rx_exact_count,method,window_start_sample,window_stop_sample,duration_ms,mean_current_uA,baseline_median_uA,threshold_uA,charge_total_uC,energy_total_uJ,energy_excess_uJ,signed_energy_diagnostic_uJ,legacy_minus_signed_energy_uJ
run_00001,tx,32,2000,0,3300,True,1,threshold_events,23184,23265,0.8099999999999999,36869.79110699506,25.565788297217562,225.56578829721755,29.864530796665996,98.55295162899777,98.4846142768793,98.55295162899777,0.0
run_00001,rx,32,2000,0,3300,True,1,fixed_modeled_airtime,22016,22132,1.16,24580.8539514375,24521.72466057755,25682.601736136607,28.51379058366748,94.09550892610268,0.3619830072003563,94.09550892610275,-7.105427357601002e-14
run_00002,tx,32,2000,0,3300,True,1,threshold_events,22994,23098,1.0399999999999998,32425.54660908918,25.565788297217562,225.56578829721755,33.72256847345272,111.28447596239397,111.1967341769581,111.28447596239405,-8.526512829121202e-14
run_00002,rx,32,2000,0,3300,True,1,fixed_modeled_airtime,22016,22132,1.16,24526.847884035247,24521.72466057755,25682.601736136607,28.45114354548089,93.88877370008693,0.23916608084688432,93.88877370008693,0.0
run_00003,tx,32,2000,0,3300,True,1,threshold_events,22857,22922,0.65,46316.61198479502,25.565788297217562,225.56578829721755,30.105797790116764,99.34913270738531,99.29429409148779,99.34913270738531,0.0
run_00003,rx,32,2000,0,3300,True,1,fixed_modeled_airtime,22016,22132,1.16,24572.40979687959,24521.72466057755,25682.601736136607,28.503995364380327,94.06318470245508,0.3167357846776608,94.06318470245508,0.0
run_00004,tx,32,2000,0,3300,True,1,threshold_events,22030,22124,0.94,35646.771728499196,25.565788297217562,225.56578829721755,33.507965424789234,110.57628590180447,110.50396016373604,110.57628590180451,-4.263256414560601e-14
run_00004,rx,32,2000,0,3300,True,1,fixed_modeled_airtime,20992,21108,1.16,24506.142623339867,24521.72466057755,25682.601736136607,28.427125443074253,93.80951396214503,0.14865316700175665,93.809513962145,2.842170943040401e-14
run_00005,tx,32,2000,0,3300,True,1,threshold_events,22539,22624,0.85,36972.23808663731,25.565788297217562,225.56578829721755,31.4264023736417,103.70712783301761,103.6425019753963,103.70712783301765,-4.263256414560601e-14
run_00005,rx,32,2000,0,3300,True,1,fixed_modeled_airtime,21504,21620,1.16,24517.115208707954,24521.72466057755,25682.601736136607,28.439853642101223,93.85151701893403,0.163205218101992,93.85151701893405,-1.4210854715202004e-14
