rf_profile,bit_rate_kbps,logical_payload_bytes,frame_count,physical_frame_bytes,modeled_ms_per_frame,modeled_transfer_ms
SLR2K5,2.5,8,1,[8],[67.0],67.0
SLR2K5,2.5,32,1,[32],[143.8],143.8
SLR2K5,2.5,64,1,[64],[246.2],246.2
SLR2K5,2.5,128,2,"[64, 64]","[246.2, 246.2]",492.4
SLR2K5,2.5,512,8,"[64, 64, 64, 64, 64, 64, 64, 64]","[246.2, 246.2, 246.2, 246.2, 246.2, 246.2, 246.2, 246.2]",1969.6000000000001
SLR2K5,2.5,1024,16,"[64, 64, 64, 64, 64, 64, 64, 64, 64, 64, 64, 64, 64, 64, 64, 64]","[246.2, 246.2, 246.2, 246.2, 246.2, 246.2, 246.2, 246.2, 246.2, 246.2, 246.2, 246.2, 246.2, 246.2, 246.2, 246.2]",3939.199999999999
GFSK4K8,4.8,8,1,[8],[36.333333333333336],36.333333333333336
GFSK4K8,4.8,32,1,[32],[76.33333333333334],76.33333333333334
GFSK4K8,4.8,64,1,[64],[129.66666666666669],129.66666666666669
GFSK4K8,4.8,128,2,"[64, 64]","[129.66666666666669, 129.66666666666669]",259.33333333333337
GFSK4K8,4.8,512,8,"[64, 64, 64, 64, 64, 64, 64, 64]","[129.66666666666669, 129.66666666666669, 129.66666666666669, 129.66666666666669, 129.66666666666669, 129.66666666666669, 129.66666666666669, 129.66666666666669]",1037.3333333333337
GFSK4K8,4.8,1024,16,"[64, 64, 64, 64, 64, 64, 64, 64, 64, 64, 64, 64, 64, 64, 64, 64]","[129.66666666666669, 129.66666666666669, 129.66666666666669, 129.66666666666669, 129.66666666666669, 129.66666666666669, 129.66666666666669, 129.66666666666669, 129.66666666666669, 129.66666666666669, 129.66666666666669, 129.66666666666669, 129.66666666666669, 129.66666666666669, 129.66666666666669, 129.66666666666669]",2074.6666666666674
OOK4K8,4.8,8,1,[8],[36.333333333333336],36.333333333333336
OOK4K8,4.8,32,1,[32],[76.33333333333334],76.33333333333334
OOK4K8,4.8,64,1,[64],[129.66666666666669],129.66666666666669
OOK4K8,4.8,128,2,"[64, 64]","[129.66666666666669, 129.66666666666669]",259.33333333333337
OOK4K8,4.8,512,8,"[64, 64, 64, 64, 64, 64, 64, 64]","[129.66666666666669, 129.66666666666669, 129.66666666666669, 129.66666666666669, 129.66666666666669, 129.66666666666669, 129.66666666666669, 129.66666666666669]",1037.3333333333337
OOK4K8,4.8,1024,16,"[64, 64, 64, 64, 64, 64, 64, 64, 64, 64, 64, 64, 64, 64, 64, 64]","[129.66666666666669, 129.66666666666669, 129.66666666666669, 129.66666666666669, 129.66666666666669, 129.66666666666669, 129.66666666666669, 129.66666666666669, 129.66666666666669, 129.66666666666669, 129.66666666666669, 129.66666666666669, 129.66666666666669, 129.66666666666669, 129.66666666666669, 129.66666666666669]",2074.6666666666674
SLR5,5.0,8,1,[8],[35.0],35.0
SLR5,5.0,32,1,[32],[73.4],73.4
SLR5,5.0,64,1,[64],[124.60000000000001],124.60000000000001
SLR5,5.0,128,2,"[64, 64]","[124.60000000000001, 124.60000000000001]",249.20000000000002
SLR5,5.0,512,8,"[64, 64, 64, 64, 64, 64, 64, 64]","[124.60000000000001, 124.60000000000001, 124.60000000000001, 124.60000000000001, 124.60000000000001, 124.60000000000001, 124.60000000000001, 124.60000000000001]",996.8000000000001
SLR5,5.0,1024,16,"[64, 64, 64, 64, 64, 64, 64, 64, 64, 64, 64, 64, 64, 64, 64, 64]","[124.60000000000001, 124.60000000000001, 124.60000000000001, 124.60000000000001, 124.60000000000001, 124.60000000000001, 124.60000000000001, 124.60000000000001, 124.60000000000001, 124.60000000000001, 124.60000000000001, 124.60000000000001, 124.60000000000001, 124.60000000000001, 124.60000000000001, 124.60000000000001]",1993.5999999999995
GFSK50,50.0,8,1,[8],[6.200000000000001],6.200000000000001
GFSK50,50.0,32,1,[32],[10.040000000000001],10.040000000000001
GFSK50,50.0,64,1,[64],[15.16],15.16
GFSK50,50.0,128,2,"[64, 64]","[15.16, 15.16]",30.32
GFSK50,50.0,512,8,"[64, 64, 64, 64, 64, 64, 64, 64]","[15.16, 15.16, 15.16, 15.16, 15.16, 15.16, 15.16, 15.16]",121.27999999999999
GFSK50,50.0,1024,16,"[64, 64, 64, 64, 64, 64, 64, 64, 64, 64, 64, 64, 64, 64, 64, 64]","[15.16, 15.16, 15.16, 15.16, 15.16, 15.16, 15.16, 15.16, 15.16, 15.16, 15.16, 15.16, 15.16, 15.16, 15.16, 15.16]",242.55999999999997
IEEE154G50,50.0,8,1,[8],[6.52],6.52
IEEE154G50,50.0,32,1,[32],[10.360000000000001],10.360000000000001
IEEE154G50,50.0,64,1,[64],[15.48],15.48
IEEE154G50,50.0,128,2,"[64, 64]","[15.48, 15.48]",30.96
IEEE154G50,50.0,512,8,"[64, 64, 64, 64, 64, 64, 64, 64]","[15.48, 15.48, 15.48, 15.48, 15.48, 15.48, 15.48, 15.48]",123.84000000000002
IEEE154G50,50.0,1024,16,"[64, 64, 64, 64, 64, 64, 64, 64, 64, 64, 64, 64, 64, 64, 64, 64]","[15.48, 15.48, 15.48, 15.48, 15.48, 15.48, 15.48, 15.48, 15.48, 15.48, 15.48, 15.48, 15.48, 15.48, 15.48, 15.48]",247.67999999999995
GFSK200,200.0,8,1,[8],[3.8],3.8
GFSK200,200.0,32,1,[32],[4.760000000000001],4.760000000000001
GFSK200,200.0,64,1,[64],[6.04],6.04
GFSK200,200.0,128,2,"[64, 64]","[6.04, 6.04]",12.08
GFSK200,200.0,512,8,"[64, 64, 64, 64, 64, 64, 64, 64]","[6.04, 6.04, 6.04, 6.04, 6.04, 6.04, 6.04, 6.04]",48.32
GFSK200,200.0,1024,16,"[64, 64, 64, 64, 64, 64, 64, 64, 64, 64, 64, 64, 64, 64, 64, 64]","[6.04, 6.04, 6.04, 6.04, 6.04, 6.04, 6.04, 6.04, 6.04, 6.04, 6.04, 6.04, 6.04, 6.04, 6.04, 6.04]",96.64000000000003
