slug,direction,run_id,tx_power_dbm,bit_rate_kbps,frame_bytes,inter_frame_gap_ms,duration_s,status,source_result,expected_raw,reason
cc1101_v1_433,tx,continuous_001,-30.0,38.4,32,15,60.0,ok,module radio\ESP32-C3_Radio\power_profiler\continuous_results\20260717_161009_radio_cc1101_v1_433_continuous_tx,module radio\ESP32-C3_Radio\power_profiler\continuous_results\20260717_161009_radio_cc1101_v1_433_continuous_tx\raw\continuous_001.csv.gz,archive_completeness_only_total_power_and_loss_summaries_exist
cc1101_v1_433,tx,continuous_002,0.0,38.4,32,15,60.0,ok,module radio\ESP32-C3_Radio\power_profiler\continuous_results\20260717_161009_radio_cc1101_v1_433_continuous_tx,module radio\ESP32-C3_Radio\power_profiler\continuous_results\20260717_161009_radio_cc1101_v1_433_continuous_tx\raw\continuous_002.csv.gz,archive_completeness_only_total_power_and_loss_summaries_exist
cc1101_v1_433,tx,continuous_003,10.0,38.4,32,15,60.0,ok,module radio\ESP32-C3_Radio\power_profiler\continuous_results\20260717_161009_radio_cc1101_v1_433_continuous_tx,module radio\ESP32-C3_Radio\power_profiler\continuous_results\20260717_161009_radio_cc1101_v1_433_continuous_tx\raw\continuous_003.csv.gz,archive_completeness_only_total_power_and_loss_summaries_exist
cc1101_v1_433,rx,continuous_001,-30.0,38.4,32,15,60.0,ok,module radio\ESP32-C3_Radio\power_profiler\continuous_results\20260717_161406_radio_cc1101_v1_433_continuous_rx,module radio\ESP32-C3_Radio\power_profiler\continuous_results\20260717_161406_radio_cc1101_v1_433_continuous_rx\raw\continuous_001.csv.gz,archive_completeness_only_total_power_and_loss_summaries_exist
cc1101_v1_433,rx,continuous_002,0.0,38.4,32,15,60.0,ok,module radio\ESP32-C3_Radio\power_profiler\continuous_results\20260717_161406_radio_cc1101_v1_433_continuous_rx,module radio\ESP32-C3_Radio\power_profiler\continuous_results\20260717_161406_radio_cc1101_v1_433_continuous_rx\raw\continuous_002.csv.gz,archive_completeness_only_total_power_and_loss_summaries_exist
cc1101_v1_433,rx,continuous_003,10.0,38.4,32,15,60.0,ok,module radio\ESP32-C3_Radio\power_profiler\continuous_results\20260717_161406_radio_cc1101_v1_433_continuous_rx,module radio\ESP32-C3_Radio\power_profiler\continuous_results\20260717_161406_radio_cc1101_v1_433_continuous_rx\raw\continuous_003.csv.gz,archive_completeness_only_total_power_and_loss_summaries_exist
cc1101_v1_433,rx,continuous_001,-30.0,1.2,32,15,60.0,ok,module radio\ESP32-C3_Radio\power_profiler\loss_results\20260717_161831_radio_cc1101_v1_433_continuous_rx,module radio\ESP32-C3_Radio\power_profiler\loss_results\20260717_161831_radio_cc1101_v1_433_continuous_rx\raw\continuous_001.csv.gz,archive_completeness_only_total_power_and_loss_summaries_exist
cc1101_v1_433,rx,continuous_002,0.0,1.2,32,15,60.0,ok,module radio\ESP32-C3_Radio\power_profiler\loss_results\20260717_161831_radio_cc1101_v1_433_continuous_rx,module radio\ESP32-C3_Radio\power_profiler\loss_results\20260717_161831_radio_cc1101_v1_433_continuous_rx\raw\continuous_002.csv.gz,archive_completeness_only_total_power_and_loss_summaries_exist
cc1101_v1_433,rx,continuous_003,10.0,1.2,32,15,60.0,ok,module radio\ESP32-C3_Radio\power_profiler\loss_results\20260717_161831_radio_cc1101_v1_433_continuous_rx,module radio\ESP32-C3_Radio\power_profiler\loss_results\20260717_161831_radio_cc1101_v1_433_continuous_rx\raw\continuous_003.csv.gz,archive_completeness_only_total_power_and_loss_summaries_exist
cc1101_v1_433,rx,continuous_001,-30.0,250.0,32,15,60.0,ok,module radio\ESP32-C3_Radio\power_profiler\loss_results\20260717_162249_radio_cc1101_v1_433_continuous_rx,module radio\ESP32-C3_Radio\power_profiler\loss_results\20260717_162249_radio_cc1101_v1_433_continuous_rx\raw\continuous_001.csv.gz,archive_completeness_only_total_power_and_loss_summaries_exist
cc1101_v1_433,rx,continuous_002,0.0,250.0,32,15,60.0,ok,module radio\ESP32-C3_Radio\power_profiler\loss_results\20260717_162249_radio_cc1101_v1_433_continuous_rx,module radio\ESP32-C3_Radio\power_profiler\loss_results\20260717_162249_radio_cc1101_v1_433_continuous_rx\raw\continuous_002.csv.gz,archive_completeness_only_total_power_and_loss_summaries_exist
cc1101_v1_433,rx,continuous_003,10.0,250.0,32,15,60.0,ok,module radio\ESP32-C3_Radio\power_profiler\loss_results\20260717_162249_radio_cc1101_v1_433_continuous_rx,module radio\ESP32-C3_Radio\power_profiler\loss_results\20260717_162249_radio_cc1101_v1_433_continuous_rx\raw\continuous_003.csv.gz,archive_completeness_only_total_power_and_loss_summaries_exist
cc1101_v2_868,tx,continuous_001,-30.0,38.4,32,15,60.0,ok,module radio\ESP32-C3_Radio\power_profiler\continuous_results\20260717_132945_radio_cc1101_v2_868_continuous_tx,module radio\ESP32-C3_Radio\power_profiler\continuous_results\20260717_132945_radio_cc1101_v2_868_continuous_tx\raw\continuous_001.csv.gz,archive_completeness_only_total_power_and_loss_summaries_exist
cc1101_v2_868,tx,continuous_002,0.0,38.4,32,15,60.0,ok,module radio\ESP32-C3_Radio\power_profiler\continuous_results\20260717_132945_radio_cc1101_v2_868_continuous_tx,module radio\ESP32-C3_Radio\power_profiler\continuous_results\20260717_132945_radio_cc1101_v2_868_continuous_tx\raw\continuous_002.csv.gz,archive_completeness_only_total_power_and_loss_summaries_exist
cc1101_v2_868,tx,continuous_003,10.0,38.4,32,15,60.0,ok,module radio\ESP32-C3_Radio\power_profiler\continuous_results\20260717_132945_radio_cc1101_v2_868_continuous_tx,module radio\ESP32-C3_Radio\power_profiler\continuous_results\20260717_132945_radio_cc1101_v2_868_continuous_tx\raw\continuous_003.csv.gz,archive_completeness_only_total_power_and_loss_summaries_exist
cc1101_v2_868,rx,continuous_001,-30.0,38.4,32,15,60.0,ok,module radio\ESP32-C3_Radio\power_profiler\continuous_results\20260717_133349_radio_cc1101_v2_868_continuous_rx,module radio\ESP32-C3_Radio\power_profiler\continuous_results\20260717_133349_radio_cc1101_v2_868_continuous_rx\raw\continuous_001.csv.gz,archive_completeness_only_total_power_and_loss_summaries_exist
cc1101_v2_868,rx,continuous_002,0.0,38.4,32,15,60.0,ok,module radio\ESP32-C3_Radio\power_profiler\continuous_results\20260717_133349_radio_cc1101_v2_868_continuous_rx,module radio\ESP32-C3_Radio\power_profiler\continuous_results\20260717_133349_radio_cc1101_v2_868_continuous_rx\raw\continuous_002.csv.gz,archive_completeness_only_total_power_and_loss_summaries_exist
cc1101_v2_868,rx,continuous_003,10.0,38.4,32,15,60.0,ok,module radio\ESP32-C3_Radio\power_profiler\continuous_results\20260717_133349_radio_cc1101_v2_868_continuous_rx,module radio\ESP32-C3_Radio\power_profiler\continuous_results\20260717_133349_radio_cc1101_v2_868_continuous_rx\raw\continuous_003.csv.gz,archive_completeness_only_total_power_and_loss_summaries_exist
cc1101_v2_868,rx,continuous_001,-30.0,1.2,32,15,60.0,ok,module radio\ESP32-C3_Radio\power_profiler\loss_results\20260717_143647_radio_cc1101_v2_868_continuous_rx,module radio\ESP32-C3_Radio\power_profiler\loss_results\20260717_143647_radio_cc1101_v2_868_continuous_rx\raw\continuous_001.csv.gz,archive_completeness_only_total_power_and_loss_summaries_exist
cc1101_v2_868,rx,continuous_002,0.0,1.2,32,15,60.0,ok,module radio\ESP32-C3_Radio\power_profiler\loss_results\20260717_143647_radio_cc1101_v2_868_continuous_rx,module radio\ESP32-C3_Radio\power_profiler\loss_results\20260717_143647_radio_cc1101_v2_868_continuous_rx\raw\continuous_002.csv.gz,archive_completeness_only_total_power_and_loss_summaries_exist
cc1101_v2_868,rx,continuous_003,10.0,1.2,32,15,60.0,ok,module radio\ESP32-C3_Radio\power_profiler\loss_results\20260717_143647_radio_cc1101_v2_868_continuous_rx,module radio\ESP32-C3_Radio\power_profiler\loss_results\20260717_143647_radio_cc1101_v2_868_continuous_rx\raw\continuous_003.csv.gz,archive_completeness_only_total_power_and_loss_summaries_exist
cc1101_v2_868,rx,continuous_001,-30.0,38.4,32,15,60.0,ok,module radio\ESP32-C3_Radio\power_profiler\loss_results\20260717_144111_radio_cc1101_v2_868_continuous_rx,module radio\ESP32-C3_Radio\power_profiler\loss_results\20260717_144111_radio_cc1101_v2_868_continuous_rx\raw\continuous_001.csv.gz,archive_completeness_only_total_power_and_loss_summaries_exist
cc1101_v2_868,rx,continuous_002,0.0,38.4,32,15,60.0,ok,module radio\ESP32-C3_Radio\power_profiler\loss_results\20260717_144111_radio_cc1101_v2_868_continuous_rx,module radio\ESP32-C3_Radio\power_profiler\loss_results\20260717_144111_radio_cc1101_v2_868_continuous_rx\raw\continuous_002.csv.gz,archive_completeness_only_total_power_and_loss_summaries_exist
cc1101_v2_868,rx,continuous_003,10.0,38.4,32,15,60.0,ok,module radio\ESP32-C3_Radio\power_profiler\loss_results\20260717_144111_radio_cc1101_v2_868_continuous_rx,module radio\ESP32-C3_Radio\power_profiler\loss_results\20260717_144111_radio_cc1101_v2_868_continuous_rx\raw\continuous_003.csv.gz,archive_completeness_only_total_power_and_loss_summaries_exist
cc1101_v2_868,rx,continuous_001,-30.0,250.0,32,15,60.0,no_rx_data,module radio\ESP32-C3_Radio\power_profiler\loss_results\20260717_144531_radio_cc1101_v2_868_continuous_rx,module radio\ESP32-C3_Radio\power_profiler\loss_results\20260717_144531_radio_cc1101_v2_868_continuous_rx\raw\continuous_001.csv.gz,archive_completeness_only_total_power_and_loss_summaries_exist
cc1101_v2_868,rx,continuous_002,0.0,250.0,32,15,60.0,ok,module radio\ESP32-C3_Radio\power_profiler\loss_results\20260717_144531_radio_cc1101_v2_868_continuous_rx,module radio\ESP32-C3_Radio\power_profiler\loss_results\20260717_144531_radio_cc1101_v2_868_continuous_rx\raw\continuous_002.csv.gz,archive_completeness_only_total_power_and_loss_summaries_exist
cc1101_v2_868,rx,continuous_003,10.0,250.0,32,15,60.0,ok,module radio\ESP32-C3_Radio\power_profiler\loss_results\20260717_144531_radio_cc1101_v2_868_continuous_rx,module radio\ESP32-C3_Radio\power_profiler\loss_results\20260717_144531_radio_cc1101_v2_868_continuous_rx\raw\continuous_003.csv.gz,archive_completeness_only_total_power_and_loss_summaries_exist
