plan_status,current_decision,slug,profile_id,direction,payload_bytes,frame_count,parameters_json,voltage_mv,source_result,published_export,reason,repetitions,run_ids,recommendation
superseded_not_a_capture_queue,NECESAR_REVIZUIT.md,ebyte_e07_400m10s,RADIO_EBYTE_E07_400M10S,rx,8,1,"{""bit_rate_kbps"": 1.2, ""cc1101_drive_dbm"": -30}",3300,module radio\ESP32-C3_Radio\power_profiler\results\20260724_234941_radio_ebyte_e07_400m10s_rx,power_profiler\comparisons\ebyte_e07_400m10s_20260724\e07_400m10s_rx.csv,RX_fixed_window_reanalysis_requires_new_RAW,5,run_00001|run_00002|run_00003|run_00004|run_00005,only_if_replacing_model_airtime_RX_proxy_with_measured_window
superseded_not_a_capture_queue,NECESAR_REVIZUIT.md,ebyte_e07_400m10s,RADIO_EBYTE_E07_400M10S,rx,32,1,"{""bit_rate_kbps"": 1.2, ""cc1101_drive_dbm"": -30}",3300,module radio\ESP32-C3_Radio\power_profiler\results\20260724_234941_radio_ebyte_e07_400m10s_rx,power_profiler\comparisons\ebyte_e07_400m10s_20260724\e07_400m10s_rx.csv,RX_fixed_window_reanalysis_requires_new_RAW,5,run_00006|run_00007|run_00008|run_00009|run_00010,only_if_replacing_model_airtime_RX_proxy_with_measured_window
superseded_not_a_capture_queue,NECESAR_REVIZUIT.md,ebyte_e07_400m10s,RADIO_EBYTE_E07_400M10S,rx,8,1,"{""bit_rate_kbps"": 38.4, ""cc1101_drive_dbm"": -30}",3300,module radio\ESP32-C3_Radio\power_profiler\results\20260724_234941_radio_ebyte_e07_400m10s_rx,power_profiler\comparisons\ebyte_e07_400m10s_20260724\e07_400m10s_rx.csv,RX_fixed_window_reanalysis_requires_new_RAW,5,run_00016|run_00017|run_00018|run_00019|run_00020,only_if_replacing_model_airtime_RX_proxy_with_measured_window
superseded_not_a_capture_queue,NECESAR_REVIZUIT.md,ebyte_e07_400m10s,RADIO_EBYTE_E07_400M10S,rx,32,1,"{""bit_rate_kbps"": 38.4, ""cc1101_drive_dbm"": -30}",3300,module radio\ESP32-C3_Radio\power_profiler\results\20260724_234941_radio_ebyte_e07_400m10s_rx,power_profiler\comparisons\ebyte_e07_400m10s_20260724\e07_400m10s_rx.csv,RX_fixed_window_reanalysis_requires_new_RAW,5,run_00021|run_00022|run_00023|run_00024|run_00025,only_if_replacing_model_airtime_RX_proxy_with_measured_window
superseded_not_a_capture_queue,NECESAR_REVIZUIT.md,ebyte_e07_400m10s,RADIO_EBYTE_E07_400M10S,rx,8,1,"{""bit_rate_kbps"": 250, ""cc1101_drive_dbm"": -30}",3300,module radio\ESP32-C3_Radio\power_profiler\results\20260724_234941_radio_ebyte_e07_400m10s_rx,power_profiler\comparisons\ebyte_e07_400m10s_20260724\e07_400m10s_rx.csv,RX_fixed_window_reanalysis_requires_new_RAW,5,run_00031|run_00032|run_00033|run_00034|run_00035,only_if_replacing_model_airtime_RX_proxy_with_measured_window
superseded_not_a_capture_queue,NECESAR_REVIZUIT.md,ebyte_e07_400m10s,RADIO_EBYTE_E07_400M10S,rx,32,1,"{""bit_rate_kbps"": 250, ""cc1101_drive_dbm"": -30}",3300,module radio\ESP32-C3_Radio\power_profiler\results\20260724_234941_radio_ebyte_e07_400m10s_rx,power_profiler\comparisons\ebyte_e07_400m10s_20260724\e07_400m10s_rx.csv,RX_fixed_window_reanalysis_requires_new_RAW,5,run_00036|run_00037|run_00038|run_00039|run_00040,only_if_replacing_model_airtime_RX_proxy_with_measured_window
superseded_not_a_capture_queue,NECESAR_REVIZUIT.md,ebyte_e07_400m10s,RADIO_EBYTE_E07_400M10S,rx,8,1,"{""bit_rate_kbps"": 1.2, ""cc1101_drive_dbm"": 0}",3300,module radio\ESP32-C3_Radio\power_profiler\results\20260724_234941_radio_ebyte_e07_400m10s_rx,power_profiler\comparisons\ebyte_e07_400m10s_20260724\e07_400m10s_rx.csv,RX_fixed_window_reanalysis_requires_new_RAW,5,run_00046|run_00047|run_00048|run_00049|run_00050,only_if_replacing_model_airtime_RX_proxy_with_measured_window
superseded_not_a_capture_queue,NECESAR_REVIZUIT.md,ebyte_e07_400m10s,RADIO_EBYTE_E07_400M10S,rx,32,1,"{""bit_rate_kbps"": 1.2, ""cc1101_drive_dbm"": 0}",3300,module radio\ESP32-C3_Radio\power_profiler\results\20260724_234941_radio_ebyte_e07_400m10s_rx,power_profiler\comparisons\ebyte_e07_400m10s_20260724\e07_400m10s_rx.csv,RX_fixed_window_reanalysis_requires_new_RAW,5,run_00051|run_00052|run_00053|run_00054|run_00055,only_if_replacing_model_airtime_RX_proxy_with_measured_window
superseded_not_a_capture_queue,NECESAR_REVIZUIT.md,ebyte_e07_400m10s,RADIO_EBYTE_E07_400M10S,rx,8,1,"{""bit_rate_kbps"": 38.4, ""cc1101_drive_dbm"": 0}",3300,module radio\ESP32-C3_Radio\power_profiler\results\20260724_234941_radio_ebyte_e07_400m10s_rx,power_profiler\comparisons\ebyte_e07_400m10s_20260724\e07_400m10s_rx.csv,RX_fixed_window_reanalysis_requires_new_RAW,5,run_00061|run_00062|run_00063|run_00064|run_00065,only_if_replacing_model_airtime_RX_proxy_with_measured_window
superseded_not_a_capture_queue,NECESAR_REVIZUIT.md,ebyte_e07_400m10s,RADIO_EBYTE_E07_400M10S,rx,32,1,"{""bit_rate_kbps"": 38.4, ""cc1101_drive_dbm"": 0}",3300,module radio\ESP32-C3_Radio\power_profiler\results\20260724_234941_radio_ebyte_e07_400m10s_rx,power_profiler\comparisons\ebyte_e07_400m10s_20260724\e07_400m10s_rx.csv,RX_fixed_window_reanalysis_requires_new_RAW,5,run_00066|run_00067|run_00068|run_00069|run_00070,only_if_replacing_model_airtime_RX_proxy_with_measured_window
superseded_not_a_capture_queue,NECESAR_REVIZUIT.md,ebyte_e07_400m10s,RADIO_EBYTE_E07_400M10S,rx,8,1,"{""bit_rate_kbps"": 250, ""cc1101_drive_dbm"": 0}",3300,module radio\ESP32-C3_Radio\power_profiler\results\20260724_234941_radio_ebyte_e07_400m10s_rx,power_profiler\comparisons\ebyte_e07_400m10s_20260724\e07_400m10s_rx.csv,RX_fixed_window_reanalysis_requires_new_RAW,5,run_00076|run_00077|run_00078|run_00079|run_00080,only_if_replacing_model_airtime_RX_proxy_with_measured_window
superseded_not_a_capture_queue,NECESAR_REVIZUIT.md,ebyte_e07_400m10s,RADIO_EBYTE_E07_400M10S,rx,32,1,"{""bit_rate_kbps"": 250, ""cc1101_drive_dbm"": 0}",3300,module radio\ESP32-C3_Radio\power_profiler\results\20260724_234941_radio_ebyte_e07_400m10s_rx,power_profiler\comparisons\ebyte_e07_400m10s_20260724\e07_400m10s_rx.csv,RX_fixed_window_reanalysis_requires_new_RAW,5,run_00081|run_00082|run_00083|run_00084|run_00085,only_if_replacing_model_airtime_RX_proxy_with_measured_window
superseded_not_a_capture_queue,NECESAR_REVIZUIT.md,ebyte_e07_400m10s,RADIO_EBYTE_E07_400M10S,rx,8,1,"{""bit_rate_kbps"": 1.2, ""cc1101_drive_dbm"": 10}",3300,module radio\ESP32-C3_Radio\power_profiler\results\20260724_234941_radio_ebyte_e07_400m10s_rx,power_profiler\comparisons\ebyte_e07_400m10s_20260724\e07_400m10s_rx.csv,RX_fixed_window_reanalysis_requires_new_RAW,5,run_00091|run_00092|run_00093|run_00094|run_00095,only_if_replacing_model_airtime_RX_proxy_with_measured_window
superseded_not_a_capture_queue,NECESAR_REVIZUIT.md,ebyte_e07_400m10s,RADIO_EBYTE_E07_400M10S,rx,32,1,"{""bit_rate_kbps"": 1.2, ""cc1101_drive_dbm"": 10}",3300,module radio\ESP32-C3_Radio\power_profiler\results\20260724_234941_radio_ebyte_e07_400m10s_rx,power_profiler\comparisons\ebyte_e07_400m10s_20260724\e07_400m10s_rx.csv,RX_fixed_window_reanalysis_requires_new_RAW,5,run_00096|run_00097|run_00098|run_00099|run_00100,only_if_replacing_model_airtime_RX_proxy_with_measured_window
superseded_not_a_capture_queue,NECESAR_REVIZUIT.md,ebyte_e07_400m10s,RADIO_EBYTE_E07_400M10S,rx,8,1,"{""bit_rate_kbps"": 38.4, ""cc1101_drive_dbm"": 10}",3300,module radio\ESP32-C3_Radio\power_profiler\results\20260724_234941_radio_ebyte_e07_400m10s_rx,power_profiler\comparisons\ebyte_e07_400m10s_20260724\e07_400m10s_rx.csv,RX_fixed_window_reanalysis_requires_new_RAW,5,run_00106|run_00107|run_00108|run_00109|run_00110,only_if_replacing_model_airtime_RX_proxy_with_measured_window
superseded_not_a_capture_queue,NECESAR_REVIZUIT.md,ebyte_e07_400m10s,RADIO_EBYTE_E07_400M10S,rx,32,1,"{""bit_rate_kbps"": 38.4, ""cc1101_drive_dbm"": 10}",3300,module radio\ESP32-C3_Radio\power_profiler\results\20260724_234941_radio_ebyte_e07_400m10s_rx,power_profiler\comparisons\ebyte_e07_400m10s_20260724\e07_400m10s_rx.csv,RX_fixed_window_reanalysis_requires_new_RAW,5,run_00111|run_00112|run_00113|run_00114|run_00115,only_if_replacing_model_airtime_RX_proxy_with_measured_window
superseded_not_a_capture_queue,NECESAR_REVIZUIT.md,ebyte_e07_400m10s,RADIO_EBYTE_E07_400M10S,rx,8,1,"{""bit_rate_kbps"": 250, ""cc1101_drive_dbm"": 10}",3300,module radio\ESP32-C3_Radio\power_profiler\results\20260724_234941_radio_ebyte_e07_400m10s_rx,power_profiler\comparisons\ebyte_e07_400m10s_20260724\e07_400m10s_rx.csv,RX_fixed_window_reanalysis_requires_new_RAW,5,run_00121|run_00122|run_00123|run_00124|run_00125,only_if_replacing_model_airtime_RX_proxy_with_measured_window
superseded_not_a_capture_queue,NECESAR_REVIZUIT.md,ebyte_e07_400m10s,RADIO_EBYTE_E07_400M10S,rx,32,1,"{""bit_rate_kbps"": 250, ""cc1101_drive_dbm"": 10}",3300,module radio\ESP32-C3_Radio\power_profiler\results\20260724_234941_radio_ebyte_e07_400m10s_rx,power_profiler\comparisons\ebyte_e07_400m10s_20260724\e07_400m10s_rx.csv,RX_fixed_window_reanalysis_requires_new_RAW,5,run_00126|run_00127|run_00128|run_00129|run_00130,only_if_replacing_model_airtime_RX_proxy_with_measured_window
superseded_not_a_capture_queue,NECESAR_REVIZUIT.md,ebyte_e07_433m20s,RADIO_EBYTE_E07_433M20S,rx,8,1,"{""bit_rate_kbps"": 1.2, ""cc1101_drive_dbm"": -30}",3300,module radio\ESP32-C3_Radio\power_profiler\results\20260725_002027_radio_ebyte_e07_433m20s_rx,power_profiler\comparisons\ebyte_e07_433m20s_20260725\e07_433m20s_rx.csv,RX_fixed_window_reanalysis_requires_new_RAW,5,run_00001|run_00002|run_00003|run_00004|run_00005,only_if_replacing_model_airtime_RX_proxy_with_measured_window
superseded_not_a_capture_queue,NECESAR_REVIZUIT.md,ebyte_e07_433m20s,RADIO_EBYTE_E07_433M20S,rx,32,1,"{""bit_rate_kbps"": 1.2, ""cc1101_drive_dbm"": -30}",3300,module radio\ESP32-C3_Radio\power_profiler\results\20260725_002027_radio_ebyte_e07_433m20s_rx,power_profiler\comparisons\ebyte_e07_433m20s_20260725\e07_433m20s_rx.csv,RX_fixed_window_reanalysis_requires_new_RAW,5,run_00006|run_00007|run_00008|run_00009|run_00010,only_if_replacing_model_airtime_RX_proxy_with_measured_window
superseded_not_a_capture_queue,NECESAR_REVIZUIT.md,ebyte_e07_433m20s,RADIO_EBYTE_E07_433M20S,rx,8,1,"{""bit_rate_kbps"": 38.4, ""cc1101_drive_dbm"": -30}",3300,module radio\ESP32-C3_Radio\power_profiler\results\20260725_002027_radio_ebyte_e07_433m20s_rx,power_profiler\comparisons\ebyte_e07_433m20s_20260725\e07_433m20s_rx.csv,RX_fixed_window_reanalysis_requires_new_RAW,5,run_00016|run_00017|run_00018|run_00019|run_00020,only_if_replacing_model_airtime_RX_proxy_with_measured_window
superseded_not_a_capture_queue,NECESAR_REVIZUIT.md,ebyte_e07_433m20s,RADIO_EBYTE_E07_433M20S,rx,32,1,"{""bit_rate_kbps"": 38.4, ""cc1101_drive_dbm"": -30}",3300,module radio\ESP32-C3_Radio\power_profiler\results\20260725_002027_radio_ebyte_e07_433m20s_rx,power_profiler\comparisons\ebyte_e07_433m20s_20260725\e07_433m20s_rx.csv,RX_fixed_window_reanalysis_requires_new_RAW,5,run_00021|run_00022|run_00023|run_00024|run_00025,only_if_replacing_model_airtime_RX_proxy_with_measured_window
superseded_not_a_capture_queue,NECESAR_REVIZUIT.md,ebyte_e07_433m20s,RADIO_EBYTE_E07_433M20S,rx,8,1,"{""bit_rate_kbps"": 250, ""cc1101_drive_dbm"": -30}",3300,module radio\ESP32-C3_Radio\power_profiler\results\20260725_002027_radio_ebyte_e07_433m20s_rx,power_profiler\comparisons\ebyte_e07_433m20s_20260725\e07_433m20s_rx.csv,RX_fixed_window_reanalysis_requires_new_RAW,5,run_00031|run_00032|run_00033|run_00034|run_00035,only_if_replacing_model_airtime_RX_proxy_with_measured_window
superseded_not_a_capture_queue,NECESAR_REVIZUIT.md,ebyte_e07_433m20s,RADIO_EBYTE_E07_433M20S,rx,32,1,"{""bit_rate_kbps"": 250, ""cc1101_drive_dbm"": -30}",3300,module radio\ESP32-C3_Radio\power_profiler\results\20260725_002027_radio_ebyte_e07_433m20s_rx,power_profiler\comparisons\ebyte_e07_433m20s_20260725\e07_433m20s_rx.csv,RX_fixed_window_reanalysis_requires_new_RAW,5,run_00036|run_00037|run_00038|run_00039|run_00040,only_if_replacing_model_airtime_RX_proxy_with_measured_window
superseded_not_a_capture_queue,NECESAR_REVIZUIT.md,ebyte_e07_433m20s,RADIO_EBYTE_E07_433M20S,rx,8,1,"{""bit_rate_kbps"": 1.2, ""cc1101_drive_dbm"": 0}",3300,module radio\ESP32-C3_Radio\power_profiler\results\20260725_002027_radio_ebyte_e07_433m20s_rx,power_profiler\comparisons\ebyte_e07_433m20s_20260725\e07_433m20s_rx.csv,RX_fixed_window_reanalysis_requires_new_RAW,5,run_00046|run_00047|run_00048|run_00049|run_00050,only_if_replacing_model_airtime_RX_proxy_with_measured_window
superseded_not_a_capture_queue,NECESAR_REVIZUIT.md,ebyte_e07_433m20s,RADIO_EBYTE_E07_433M20S,rx,32,1,"{""bit_rate_kbps"": 1.2, ""cc1101_drive_dbm"": 0}",3300,module radio\ESP32-C3_Radio\power_profiler\results\20260725_002027_radio_ebyte_e07_433m20s_rx,power_profiler\comparisons\ebyte_e07_433m20s_20260725\e07_433m20s_rx.csv,RX_fixed_window_reanalysis_requires_new_RAW,5,run_00051|run_00052|run_00053|run_00054|run_00055,only_if_replacing_model_airtime_RX_proxy_with_measured_window
superseded_not_a_capture_queue,NECESAR_REVIZUIT.md,ebyte_e07_433m20s,RADIO_EBYTE_E07_433M20S,rx,8,1,"{""bit_rate_kbps"": 38.4, ""cc1101_drive_dbm"": 0}",3300,module radio\ESP32-C3_Radio\power_profiler\results\20260725_002027_radio_ebyte_e07_433m20s_rx,power_profiler\comparisons\ebyte_e07_433m20s_20260725\e07_433m20s_rx.csv,RX_fixed_window_reanalysis_requires_new_RAW,5,run_00061|run_00062|run_00063|run_00064|run_00065,only_if_replacing_model_airtime_RX_proxy_with_measured_window
superseded_not_a_capture_queue,NECESAR_REVIZUIT.md,ebyte_e07_433m20s,RADIO_EBYTE_E07_433M20S,rx,32,1,"{""bit_rate_kbps"": 38.4, ""cc1101_drive_dbm"": 0}",3300,module radio\ESP32-C3_Radio\power_profiler\results\20260725_002027_radio_ebyte_e07_433m20s_rx,power_profiler\comparisons\ebyte_e07_433m20s_20260725\e07_433m20s_rx.csv,RX_fixed_window_reanalysis_requires_new_RAW,5,run_00066|run_00067|run_00068|run_00069|run_00070,only_if_replacing_model_airtime_RX_proxy_with_measured_window
superseded_not_a_capture_queue,NECESAR_REVIZUIT.md,ebyte_e07_433m20s,RADIO_EBYTE_E07_433M20S,rx,8,1,"{""bit_rate_kbps"": 250, ""cc1101_drive_dbm"": 0}",3300,module radio\ESP32-C3_Radio\power_profiler\results\20260725_002027_radio_ebyte_e07_433m20s_rx,power_profiler\comparisons\ebyte_e07_433m20s_20260725\e07_433m20s_rx.csv,RX_fixed_window_reanalysis_requires_new_RAW,5,run_00076|run_00077|run_00078|run_00079|run_00080,only_if_replacing_model_airtime_RX_proxy_with_measured_window
superseded_not_a_capture_queue,NECESAR_REVIZUIT.md,ebyte_e07_433m20s,RADIO_EBYTE_E07_433M20S,rx,32,1,"{""bit_rate_kbps"": 250, ""cc1101_drive_dbm"": 0}",3300,module radio\ESP32-C3_Radio\power_profiler\results\20260725_002027_radio_ebyte_e07_433m20s_rx,power_profiler\comparisons\ebyte_e07_433m20s_20260725\e07_433m20s_rx.csv,RX_fixed_window_reanalysis_requires_new_RAW,5,run_00081|run_00082|run_00083|run_00084|run_00085,only_if_replacing_model_airtime_RX_proxy_with_measured_window
superseded_not_a_capture_queue,NECESAR_REVIZUIT.md,ebyte_e07_433m20s,RADIO_EBYTE_E07_433M20S,rx,8,1,"{""bit_rate_kbps"": 1.2, ""cc1101_drive_dbm"": 10}",3300,module radio\ESP32-C3_Radio\power_profiler\results\20260725_002027_radio_ebyte_e07_433m20s_rx,power_profiler\comparisons\ebyte_e07_433m20s_20260725\e07_433m20s_rx.csv,RX_fixed_window_reanalysis_requires_new_RAW,5,run_00091|run_00092|run_00093|run_00094|run_00095,only_if_replacing_model_airtime_RX_proxy_with_measured_window
superseded_not_a_capture_queue,NECESAR_REVIZUIT.md,ebyte_e07_433m20s,RADIO_EBYTE_E07_433M20S,rx,32,1,"{""bit_rate_kbps"": 1.2, ""cc1101_drive_dbm"": 10}",3300,module radio\ESP32-C3_Radio\power_profiler\results\20260725_002027_radio_ebyte_e07_433m20s_rx,power_profiler\comparisons\ebyte_e07_433m20s_20260725\e07_433m20s_rx.csv,RX_fixed_window_reanalysis_requires_new_RAW,5,run_00096|run_00097|run_00098|run_00099|run_00100,only_if_replacing_model_airtime_RX_proxy_with_measured_window
superseded_not_a_capture_queue,NECESAR_REVIZUIT.md,ebyte_e07_433m20s,RADIO_EBYTE_E07_433M20S,rx,8,1,"{""bit_rate_kbps"": 38.4, ""cc1101_drive_dbm"": 10}",3300,module radio\ESP32-C3_Radio\power_profiler\results\20260725_002027_radio_ebyte_e07_433m20s_rx,power_profiler\comparisons\ebyte_e07_433m20s_20260725\e07_433m20s_rx.csv,RX_fixed_window_reanalysis_requires_new_RAW,5,run_00106|run_00107|run_00108|run_00109|run_00110,only_if_replacing_model_airtime_RX_proxy_with_measured_window
superseded_not_a_capture_queue,NECESAR_REVIZUIT.md,ebyte_e07_433m20s,RADIO_EBYTE_E07_433M20S,rx,32,1,"{""bit_rate_kbps"": 38.4, ""cc1101_drive_dbm"": 10}",3300,module radio\ESP32-C3_Radio\power_profiler\results\20260725_002027_radio_ebyte_e07_433m20s_rx,power_profiler\comparisons\ebyte_e07_433m20s_20260725\e07_433m20s_rx.csv,RX_fixed_window_reanalysis_requires_new_RAW,5,run_00111|run_00112|run_00113|run_00114|run_00115,only_if_replacing_model_airtime_RX_proxy_with_measured_window
superseded_not_a_capture_queue,NECESAR_REVIZUIT.md,ebyte_e07_433m20s,RADIO_EBYTE_E07_433M20S,rx,8,1,"{""bit_rate_kbps"": 250, ""cc1101_drive_dbm"": 10}",3300,module radio\ESP32-C3_Radio\power_profiler\results\20260725_002027_radio_ebyte_e07_433m20s_rx,power_profiler\comparisons\ebyte_e07_433m20s_20260725\e07_433m20s_rx.csv,RX_fixed_window_reanalysis_requires_new_RAW,5,run_00121|run_00122|run_00123|run_00124|run_00125,only_if_replacing_model_airtime_RX_proxy_with_measured_window
superseded_not_a_capture_queue,NECESAR_REVIZUIT.md,ebyte_e07_433m20s,RADIO_EBYTE_E07_433M20S,rx,32,1,"{""bit_rate_kbps"": 250, ""cc1101_drive_dbm"": 10}",3300,module radio\ESP32-C3_Radio\power_profiler\results\20260725_002027_radio_ebyte_e07_433m20s_rx,power_profiler\comparisons\ebyte_e07_433m20s_20260725\e07_433m20s_rx.csv,RX_fixed_window_reanalysis_requires_new_RAW,5,run_00126|run_00127|run_00128|run_00129|run_00130,only_if_replacing_model_airtime_RX_proxy_with_measured_window
superseded_not_a_capture_queue,NECESAR_REVIZUIT.md,ebyte_e07_900mm10s,RADIO_EBYTE_E07_900MM10S,rx,8,1,"{""bit_rate_kbps"": 1.2, ""cc1101_drive_dbm"": -30}",3300,module radio\ESP32-C3_Radio\power_profiler\results\20260725_105431_radio_ebyte_e07_900mm10s_rx,power_profiler\comparisons\ebyte_e07_900mm10s_20260725\e07_900mm10s_rx.csv,RX_fixed_window_reanalysis_requires_new_RAW,5,run_00001|run_00002|run_00003|run_00004|run_00005,only_if_replacing_model_airtime_RX_proxy_with_measured_window
superseded_not_a_capture_queue,NECESAR_REVIZUIT.md,ebyte_e07_900mm10s,RADIO_EBYTE_E07_900MM10S,rx,32,1,"{""bit_rate_kbps"": 1.2, ""cc1101_drive_dbm"": -30}",3300,module radio\ESP32-C3_Radio\power_profiler\results\20260725_105431_radio_ebyte_e07_900mm10s_rx,power_profiler\comparisons\ebyte_e07_900mm10s_20260725\e07_900mm10s_rx.csv,RX_fixed_window_reanalysis_requires_new_RAW,5,run_00006|run_00007|run_00008|run_00009|run_00010,only_if_replacing_model_airtime_RX_proxy_with_measured_window
superseded_not_a_capture_queue,NECESAR_REVIZUIT.md,ebyte_e07_900mm10s,RADIO_EBYTE_E07_900MM10S,rx,8,1,"{""bit_rate_kbps"": 38.4, ""cc1101_drive_dbm"": -30}",3300,module radio\ESP32-C3_Radio\power_profiler\results\20260725_105431_radio_ebyte_e07_900mm10s_rx,power_profiler\comparisons\ebyte_e07_900mm10s_20260725\e07_900mm10s_rx.csv,RX_fixed_window_reanalysis_requires_new_RAW,5,run_00016|run_00017|run_00018|run_00019|run_00020,only_if_replacing_model_airtime_RX_proxy_with_measured_window
superseded_not_a_capture_queue,NECESAR_REVIZUIT.md,ebyte_e07_900mm10s,RADIO_EBYTE_E07_900MM10S,rx,32,1,"{""bit_rate_kbps"": 38.4, ""cc1101_drive_dbm"": -30}",3300,module radio\ESP32-C3_Radio\power_profiler\results\20260725_105431_radio_ebyte_e07_900mm10s_rx,power_profiler\comparisons\ebyte_e07_900mm10s_20260725\e07_900mm10s_rx.csv,RX_fixed_window_reanalysis_requires_new_RAW,5,run_00021|run_00022|run_00023|run_00024|run_00025,only_if_replacing_model_airtime_RX_proxy_with_measured_window
superseded_not_a_capture_queue,NECESAR_REVIZUIT.md,ebyte_e07_900mm10s,RADIO_EBYTE_E07_900MM10S,rx,8,1,"{""bit_rate_kbps"": 250, ""cc1101_drive_dbm"": -30}",3300,module radio\ESP32-C3_Radio\power_profiler\results\20260725_105431_radio_ebyte_e07_900mm10s_rx,power_profiler\comparisons\ebyte_e07_900mm10s_20260725\e07_900mm10s_rx.csv,RX_fixed_window_reanalysis_requires_new_RAW,5,run_00031|run_00032|run_00033|run_00034|run_00035,only_if_replacing_model_airtime_RX_proxy_with_measured_window
superseded_not_a_capture_queue,NECESAR_REVIZUIT.md,ebyte_e07_900mm10s,RADIO_EBYTE_E07_900MM10S,rx,32,1,"{""bit_rate_kbps"": 250, ""cc1101_drive_dbm"": -30}",3300,module radio\ESP32-C3_Radio\power_profiler\results\20260725_105431_radio_ebyte_e07_900mm10s_rx,power_profiler\comparisons\ebyte_e07_900mm10s_20260725\e07_900mm10s_rx.csv,RX_fixed_window_reanalysis_requires_new_RAW,5,run_00036|run_00037|run_00038|run_00039|run_00040,only_if_replacing_model_airtime_RX_proxy_with_measured_window
superseded_not_a_capture_queue,NECESAR_REVIZUIT.md,ebyte_e07_900mm10s,RADIO_EBYTE_E07_900MM10S,rx,8,1,"{""bit_rate_kbps"": 1.2, ""cc1101_drive_dbm"": 0}",3300,module radio\ESP32-C3_Radio\power_profiler\results\20260725_105431_radio_ebyte_e07_900mm10s_rx,power_profiler\comparisons\ebyte_e07_900mm10s_20260725\e07_900mm10s_rx.csv,RX_fixed_window_reanalysis_requires_new_RAW,5,run_00046|run_00047|run_00048|run_00049|run_00050,only_if_replacing_model_airtime_RX_proxy_with_measured_window
superseded_not_a_capture_queue,NECESAR_REVIZUIT.md,ebyte_e07_900mm10s,RADIO_EBYTE_E07_900MM10S,rx,32,1,"{""bit_rate_kbps"": 1.2, ""cc1101_drive_dbm"": 0}",3300,module radio\ESP32-C3_Radio\power_profiler\results\20260725_105431_radio_ebyte_e07_900mm10s_rx,power_profiler\comparisons\ebyte_e07_900mm10s_20260725\e07_900mm10s_rx.csv,RX_fixed_window_reanalysis_requires_new_RAW,5,run_00051|run_00052|run_00053|run_00054|run_00055,only_if_replacing_model_airtime_RX_proxy_with_measured_window
superseded_not_a_capture_queue,NECESAR_REVIZUIT.md,ebyte_e07_900mm10s,RADIO_EBYTE_E07_900MM10S,rx,8,1,"{""bit_rate_kbps"": 38.4, ""cc1101_drive_dbm"": 0}",3300,module radio\ESP32-C3_Radio\power_profiler\results\20260725_105431_radio_ebyte_e07_900mm10s_rx,power_profiler\comparisons\ebyte_e07_900mm10s_20260725\e07_900mm10s_rx.csv,RX_fixed_window_reanalysis_requires_new_RAW,5,run_00061|run_00062|run_00063|run_00064|run_00065,only_if_replacing_model_airtime_RX_proxy_with_measured_window
superseded_not_a_capture_queue,NECESAR_REVIZUIT.md,ebyte_e07_900mm10s,RADIO_EBYTE_E07_900MM10S,rx,32,1,"{""bit_rate_kbps"": 38.4, ""cc1101_drive_dbm"": 0}",3300,module radio\ESP32-C3_Radio\power_profiler\results\20260725_105431_radio_ebyte_e07_900mm10s_rx,power_profiler\comparisons\ebyte_e07_900mm10s_20260725\e07_900mm10s_rx.csv,RX_fixed_window_reanalysis_requires_new_RAW,5,run_00066|run_00067|run_00068|run_00069|run_00070,only_if_replacing_model_airtime_RX_proxy_with_measured_window
superseded_not_a_capture_queue,NECESAR_REVIZUIT.md,ebyte_e07_900mm10s,RADIO_EBYTE_E07_900MM10S,rx,8,1,"{""bit_rate_kbps"": 250, ""cc1101_drive_dbm"": 0}",3300,module radio\ESP32-C3_Radio\power_profiler\results\20260725_105431_radio_ebyte_e07_900mm10s_rx,power_profiler\comparisons\ebyte_e07_900mm10s_20260725\e07_900mm10s_rx.csv,RX_fixed_window_reanalysis_requires_new_RAW,5,run_00076|run_00077|run_00078|run_00079|run_00080,only_if_replacing_model_airtime_RX_proxy_with_measured_window
superseded_not_a_capture_queue,NECESAR_REVIZUIT.md,ebyte_e07_900mm10s,RADIO_EBYTE_E07_900MM10S,rx,32,1,"{""bit_rate_kbps"": 250, ""cc1101_drive_dbm"": 0}",3300,module radio\ESP32-C3_Radio\power_profiler\results\20260725_105431_radio_ebyte_e07_900mm10s_rx,power_profiler\comparisons\ebyte_e07_900mm10s_20260725\e07_900mm10s_rx.csv,RX_fixed_window_reanalysis_requires_new_RAW,5,run_00081|run_00082|run_00083|run_00084|run_00085,only_if_replacing_model_airtime_RX_proxy_with_measured_window
superseded_not_a_capture_queue,NECESAR_REVIZUIT.md,ebyte_e07_900mm10s,RADIO_EBYTE_E07_900MM10S,rx,8,1,"{""bit_rate_kbps"": 1.2, ""cc1101_drive_dbm"": 10}",3300,module radio\ESP32-C3_Radio\power_profiler\results\20260725_105431_radio_ebyte_e07_900mm10s_rx,power_profiler\comparisons\ebyte_e07_900mm10s_20260725\e07_900mm10s_rx.csv,RX_fixed_window_reanalysis_requires_new_RAW,5,run_00091|run_00092|run_00093|run_00094|run_00095,only_if_replacing_model_airtime_RX_proxy_with_measured_window
superseded_not_a_capture_queue,NECESAR_REVIZUIT.md,ebyte_e07_900mm10s,RADIO_EBYTE_E07_900MM10S,rx,32,1,"{""bit_rate_kbps"": 1.2, ""cc1101_drive_dbm"": 10}",3300,module radio\ESP32-C3_Radio\power_profiler\results\20260725_105431_radio_ebyte_e07_900mm10s_rx,power_profiler\comparisons\ebyte_e07_900mm10s_20260725\e07_900mm10s_rx.csv,RX_fixed_window_reanalysis_requires_new_RAW,5,run_00096|run_00097|run_00098|run_00099|run_00100,only_if_replacing_model_airtime_RX_proxy_with_measured_window
superseded_not_a_capture_queue,NECESAR_REVIZUIT.md,ebyte_e07_900mm10s,RADIO_EBYTE_E07_900MM10S,rx,8,1,"{""bit_rate_kbps"": 38.4, ""cc1101_drive_dbm"": 10}",3300,module radio\ESP32-C3_Radio\power_profiler\results\20260725_105431_radio_ebyte_e07_900mm10s_rx,power_profiler\comparisons\ebyte_e07_900mm10s_20260725\e07_900mm10s_rx.csv,RX_fixed_window_reanalysis_requires_new_RAW,5,run_00106|run_00107|run_00108|run_00109|run_00110,only_if_replacing_model_airtime_RX_proxy_with_measured_window
superseded_not_a_capture_queue,NECESAR_REVIZUIT.md,ebyte_e07_900mm10s,RADIO_EBYTE_E07_900MM10S,rx,32,1,"{""bit_rate_kbps"": 38.4, ""cc1101_drive_dbm"": 10}",3300,module radio\ESP32-C3_Radio\power_profiler\results\20260725_105431_radio_ebyte_e07_900mm10s_rx,power_profiler\comparisons\ebyte_e07_900mm10s_20260725\e07_900mm10s_rx.csv,RX_fixed_window_reanalysis_requires_new_RAW,5,run_00111|run_00112|run_00113|run_00114|run_00115,only_if_replacing_model_airtime_RX_proxy_with_measured_window
superseded_not_a_capture_queue,NECESAR_REVIZUIT.md,ebyte_e07_900mm10s,RADIO_EBYTE_E07_900MM10S,rx,8,1,"{""bit_rate_kbps"": 250, ""cc1101_drive_dbm"": 10}",3300,module radio\ESP32-C3_Radio\power_profiler\results\20260725_105431_radio_ebyte_e07_900mm10s_rx,power_profiler\comparisons\ebyte_e07_900mm10s_20260725\e07_900mm10s_rx.csv,RX_fixed_window_reanalysis_requires_new_RAW,5,run_00121|run_00122|run_00123|run_00124|run_00125,only_if_replacing_model_airtime_RX_proxy_with_measured_window
superseded_not_a_capture_queue,NECESAR_REVIZUIT.md,ebyte_e07_900mm10s,RADIO_EBYTE_E07_900MM10S,rx,32,1,"{""bit_rate_kbps"": 250, ""cc1101_drive_dbm"": 10}",3300,module radio\ESP32-C3_Radio\power_profiler\results\20260725_105431_radio_ebyte_e07_900mm10s_rx,power_profiler\comparisons\ebyte_e07_900mm10s_20260725\e07_900mm10s_rx.csv,RX_fixed_window_reanalysis_requires_new_RAW,5,run_00126|run_00127|run_00128|run_00129|run_00130,only_if_replacing_model_airtime_RX_proxy_with_measured_window
superseded_not_a_capture_queue,NECESAR_REVIZUIT.md,ebyte_e79_ch9340,RADIO_EBYTE_E79_CC1352P,rx,8,1,"{""rf_profile"": ""GFSK4K8"", ""tx_power_dbm"": -20}",3300,module radio\ESP32-C3_Radio\power_profiler\results\20260724_221207_radio_ebyte_e79_cc1352p_rx,power_profiler\comparisons\ebyte_e79_400dm2005s_20260724\e79_rx.csv,RX_fixed_window_reanalysis_requires_new_RAW,5,run_00001|run_00002|run_00003|run_00004|run_00005,only_if_replacing_model_airtime_RX_proxy_with_measured_window
superseded_not_a_capture_queue,NECESAR_REVIZUIT.md,ebyte_e79_ch9340,RADIO_EBYTE_E79_CC1352P,rx,32,1,"{""rf_profile"": ""GFSK4K8"", ""tx_power_dbm"": -20}",3300,module radio\ESP32-C3_Radio\power_profiler\results\20260724_221207_radio_ebyte_e79_cc1352p_rx,power_profiler\comparisons\ebyte_e79_400dm2005s_20260724\e79_rx.csv,RX_fixed_window_reanalysis_requires_new_RAW,5,run_00006|run_00007|run_00008|run_00009|run_00010,only_if_replacing_model_airtime_RX_proxy_with_measured_window
superseded_not_a_capture_queue,NECESAR_REVIZUIT.md,ebyte_e79_ch9340,RADIO_EBYTE_E79_CC1352P,rx,64,1,"{""rf_profile"": ""GFSK4K8"", ""tx_power_dbm"": -20}",3300,module radio\ESP32-C3_Radio\power_profiler\results\20260724_221207_radio_ebyte_e79_cc1352p_rx,power_profiler\comparisons\ebyte_e79_400dm2005s_20260724\e79_rx.csv,RX_fixed_window_reanalysis_requires_new_RAW,5,run_00011|run_00012|run_00013|run_00014|run_00015,only_if_replacing_model_airtime_RX_proxy_with_measured_window
superseded_not_a_capture_queue,NECESAR_REVIZUIT.md,ebyte_e79_ch9340,RADIO_EBYTE_E79_CC1352P,rx,8,1,"{""rf_profile"": ""GFSK4K8"", ""tx_power_dbm"": 0}",3300,module radio\ESP32-C3_Radio\power_profiler\results\20260724_221207_radio_ebyte_e79_cc1352p_rx,power_profiler\comparisons\ebyte_e79_400dm2005s_20260724\e79_rx.csv,RX_fixed_window_reanalysis_requires_new_RAW,5,run_00031|run_00032|run_00033|run_00034|run_00035,only_if_replacing_model_airtime_RX_proxy_with_measured_window
superseded_not_a_capture_queue,NECESAR_REVIZUIT.md,ebyte_e79_ch9340,RADIO_EBYTE_E79_CC1352P,rx,32,1,"{""rf_profile"": ""GFSK4K8"", ""tx_power_dbm"": 0}",3300,module radio\ESP32-C3_Radio\power_profiler\results\20260724_221207_radio_ebyte_e79_cc1352p_rx,power_profiler\comparisons\ebyte_e79_400dm2005s_20260724\e79_rx.csv,RX_fixed_window_reanalysis_requires_new_RAW,5,run_00036|run_00037|run_00038|run_00039|run_00040,only_if_replacing_model_airtime_RX_proxy_with_measured_window
superseded_not_a_capture_queue,NECESAR_REVIZUIT.md,ebyte_e79_ch9340,RADIO_EBYTE_E79_CC1352P,rx,64,1,"{""rf_profile"": ""GFSK4K8"", ""tx_power_dbm"": 0}",3300,module radio\ESP32-C3_Radio\power_profiler\results\20260724_221207_radio_ebyte_e79_cc1352p_rx,power_profiler\comparisons\ebyte_e79_400dm2005s_20260724\e79_rx.csv,RX_fixed_window_reanalysis_requires_new_RAW,5,run_00041|run_00042|run_00043|run_00044|run_00045,only_if_replacing_model_airtime_RX_proxy_with_measured_window
superseded_not_a_capture_queue,NECESAR_REVIZUIT.md,ebyte_e79_ch9340,RADIO_EBYTE_E79_CC1352P,rx,8,1,"{""rf_profile"": ""GFSK4K8"", ""tx_power_dbm"": 13}",3300,module radio\ESP32-C3_Radio\power_profiler\results\20260724_221207_radio_ebyte_e79_cc1352p_rx,power_profiler\comparisons\ebyte_e79_400dm2005s_20260724\e79_rx.csv,RX_fixed_window_reanalysis_requires_new_RAW,5,run_00061|run_00062|run_00063|run_00064|run_00065,only_if_replacing_model_airtime_RX_proxy_with_measured_window
superseded_not_a_capture_queue,NECESAR_REVIZUIT.md,ebyte_e79_ch9340,RADIO_EBYTE_E79_CC1352P,rx,32,1,"{""rf_profile"": ""GFSK4K8"", ""tx_power_dbm"": 13}",3300,module radio\ESP32-C3_Radio\power_profiler\results\20260724_221207_radio_ebyte_e79_cc1352p_rx,power_profiler\comparisons\ebyte_e79_400dm2005s_20260724\e79_rx.csv,RX_fixed_window_reanalysis_requires_new_RAW,5,run_00066|run_00067|run_00068|run_00069|run_00070,only_if_replacing_model_airtime_RX_proxy_with_measured_window
superseded_not_a_capture_queue,NECESAR_REVIZUIT.md,ebyte_e79_ch9340,RADIO_EBYTE_E79_CC1352P,rx,64,1,"{""rf_profile"": ""GFSK4K8"", ""tx_power_dbm"": 13}",3300,module radio\ESP32-C3_Radio\power_profiler\results\20260724_221207_radio_ebyte_e79_cc1352p_rx,power_profiler\comparisons\ebyte_e79_400dm2005s_20260724\e79_rx.csv,RX_fixed_window_reanalysis_requires_new_RAW,5,run_00071|run_00072|run_00073|run_00074|run_00075,only_if_replacing_model_airtime_RX_proxy_with_measured_window
superseded_not_a_capture_queue,NECESAR_REVIZUIT.md,ebyte_e79_ch9340,RADIO_EBYTE_E79_CC1352P,rx,8,1,"{""rf_profile"": ""GFSK50"", ""tx_power_dbm"": -20}",3300,module radio\ESP32-C3_Radio\power_profiler\results\20260724_221207_radio_ebyte_e79_cc1352p_rx,power_profiler\comparisons\ebyte_e79_400dm2005s_20260724\e79_rx.csv,RX_fixed_window_reanalysis_requires_new_RAW,5,run_00091|run_00092|run_00093|run_00094|run_00095,only_if_replacing_model_airtime_RX_proxy_with_measured_window
superseded_not_a_capture_queue,NECESAR_REVIZUIT.md,ebyte_e79_ch9340,RADIO_EBYTE_E79_CC1352P,rx,32,1,"{""rf_profile"": ""GFSK50"", ""tx_power_dbm"": -20}",3300,module radio\ESP32-C3_Radio\power_profiler\results\20260724_221207_radio_ebyte_e79_cc1352p_rx,power_profiler\comparisons\ebyte_e79_400dm2005s_20260724\e79_rx.csv,RX_fixed_window_reanalysis_requires_new_RAW,5,run_00096|run_00097|run_00098|run_00099|run_00100,only_if_replacing_model_airtime_RX_proxy_with_measured_window
superseded_not_a_capture_queue,NECESAR_REVIZUIT.md,ebyte_e79_ch9340,RADIO_EBYTE_E79_CC1352P,rx,64,1,"{""rf_profile"": ""GFSK50"", ""tx_power_dbm"": -20}",3300,module radio\ESP32-C3_Radio\power_profiler\results\20260724_221207_radio_ebyte_e79_cc1352p_rx,power_profiler\comparisons\ebyte_e79_400dm2005s_20260724\e79_rx.csv,RX_fixed_window_reanalysis_requires_new_RAW,5,run_00101|run_00102|run_00103|run_00104|run_00105,only_if_replacing_model_airtime_RX_proxy_with_measured_window
superseded_not_a_capture_queue,NECESAR_REVIZUIT.md,ebyte_e79_ch9340,RADIO_EBYTE_E79_CC1352P,rx,8,1,"{""rf_profile"": ""GFSK50"", ""tx_power_dbm"": 0}",3300,module radio\ESP32-C3_Radio\power_profiler\results\20260724_221207_radio_ebyte_e79_cc1352p_rx,power_profiler\comparisons\ebyte_e79_400dm2005s_20260724\e79_rx.csv,RX_fixed_window_reanalysis_requires_new_RAW,5,run_00121|run_00122|run_00123|run_00124|run_00125,only_if_replacing_model_airtime_RX_proxy_with_measured_window
superseded_not_a_capture_queue,NECESAR_REVIZUIT.md,ebyte_e79_ch9340,RADIO_EBYTE_E79_CC1352P,rx,32,1,"{""rf_profile"": ""GFSK50"", ""tx_power_dbm"": 0}",3300,module radio\ESP32-C3_Radio\power_profiler\results\20260724_221207_radio_ebyte_e79_cc1352p_rx,power_profiler\comparisons\ebyte_e79_400dm2005s_20260724\e79_rx.csv,RX_fixed_window_reanalysis_requires_new_RAW,5,run_00126|run_00127|run_00128|run_00129|run_00130,only_if_replacing_model_airtime_RX_proxy_with_measured_window
superseded_not_a_capture_queue,NECESAR_REVIZUIT.md,ebyte_e79_ch9340,RADIO_EBYTE_E79_CC1352P,rx,64,1,"{""rf_profile"": ""GFSK50"", ""tx_power_dbm"": 0}",3300,module radio\ESP32-C3_Radio\power_profiler\results\20260724_221207_radio_ebyte_e79_cc1352p_rx,power_profiler\comparisons\ebyte_e79_400dm2005s_20260724\e79_rx.csv,RX_fixed_window_reanalysis_requires_new_RAW,5,run_00131|run_00132|run_00133|run_00134|run_00135,only_if_replacing_model_airtime_RX_proxy_with_measured_window
superseded_not_a_capture_queue,NECESAR_REVIZUIT.md,ebyte_e79_ch9340,RADIO_EBYTE_E79_CC1352P,rx,8,1,"{""rf_profile"": ""GFSK50"", ""tx_power_dbm"": 13}",3300,module radio\ESP32-C3_Radio\power_profiler\results\20260724_221207_radio_ebyte_e79_cc1352p_rx,power_profiler\comparisons\ebyte_e79_400dm2005s_20260724\e79_rx.csv,RX_fixed_window_reanalysis_requires_new_RAW,5,run_00151|run_00152|run_00153|run_00154|run_00155,only_if_replacing_model_airtime_RX_proxy_with_measured_window
superseded_not_a_capture_queue,NECESAR_REVIZUIT.md,ebyte_e79_ch9340,RADIO_EBYTE_E79_CC1352P,rx,32,1,"{""rf_profile"": ""GFSK50"", ""tx_power_dbm"": 13}",3300,module radio\ESP32-C3_Radio\power_profiler\results\20260724_221207_radio_ebyte_e79_cc1352p_rx,power_profiler\comparisons\ebyte_e79_400dm2005s_20260724\e79_rx.csv,RX_fixed_window_reanalysis_requires_new_RAW,5,run_00156|run_00157|run_00158|run_00159|run_00160,only_if_replacing_model_airtime_RX_proxy_with_measured_window
superseded_not_a_capture_queue,NECESAR_REVIZUIT.md,ebyte_e79_ch9340,RADIO_EBYTE_E79_CC1352P,rx,64,1,"{""rf_profile"": ""GFSK50"", ""tx_power_dbm"": 13}",3300,module radio\ESP32-C3_Radio\power_profiler\results\20260724_221207_radio_ebyte_e79_cc1352p_rx,power_profiler\comparisons\ebyte_e79_400dm2005s_20260724\e79_rx.csv,RX_fixed_window_reanalysis_requires_new_RAW,5,run_00161|run_00162|run_00163|run_00164|run_00165,only_if_replacing_model_airtime_RX_proxy_with_measured_window
superseded_not_a_capture_queue,NECESAR_REVIZUIT.md,ebyte_e79_ch9340,RADIO_EBYTE_E79_CC1352P,rx,8,1,"{""rf_profile"": ""GFSK200"", ""tx_power_dbm"": -20}",3300,module radio\ESP32-C3_Radio\power_profiler\results\20260724_221207_radio_ebyte_e79_cc1352p_rx,power_profiler\comparisons\ebyte_e79_400dm2005s_20260724\e79_rx.csv,RX_fixed_window_reanalysis_requires_new_RAW,5,run_00181|run_00182|run_00183|run_00184|run_00185,only_if_replacing_model_airtime_RX_proxy_with_measured_window
superseded_not_a_capture_queue,NECESAR_REVIZUIT.md,ebyte_e79_ch9340,RADIO_EBYTE_E79_CC1352P,rx,32,1,"{""rf_profile"": ""GFSK200"", ""tx_power_dbm"": -20}",3300,module radio\ESP32-C3_Radio\power_profiler\results\20260724_221207_radio_ebyte_e79_cc1352p_rx,power_profiler\comparisons\ebyte_e79_400dm2005s_20260724\e79_rx.csv,RX_fixed_window_reanalysis_requires_new_RAW,5,run_00186|run_00187|run_00188|run_00189|run_00190,only_if_replacing_model_airtime_RX_proxy_with_measured_window
superseded_not_a_capture_queue,NECESAR_REVIZUIT.md,ebyte_e79_ch9340,RADIO_EBYTE_E79_CC1352P,rx,64,1,"{""rf_profile"": ""GFSK200"", ""tx_power_dbm"": -20}",3300,module radio\ESP32-C3_Radio\power_profiler\results\20260724_221207_radio_ebyte_e79_cc1352p_rx,power_profiler\comparisons\ebyte_e79_400dm2005s_20260724\e79_rx.csv,RX_fixed_window_reanalysis_requires_new_RAW,5,run_00191|run_00192|run_00193|run_00194|run_00195,only_if_replacing_model_airtime_RX_proxy_with_measured_window
superseded_not_a_capture_queue,NECESAR_REVIZUIT.md,ebyte_e79_ch9340,RADIO_EBYTE_E79_CC1352P,rx,8,1,"{""rf_profile"": ""GFSK200"", ""tx_power_dbm"": 0}",3300,module radio\ESP32-C3_Radio\power_profiler\results\20260724_221207_radio_ebyte_e79_cc1352p_rx,power_profiler\comparisons\ebyte_e79_400dm2005s_20260724\e79_rx.csv,RX_fixed_window_reanalysis_requires_new_RAW,5,run_00211|run_00212|run_00213|run_00214|run_00215,only_if_replacing_model_airtime_RX_proxy_with_measured_window
superseded_not_a_capture_queue,NECESAR_REVIZUIT.md,ebyte_e79_ch9340,RADIO_EBYTE_E79_CC1352P,rx,32,1,"{""rf_profile"": ""GFSK200"", ""tx_power_dbm"": 0}",3300,module radio\ESP32-C3_Radio\power_profiler\results\20260724_221207_radio_ebyte_e79_cc1352p_rx,power_profiler\comparisons\ebyte_e79_400dm2005s_20260724\e79_rx.csv,RX_fixed_window_reanalysis_requires_new_RAW,5,run_00216|run_00217|run_00218|run_00219|run_00220,only_if_replacing_model_airtime_RX_proxy_with_measured_window
superseded_not_a_capture_queue,NECESAR_REVIZUIT.md,ebyte_e79_ch9340,RADIO_EBYTE_E79_CC1352P,rx,64,1,"{""rf_profile"": ""GFSK200"", ""tx_power_dbm"": 0}",3300,module radio\ESP32-C3_Radio\power_profiler\results\20260724_221207_radio_ebyte_e79_cc1352p_rx,power_profiler\comparisons\ebyte_e79_400dm2005s_20260724\e79_rx.csv,RX_fixed_window_reanalysis_requires_new_RAW,5,run_00221|run_00222|run_00223|run_00224|run_00225,only_if_replacing_model_airtime_RX_proxy_with_measured_window
superseded_not_a_capture_queue,NECESAR_REVIZUIT.md,ebyte_e79_ch9340,RADIO_EBYTE_E79_CC1352P,rx,8,1,"{""rf_profile"": ""GFSK200"", ""tx_power_dbm"": 13}",3300,module radio\ESP32-C3_Radio\power_profiler\results\20260724_221207_radio_ebyte_e79_cc1352p_rx,power_profiler\comparisons\ebyte_e79_400dm2005s_20260724\e79_rx.csv,RX_fixed_window_reanalysis_requires_new_RAW,5,run_00241|run_00242|run_00243|run_00244|run_00245,only_if_replacing_model_airtime_RX_proxy_with_measured_window
superseded_not_a_capture_queue,NECESAR_REVIZUIT.md,ebyte_e79_ch9340,RADIO_EBYTE_E79_CC1352P,rx,32,1,"{""rf_profile"": ""GFSK200"", ""tx_power_dbm"": 13}",3300,module radio\ESP32-C3_Radio\power_profiler\results\20260724_221207_radio_ebyte_e79_cc1352p_rx,power_profiler\comparisons\ebyte_e79_400dm2005s_20260724\e79_rx.csv,RX_fixed_window_reanalysis_requires_new_RAW,5,run_00246|run_00247|run_00248|run_00249|run_00250,only_if_replacing_model_airtime_RX_proxy_with_measured_window
superseded_not_a_capture_queue,NECESAR_REVIZUIT.md,ebyte_e79_ch9340,RADIO_EBYTE_E79_CC1352P,rx,64,1,"{""rf_profile"": ""GFSK200"", ""tx_power_dbm"": 13}",3300,module radio\ESP32-C3_Radio\power_profiler\results\20260724_221207_radio_ebyte_e79_cc1352p_rx,power_profiler\comparisons\ebyte_e79_400dm2005s_20260724\e79_rx.csv,RX_fixed_window_reanalysis_requires_new_RAW,5,run_00251|run_00252|run_00253|run_00254|run_00255,only_if_replacing_model_airtime_RX_proxy_with_measured_window
superseded_not_a_capture_queue,NECESAR_REVIZUIT.md,ebyte_e79_ch9340,RADIO_EBYTE_E79_CC1352P,rx,8,1,"{""rf_profile"": ""SLR2K5"", ""tx_power_dbm"": -20}",3300,module radio\ESP32-C3_Radio\power_profiler\results\20260724_221207_radio_ebyte_e79_cc1352p_rx,power_profiler\comparisons\ebyte_e79_400dm2005s_20260724\e79_rx.csv,RX_fixed_window_reanalysis_requires_new_RAW,5,run_00271|run_00272|run_00273|run_00274|run_00275,only_if_replacing_model_airtime_RX_proxy_with_measured_window
superseded_not_a_capture_queue,NECESAR_REVIZUIT.md,ebyte_e79_ch9340,RADIO_EBYTE_E79_CC1352P,rx,32,1,"{""rf_profile"": ""SLR2K5"", ""tx_power_dbm"": -20}",3300,module radio\ESP32-C3_Radio\power_profiler\results\20260724_221207_radio_ebyte_e79_cc1352p_rx,power_profiler\comparisons\ebyte_e79_400dm2005s_20260724\e79_rx.csv,RX_fixed_window_reanalysis_requires_new_RAW,5,run_00276|run_00277|run_00278|run_00279|run_00280,only_if_replacing_model_airtime_RX_proxy_with_measured_window
superseded_not_a_capture_queue,NECESAR_REVIZUIT.md,ebyte_e79_ch9340,RADIO_EBYTE_E79_CC1352P,rx,64,1,"{""rf_profile"": ""SLR2K5"", ""tx_power_dbm"": -20}",3300,module radio\ESP32-C3_Radio\power_profiler\results\20260724_221207_radio_ebyte_e79_cc1352p_rx,power_profiler\comparisons\ebyte_e79_400dm2005s_20260724\e79_rx.csv,RX_fixed_window_reanalysis_requires_new_RAW,5,run_00281|run_00282|run_00283|run_00284|run_00285,only_if_replacing_model_airtime_RX_proxy_with_measured_window
superseded_not_a_capture_queue,NECESAR_REVIZUIT.md,ebyte_e79_ch9340,RADIO_EBYTE_E79_CC1352P,rx,8,1,"{""rf_profile"": ""SLR2K5"", ""tx_power_dbm"": 0}",3300,module radio\ESP32-C3_Radio\power_profiler\results\20260724_221207_radio_ebyte_e79_cc1352p_rx,power_profiler\comparisons\ebyte_e79_400dm2005s_20260724\e79_rx.csv,RX_fixed_window_reanalysis_requires_new_RAW,5,run_00301|run_00302|run_00303|run_00304|run_00305,only_if_replacing_model_airtime_RX_proxy_with_measured_window
superseded_not_a_capture_queue,NECESAR_REVIZUIT.md,ebyte_e79_ch9340,RADIO_EBYTE_E79_CC1352P,rx,32,1,"{""rf_profile"": ""SLR2K5"", ""tx_power_dbm"": 0}",3300,module radio\ESP32-C3_Radio\power_profiler\results\20260724_221207_radio_ebyte_e79_cc1352p_rx,power_profiler\comparisons\ebyte_e79_400dm2005s_20260724\e79_rx.csv,RX_fixed_window_reanalysis_requires_new_RAW,5,run_00306|run_00307|run_00308|run_00309|run_00310,only_if_replacing_model_airtime_RX_proxy_with_measured_window
superseded_not_a_capture_queue,NECESAR_REVIZUIT.md,ebyte_e79_ch9340,RADIO_EBYTE_E79_CC1352P,rx,64,1,"{""rf_profile"": ""SLR2K5"", ""tx_power_dbm"": 0}",3300,module radio\ESP32-C3_Radio\power_profiler\results\20260724_221207_radio_ebyte_e79_cc1352p_rx,power_profiler\comparisons\ebyte_e79_400dm2005s_20260724\e79_rx.csv,RX_fixed_window_reanalysis_requires_new_RAW,5,run_00311|run_00312|run_00313|run_00314|run_00315,only_if_replacing_model_airtime_RX_proxy_with_measured_window
superseded_not_a_capture_queue,NECESAR_REVIZUIT.md,ebyte_e79_ch9340,RADIO_EBYTE_E79_CC1352P,rx,8,1,"{""rf_profile"": ""SLR2K5"", ""tx_power_dbm"": 13}",3300,module radio\ESP32-C3_Radio\power_profiler\results\20260724_221207_radio_ebyte_e79_cc1352p_rx,power_profiler\comparisons\ebyte_e79_400dm2005s_20260724\e79_rx.csv,RX_fixed_window_reanalysis_requires_new_RAW,5,run_00331|run_00332|run_00333|run_00334|run_00335,only_if_replacing_model_airtime_RX_proxy_with_measured_window
superseded_not_a_capture_queue,NECESAR_REVIZUIT.md,ebyte_e79_ch9340,RADIO_EBYTE_E79_CC1352P,rx,32,1,"{""rf_profile"": ""SLR2K5"", ""tx_power_dbm"": 13}",3300,module radio\ESP32-C3_Radio\power_profiler\results\20260724_221207_radio_ebyte_e79_cc1352p_rx,power_profiler\comparisons\ebyte_e79_400dm2005s_20260724\e79_rx.csv,RX_fixed_window_reanalysis_requires_new_RAW,5,run_00336|run_00337|run_00338|run_00339|run_00340,only_if_replacing_model_airtime_RX_proxy_with_measured_window
superseded_not_a_capture_queue,NECESAR_REVIZUIT.md,ebyte_e79_ch9340,RADIO_EBYTE_E79_CC1352P,rx,64,1,"{""rf_profile"": ""SLR2K5"", ""tx_power_dbm"": 13}",3300,module radio\ESP32-C3_Radio\power_profiler\results\20260724_221207_radio_ebyte_e79_cc1352p_rx,power_profiler\comparisons\ebyte_e79_400dm2005s_20260724\e79_rx.csv,RX_fixed_window_reanalysis_requires_new_RAW,5,run_00341|run_00342|run_00343|run_00344|run_00345,only_if_replacing_model_airtime_RX_proxy_with_measured_window
superseded_not_a_capture_queue,NECESAR_REVIZUIT.md,ebyte_e79_ch9340,RADIO_EBYTE_E79_CC1352P,rx,8,1,"{""rf_profile"": ""SLR5"", ""tx_power_dbm"": -20}",3300,module radio\ESP32-C3_Radio\power_profiler\results\20260724_221207_radio_ebyte_e79_cc1352p_rx,power_profiler\comparisons\ebyte_e79_400dm2005s_20260724\e79_rx.csv,RX_fixed_window_reanalysis_requires_new_RAW,5,run_00361|run_00362|run_00363|run_00364|run_00365,only_if_replacing_model_airtime_RX_proxy_with_measured_window
superseded_not_a_capture_queue,NECESAR_REVIZUIT.md,ebyte_e79_ch9340,RADIO_EBYTE_E79_CC1352P,rx,32,1,"{""rf_profile"": ""SLR5"", ""tx_power_dbm"": -20}",3300,module radio\ESP32-C3_Radio\power_profiler\results\20260724_221207_radio_ebyte_e79_cc1352p_rx,power_profiler\comparisons\ebyte_e79_400dm2005s_20260724\e79_rx.csv,RX_fixed_window_reanalysis_requires_new_RAW,5,run_00366|run_00367|run_00368|run_00369|run_00370,only_if_replacing_model_airtime_RX_proxy_with_measured_window
superseded_not_a_capture_queue,NECESAR_REVIZUIT.md,ebyte_e79_ch9340,RADIO_EBYTE_E79_CC1352P,rx,64,1,"{""rf_profile"": ""SLR5"", ""tx_power_dbm"": -20}",3300,module radio\ESP32-C3_Radio\power_profiler\results\20260724_221207_radio_ebyte_e79_cc1352p_rx,power_profiler\comparisons\ebyte_e79_400dm2005s_20260724\e79_rx.csv,RX_fixed_window_reanalysis_requires_new_RAW,5,run_00371|run_00372|run_00373|run_00374|run_00375,only_if_replacing_model_airtime_RX_proxy_with_measured_window
superseded_not_a_capture_queue,NECESAR_REVIZUIT.md,ebyte_e79_ch9340,RADIO_EBYTE_E79_CC1352P,rx,8,1,"{""rf_profile"": ""SLR5"", ""tx_power_dbm"": 0}",3300,module radio\ESP32-C3_Radio\power_profiler\results\20260724_221207_radio_ebyte_e79_cc1352p_rx,power_profiler\comparisons\ebyte_e79_400dm2005s_20260724\e79_rx.csv,RX_fixed_window_reanalysis_requires_new_RAW,5,run_00391|run_00392|run_00393|run_00394|run_00395,only_if_replacing_model_airtime_RX_proxy_with_measured_window
superseded_not_a_capture_queue,NECESAR_REVIZUIT.md,ebyte_e79_ch9340,RADIO_EBYTE_E79_CC1352P,rx,32,1,"{""rf_profile"": ""SLR5"", ""tx_power_dbm"": 0}",3300,module radio\ESP32-C3_Radio\power_profiler\results\20260724_221207_radio_ebyte_e79_cc1352p_rx,power_profiler\comparisons\ebyte_e79_400dm2005s_20260724\e79_rx.csv,RX_fixed_window_reanalysis_requires_new_RAW,5,run_00396|run_00397|run_00398|run_00399|run_00400,only_if_replacing_model_airtime_RX_proxy_with_measured_window
superseded_not_a_capture_queue,NECESAR_REVIZUIT.md,ebyte_e79_ch9340,RADIO_EBYTE_E79_CC1352P,rx,64,1,"{""rf_profile"": ""SLR5"", ""tx_power_dbm"": 0}",3300,module radio\ESP32-C3_Radio\power_profiler\results\20260724_221207_radio_ebyte_e79_cc1352p_rx,power_profiler\comparisons\ebyte_e79_400dm2005s_20260724\e79_rx.csv,RX_fixed_window_reanalysis_requires_new_RAW,5,run_00401|run_00402|run_00403|run_00404|run_00405,only_if_replacing_model_airtime_RX_proxy_with_measured_window
superseded_not_a_capture_queue,NECESAR_REVIZUIT.md,ebyte_e79_ch9340,RADIO_EBYTE_E79_CC1352P,rx,8,1,"{""rf_profile"": ""SLR5"", ""tx_power_dbm"": 13}",3300,module radio\ESP32-C3_Radio\power_profiler\results\20260724_221207_radio_ebyte_e79_cc1352p_rx,power_profiler\comparisons\ebyte_e79_400dm2005s_20260724\e79_rx.csv,RX_fixed_window_reanalysis_requires_new_RAW,5,run_00421|run_00422|run_00423|run_00424|run_00425,only_if_replacing_model_airtime_RX_proxy_with_measured_window
superseded_not_a_capture_queue,NECESAR_REVIZUIT.md,ebyte_e79_ch9340,RADIO_EBYTE_E79_CC1352P,rx,32,1,"{""rf_profile"": ""SLR5"", ""tx_power_dbm"": 13}",3300,module radio\ESP32-C3_Radio\power_profiler\results\20260724_221207_radio_ebyte_e79_cc1352p_rx,power_profiler\comparisons\ebyte_e79_400dm2005s_20260724\e79_rx.csv,RX_fixed_window_reanalysis_requires_new_RAW,5,run_00426|run_00427|run_00428|run_00429|run_00430,only_if_replacing_model_airtime_RX_proxy_with_measured_window
superseded_not_a_capture_queue,NECESAR_REVIZUIT.md,ebyte_e79_ch9340,RADIO_EBYTE_E79_CC1352P,rx,64,1,"{""rf_profile"": ""SLR5"", ""tx_power_dbm"": 13}",3300,module radio\ESP32-C3_Radio\power_profiler\results\20260724_221207_radio_ebyte_e79_cc1352p_rx,power_profiler\comparisons\ebyte_e79_400dm2005s_20260724\e79_rx.csv,RX_fixed_window_reanalysis_requires_new_RAW,5,run_00431|run_00432|run_00433|run_00434|run_00435,only_if_replacing_model_airtime_RX_proxy_with_measured_window
superseded_not_a_capture_queue,NECESAR_REVIZUIT.md,ebyte_e79_ch9340,RADIO_EBYTE_E79_CC1352P,rx,8,1,"{""rf_profile"": ""OOK4K8"", ""tx_power_dbm"": -20}",3300,module radio\ESP32-C3_Radio\power_profiler\results\20260724_221207_radio_ebyte_e79_cc1352p_rx,power_profiler\comparisons\ebyte_e79_400dm2005s_20260724\e79_rx.csv,RX_fixed_window_reanalysis_requires_new_RAW,5,run_00451|run_00452|run_00453|run_00454|run_00455,only_if_replacing_model_airtime_RX_proxy_with_measured_window
superseded_not_a_capture_queue,NECESAR_REVIZUIT.md,ebyte_e79_ch9340,RADIO_EBYTE_E79_CC1352P,rx,32,1,"{""rf_profile"": ""OOK4K8"", ""tx_power_dbm"": -20}",3300,module radio\ESP32-C3_Radio\power_profiler\results\20260724_221207_radio_ebyte_e79_cc1352p_rx,power_profiler\comparisons\ebyte_e79_400dm2005s_20260724\e79_rx.csv,RX_fixed_window_reanalysis_requires_new_RAW,5,run_00456|run_00457|run_00458|run_00459|run_00460,only_if_replacing_model_airtime_RX_proxy_with_measured_window
superseded_not_a_capture_queue,NECESAR_REVIZUIT.md,ebyte_e79_ch9340,RADIO_EBYTE_E79_CC1352P,rx,64,1,"{""rf_profile"": ""OOK4K8"", ""tx_power_dbm"": -20}",3300,module radio\ESP32-C3_Radio\power_profiler\results\20260724_221207_radio_ebyte_e79_cc1352p_rx,power_profiler\comparisons\ebyte_e79_400dm2005s_20260724\e79_rx.csv,RX_fixed_window_reanalysis_requires_new_RAW,5,run_00461|run_00462|run_00463|run_00464|run_00465,only_if_replacing_model_airtime_RX_proxy_with_measured_window
superseded_not_a_capture_queue,NECESAR_REVIZUIT.md,ebyte_e79_ch9340,RADIO_EBYTE_E79_CC1352P,rx,8,1,"{""rf_profile"": ""OOK4K8"", ""tx_power_dbm"": 0}",3300,module radio\ESP32-C3_Radio\power_profiler\results\20260724_221207_radio_ebyte_e79_cc1352p_rx,power_profiler\comparisons\ebyte_e79_400dm2005s_20260724\e79_rx.csv,RX_fixed_window_reanalysis_requires_new_RAW,5,run_00481|run_00482|run_00483|run_00484|run_00485,only_if_replacing_model_airtime_RX_proxy_with_measured_window
superseded_not_a_capture_queue,NECESAR_REVIZUIT.md,ebyte_e79_ch9340,RADIO_EBYTE_E79_CC1352P,rx,32,1,"{""rf_profile"": ""OOK4K8"", ""tx_power_dbm"": 0}",3300,module radio\ESP32-C3_Radio\power_profiler\results\20260724_221207_radio_ebyte_e79_cc1352p_rx,power_profiler\comparisons\ebyte_e79_400dm2005s_20260724\e79_rx.csv,RX_fixed_window_reanalysis_requires_new_RAW,5,run_00486|run_00487|run_00488|run_00489|run_00490,only_if_replacing_model_airtime_RX_proxy_with_measured_window
superseded_not_a_capture_queue,NECESAR_REVIZUIT.md,ebyte_e79_ch9340,RADIO_EBYTE_E79_CC1352P,rx,64,1,"{""rf_profile"": ""OOK4K8"", ""tx_power_dbm"": 0}",3300,module radio\ESP32-C3_Radio\power_profiler\results\20260724_221207_radio_ebyte_e79_cc1352p_rx,power_profiler\comparisons\ebyte_e79_400dm2005s_20260724\e79_rx.csv,RX_fixed_window_reanalysis_requires_new_RAW,5,run_00491|run_00492|run_00493|run_00494|run_00495,only_if_replacing_model_airtime_RX_proxy_with_measured_window
superseded_not_a_capture_queue,NECESAR_REVIZUIT.md,ebyte_e79_ch9340,RADIO_EBYTE_E79_CC1352P,rx,8,1,"{""rf_profile"": ""OOK4K8"", ""tx_power_dbm"": 13}",3300,module radio\ESP32-C3_Radio\power_profiler\results\20260724_221207_radio_ebyte_e79_cc1352p_rx,power_profiler\comparisons\ebyte_e79_400dm2005s_20260724\e79_rx.csv,RX_fixed_window_reanalysis_requires_new_RAW,5,run_00511|run_00512|run_00513|run_00514|run_00515,only_if_replacing_model_airtime_RX_proxy_with_measured_window
superseded_not_a_capture_queue,NECESAR_REVIZUIT.md,ebyte_e79_ch9340,RADIO_EBYTE_E79_CC1352P,rx,32,1,"{""rf_profile"": ""OOK4K8"", ""tx_power_dbm"": 13}",3300,module radio\ESP32-C3_Radio\power_profiler\results\20260724_221207_radio_ebyte_e79_cc1352p_rx,power_profiler\comparisons\ebyte_e79_400dm2005s_20260724\e79_rx.csv,RX_fixed_window_reanalysis_requires_new_RAW,5,run_00516|run_00517|run_00518|run_00519|run_00520,only_if_replacing_model_airtime_RX_proxy_with_measured_window
superseded_not_a_capture_queue,NECESAR_REVIZUIT.md,ebyte_e79_ch9340,RADIO_EBYTE_E79_CC1352P,rx,64,1,"{""rf_profile"": ""OOK4K8"", ""tx_power_dbm"": 13}",3300,module radio\ESP32-C3_Radio\power_profiler\results\20260724_221207_radio_ebyte_e79_cc1352p_rx,power_profiler\comparisons\ebyte_e79_400dm2005s_20260724\e79_rx.csv,RX_fixed_window_reanalysis_requires_new_RAW,5,run_00521|run_00522|run_00523|run_00524|run_00525,only_if_replacing_model_airtime_RX_proxy_with_measured_window
superseded_not_a_capture_queue,NECESAR_REVIZUIT.md,ebyte_e79_ch9340,RADIO_EBYTE_E79_CC1352P,rx,8,1,"{""rf_profile"": ""IEEE154G50"", ""tx_power_dbm"": -20}",3300,module radio\ESP32-C3_Radio\power_profiler\results\20260724_221207_radio_ebyte_e79_cc1352p_rx,power_profiler\comparisons\ebyte_e79_400dm2005s_20260724\e79_rx.csv,RX_fixed_window_reanalysis_requires_new_RAW,5,run_00541|run_00542|run_00543|run_00544|run_00545,only_if_replacing_model_airtime_RX_proxy_with_measured_window
superseded_not_a_capture_queue,NECESAR_REVIZUIT.md,ebyte_e79_ch9340,RADIO_EBYTE_E79_CC1352P,rx,32,1,"{""rf_profile"": ""IEEE154G50"", ""tx_power_dbm"": -20}",3300,module radio\ESP32-C3_Radio\power_profiler\results\20260724_221207_radio_ebyte_e79_cc1352p_rx,power_profiler\comparisons\ebyte_e79_400dm2005s_20260724\e79_rx.csv,RX_fixed_window_reanalysis_requires_new_RAW,5,run_00546|run_00547|run_00548|run_00549|run_00550,only_if_replacing_model_airtime_RX_proxy_with_measured_window
superseded_not_a_capture_queue,NECESAR_REVIZUIT.md,ebyte_e79_ch9340,RADIO_EBYTE_E79_CC1352P,rx,64,1,"{""rf_profile"": ""IEEE154G50"", ""tx_power_dbm"": -20}",3300,module radio\ESP32-C3_Radio\power_profiler\results\20260724_221207_radio_ebyte_e79_cc1352p_rx,power_profiler\comparisons\ebyte_e79_400dm2005s_20260724\e79_rx.csv,RX_fixed_window_reanalysis_requires_new_RAW,5,run_00551|run_00552|run_00553|run_00554|run_00555,only_if_replacing_model_airtime_RX_proxy_with_measured_window
superseded_not_a_capture_queue,NECESAR_REVIZUIT.md,ebyte_e79_ch9340,RADIO_EBYTE_E79_CC1352P,rx,8,1,"{""rf_profile"": ""IEEE154G50"", ""tx_power_dbm"": 0}",3300,module radio\ESP32-C3_Radio\power_profiler\results\20260724_221207_radio_ebyte_e79_cc1352p_rx,power_profiler\comparisons\ebyte_e79_400dm2005s_20260724\e79_rx.csv,RX_fixed_window_reanalysis_requires_new_RAW,5,run_00571|run_00572|run_00573|run_00574|run_00575,only_if_replacing_model_airtime_RX_proxy_with_measured_window
superseded_not_a_capture_queue,NECESAR_REVIZUIT.md,ebyte_e79_ch9340,RADIO_EBYTE_E79_CC1352P,rx,32,1,"{""rf_profile"": ""IEEE154G50"", ""tx_power_dbm"": 0}",3300,module radio\ESP32-C3_Radio\power_profiler\results\20260724_221207_radio_ebyte_e79_cc1352p_rx,power_profiler\comparisons\ebyte_e79_400dm2005s_20260724\e79_rx.csv,RX_fixed_window_reanalysis_requires_new_RAW,5,run_00576|run_00577|run_00578|run_00579|run_00580,only_if_replacing_model_airtime_RX_proxy_with_measured_window
superseded_not_a_capture_queue,NECESAR_REVIZUIT.md,ebyte_e79_ch9340,RADIO_EBYTE_E79_CC1352P,rx,64,1,"{""rf_profile"": ""IEEE154G50"", ""tx_power_dbm"": 0}",3300,module radio\ESP32-C3_Radio\power_profiler\results\20260724_221207_radio_ebyte_e79_cc1352p_rx,power_profiler\comparisons\ebyte_e79_400dm2005s_20260724\e79_rx.csv,RX_fixed_window_reanalysis_requires_new_RAW,5,run_00581|run_00582|run_00583|run_00584|run_00585,only_if_replacing_model_airtime_RX_proxy_with_measured_window
superseded_not_a_capture_queue,NECESAR_REVIZUIT.md,ebyte_e79_ch9340,RADIO_EBYTE_E79_CC1352P,rx,8,1,"{""rf_profile"": ""IEEE154G50"", ""tx_power_dbm"": 13}",3300,module radio\ESP32-C3_Radio\power_profiler\results\20260724_221207_radio_ebyte_e79_cc1352p_rx,power_profiler\comparisons\ebyte_e79_400dm2005s_20260724\e79_rx.csv,RX_fixed_window_reanalysis_requires_new_RAW,5,run_00601|run_00602|run_00603|run_00604|run_00605,only_if_replacing_model_airtime_RX_proxy_with_measured_window
superseded_not_a_capture_queue,NECESAR_REVIZUIT.md,ebyte_e79_ch9340,RADIO_EBYTE_E79_CC1352P,rx,32,1,"{""rf_profile"": ""IEEE154G50"", ""tx_power_dbm"": 13}",3300,module radio\ESP32-C3_Radio\power_profiler\results\20260724_221207_radio_ebyte_e79_cc1352p_rx,power_profiler\comparisons\ebyte_e79_400dm2005s_20260724\e79_rx.csv,RX_fixed_window_reanalysis_requires_new_RAW,5,run_00606|run_00607|run_00608|run_00609|run_00610,only_if_replacing_model_airtime_RX_proxy_with_measured_window
superseded_not_a_capture_queue,NECESAR_REVIZUIT.md,ebyte_e79_ch9340,RADIO_EBYTE_E79_CC1352P,rx,64,1,"{""rf_profile"": ""IEEE154G50"", ""tx_power_dbm"": 13}",3300,module radio\ESP32-C3_Radio\power_profiler\results\20260724_221207_radio_ebyte_e79_cc1352p_rx,power_profiler\comparisons\ebyte_e79_400dm2005s_20260724\e79_rx.csv,RX_fixed_window_reanalysis_requires_new_RAW,5,run_00611|run_00612|run_00613|run_00614|run_00615,only_if_replacing_model_airtime_RX_proxy_with_measured_window
superseded_not_a_capture_queue,NECESAR_REVIZUIT.md,ra09_stm32wle5,RA09_STM32WLE5,rx,8,1,"{""bandwidth_hz"": 125000, ""spreading_factor"": 7, ""tx_power_dbm"": -9}",3300,module radio\ESP32-C3_Radio\power_profiler\results\20260725_023839_ra09_stm32wle5_rx,power_profiler\comparisons\ai_thinker_ra09_20260725\ra09_rx.csv,RX_fixed_window_reanalysis_requires_new_RAW,5,run_00001|run_00002|run_00003|run_00004|run_00005,only_if_replacing_model_airtime_RX_proxy_with_measured_window
superseded_not_a_capture_queue,NECESAR_REVIZUIT.md,ra09_stm32wle5,RA09_STM32WLE5,rx,32,1,"{""bandwidth_hz"": 125000, ""spreading_factor"": 7, ""tx_power_dbm"": -9}",3300,module radio\ESP32-C3_Radio\power_profiler\results\20260725_023839_ra09_stm32wle5_rx,power_profiler\comparisons\ai_thinker_ra09_20260725\ra09_rx.csv,RX_fixed_window_reanalysis_requires_new_RAW,5,run_00006|run_00007|run_00008|run_00009|run_00010,only_if_replacing_model_airtime_RX_proxy_with_measured_window
superseded_not_a_capture_queue,NECESAR_REVIZUIT.md,ra09_stm32wle5,RA09_STM32WLE5,rx,128,1,"{""bandwidth_hz"": 125000, ""spreading_factor"": 7, ""tx_power_dbm"": -9}",3300,module radio\ESP32-C3_Radio\power_profiler\results\20260725_023839_ra09_stm32wle5_rx,power_profiler\comparisons\ai_thinker_ra09_20260725\ra09_rx.csv,RX_fixed_window_reanalysis_requires_new_RAW,5,run_00011|run_00012|run_00013|run_00014|run_00015,only_if_replacing_model_airtime_RX_proxy_with_measured_window
superseded_not_a_capture_queue,NECESAR_REVIZUIT.md,ra09_stm32wle5,RA09_STM32WLE5,rx,8,1,"{""bandwidth_hz"": 125000, ""spreading_factor"": 9, ""tx_power_dbm"": -9}",3300,module radio\ESP32-C3_Radio\power_profiler\results\20260725_023839_ra09_stm32wle5_rx,power_profiler\comparisons\ai_thinker_ra09_20260725\ra09_rx.csv,RX_fixed_window_reanalysis_requires_new_RAW,5,run_00016|run_00017|run_00018|run_00019|run_00020,only_if_replacing_model_airtime_RX_proxy_with_measured_window
superseded_not_a_capture_queue,NECESAR_REVIZUIT.md,ra09_stm32wle5,RA09_STM32WLE5,rx,32,1,"{""bandwidth_hz"": 125000, ""spreading_factor"": 9, ""tx_power_dbm"": -9}",3300,module radio\ESP32-C3_Radio\power_profiler\results\20260725_023839_ra09_stm32wle5_rx,power_profiler\comparisons\ai_thinker_ra09_20260725\ra09_rx.csv,RX_fixed_window_reanalysis_requires_new_RAW,5,run_00021|run_00022|run_00023|run_00024|run_00025,only_if_replacing_model_airtime_RX_proxy_with_measured_window
superseded_not_a_capture_queue,NECESAR_REVIZUIT.md,ra09_stm32wle5,RA09_STM32WLE5,rx,128,1,"{""bandwidth_hz"": 125000, ""spreading_factor"": 9, ""tx_power_dbm"": -9}",3300,module radio\ESP32-C3_Radio\power_profiler\results\20260725_023839_ra09_stm32wle5_rx,power_profiler\comparisons\ai_thinker_ra09_20260725\ra09_rx.csv,RX_fixed_window_reanalysis_requires_new_RAW,5,run_00026|run_00027|run_00028|run_00029|run_00030,only_if_replacing_model_airtime_RX_proxy_with_measured_window
superseded_not_a_capture_queue,NECESAR_REVIZUIT.md,ra09_stm32wle5,RA09_STM32WLE5,rx,8,1,"{""bandwidth_hz"": 125000, ""spreading_factor"": 12, ""tx_power_dbm"": -9}",3300,module radio\ESP32-C3_Radio\power_profiler\results\20260725_023839_ra09_stm32wle5_rx,power_profiler\comparisons\ai_thinker_ra09_20260725\ra09_rx.csv,RX_fixed_window_reanalysis_requires_new_RAW,5,run_00031|run_00032|run_00033|run_00034|run_00035,only_if_replacing_model_airtime_RX_proxy_with_measured_window
superseded_not_a_capture_queue,NECESAR_REVIZUIT.md,ra09_stm32wle5,RA09_STM32WLE5,rx,32,1,"{""bandwidth_hz"": 125000, ""spreading_factor"": 12, ""tx_power_dbm"": -9}",3300,module radio\ESP32-C3_Radio\power_profiler\results\20260725_023839_ra09_stm32wle5_rx,power_profiler\comparisons\ai_thinker_ra09_20260725\ra09_rx.csv,RX_fixed_window_reanalysis_requires_new_RAW,5,run_00036|run_00037|run_00038|run_00039|run_00040,only_if_replacing_model_airtime_RX_proxy_with_measured_window
superseded_not_a_capture_queue,NECESAR_REVIZUIT.md,ra09_stm32wle5,RA09_STM32WLE5,rx,128,1,"{""bandwidth_hz"": 125000, ""spreading_factor"": 12, ""tx_power_dbm"": -9}",3300,module radio\ESP32-C3_Radio\power_profiler\results\20260725_023839_ra09_stm32wle5_rx,power_profiler\comparisons\ai_thinker_ra09_20260725\ra09_rx.csv,RX_fixed_window_reanalysis_requires_new_RAW,5,run_00041|run_00042|run_00043|run_00044|run_00045,only_if_replacing_model_airtime_RX_proxy_with_measured_window
superseded_not_a_capture_queue,NECESAR_REVIZUIT.md,ra09_stm32wle5,RA09_STM32WLE5,rx,8,1,"{""bandwidth_hz"": 125000, ""spreading_factor"": 7, ""tx_power_dbm"": 10}",3300,module radio\ESP32-C3_Radio\power_profiler\results\20260725_023839_ra09_stm32wle5_rx,power_profiler\comparisons\ai_thinker_ra09_20260725\ra09_rx.csv,RX_fixed_window_reanalysis_requires_new_RAW,5,run_00046|run_00047|run_00048|run_00049|run_00050,only_if_replacing_model_airtime_RX_proxy_with_measured_window
superseded_not_a_capture_queue,NECESAR_REVIZUIT.md,ra09_stm32wle5,RA09_STM32WLE5,rx,32,1,"{""bandwidth_hz"": 125000, ""spreading_factor"": 7, ""tx_power_dbm"": 10}",3300,module radio\ESP32-C3_Radio\power_profiler\results\20260725_023839_ra09_stm32wle5_rx,power_profiler\comparisons\ai_thinker_ra09_20260725\ra09_rx.csv,RX_fixed_window_reanalysis_requires_new_RAW,5,run_00051|run_00052|run_00053|run_00054|run_00055,only_if_replacing_model_airtime_RX_proxy_with_measured_window
superseded_not_a_capture_queue,NECESAR_REVIZUIT.md,ra09_stm32wle5,RA09_STM32WLE5,rx,128,1,"{""bandwidth_hz"": 125000, ""spreading_factor"": 7, ""tx_power_dbm"": 10}",3300,module radio\ESP32-C3_Radio\power_profiler\results\20260725_023839_ra09_stm32wle5_rx,power_profiler\comparisons\ai_thinker_ra09_20260725\ra09_rx.csv,RX_fixed_window_reanalysis_requires_new_RAW,5,run_00056|run_00057|run_00058|run_00059|run_00060,only_if_replacing_model_airtime_RX_proxy_with_measured_window
superseded_not_a_capture_queue,NECESAR_REVIZUIT.md,ra09_stm32wle5,RA09_STM32WLE5,rx,8,1,"{""bandwidth_hz"": 125000, ""spreading_factor"": 9, ""tx_power_dbm"": 10}",3300,module radio\ESP32-C3_Radio\power_profiler\results\20260725_023839_ra09_stm32wle5_rx,power_profiler\comparisons\ai_thinker_ra09_20260725\ra09_rx.csv,RX_fixed_window_reanalysis_requires_new_RAW,5,run_00061|run_00062|run_00063|run_00064|run_00065,only_if_replacing_model_airtime_RX_proxy_with_measured_window
superseded_not_a_capture_queue,NECESAR_REVIZUIT.md,ra09_stm32wle5,RA09_STM32WLE5,rx,32,1,"{""bandwidth_hz"": 125000, ""spreading_factor"": 9, ""tx_power_dbm"": 10}",3300,module radio\ESP32-C3_Radio\power_profiler\results\20260725_023839_ra09_stm32wle5_rx,power_profiler\comparisons\ai_thinker_ra09_20260725\ra09_rx.csv,RX_fixed_window_reanalysis_requires_new_RAW,5,run_00066|run_00067|run_00068|run_00069|run_00070,only_if_replacing_model_airtime_RX_proxy_with_measured_window
superseded_not_a_capture_queue,NECESAR_REVIZUIT.md,ra09_stm32wle5,RA09_STM32WLE5,rx,128,1,"{""bandwidth_hz"": 125000, ""spreading_factor"": 9, ""tx_power_dbm"": 10}",3300,module radio\ESP32-C3_Radio\power_profiler\results\20260725_023839_ra09_stm32wle5_rx,power_profiler\comparisons\ai_thinker_ra09_20260725\ra09_rx.csv,RX_fixed_window_reanalysis_requires_new_RAW,5,run_00071|run_00072|run_00073|run_00074|run_00075,only_if_replacing_model_airtime_RX_proxy_with_measured_window
superseded_not_a_capture_queue,NECESAR_REVIZUIT.md,ra09_stm32wle5,RA09_STM32WLE5,rx,8,1,"{""bandwidth_hz"": 125000, ""spreading_factor"": 12, ""tx_power_dbm"": 10}",3300,module radio\ESP32-C3_Radio\power_profiler\results\20260725_023839_ra09_stm32wle5_rx,power_profiler\comparisons\ai_thinker_ra09_20260725\ra09_rx.csv,RX_fixed_window_reanalysis_requires_new_RAW,5,run_00076|run_00077|run_00078|run_00079|run_00080,only_if_replacing_model_airtime_RX_proxy_with_measured_window
superseded_not_a_capture_queue,NECESAR_REVIZUIT.md,ra09_stm32wle5,RA09_STM32WLE5,rx,32,1,"{""bandwidth_hz"": 125000, ""spreading_factor"": 12, ""tx_power_dbm"": 10}",3300,module radio\ESP32-C3_Radio\power_profiler\results\20260725_023839_ra09_stm32wle5_rx,power_profiler\comparisons\ai_thinker_ra09_20260725\ra09_rx.csv,RX_fixed_window_reanalysis_requires_new_RAW,5,run_00081|run_00082|run_00083|run_00084|run_00085,only_if_replacing_model_airtime_RX_proxy_with_measured_window
superseded_not_a_capture_queue,NECESAR_REVIZUIT.md,ra09_stm32wle5,RA09_STM32WLE5,rx,128,1,"{""bandwidth_hz"": 125000, ""spreading_factor"": 12, ""tx_power_dbm"": 10}",3300,module radio\ESP32-C3_Radio\power_profiler\results\20260725_023839_ra09_stm32wle5_rx,power_profiler\comparisons\ai_thinker_ra09_20260725\ra09_rx.csv,RX_fixed_window_reanalysis_requires_new_RAW,5,run_00086|run_00087|run_00088|run_00089|run_00090,only_if_replacing_model_airtime_RX_proxy_with_measured_window
superseded_not_a_capture_queue,NECESAR_REVIZUIT.md,ra09_stm32wle5,RA09_STM32WLE5,rx,8,1,"{""bandwidth_hz"": 125000, ""spreading_factor"": 7, ""tx_power_dbm"": 22}",3300,module radio\ESP32-C3_Radio\power_profiler\results\20260725_023839_ra09_stm32wle5_rx,power_profiler\comparisons\ai_thinker_ra09_20260725\ra09_rx.csv,RX_fixed_window_reanalysis_requires_new_RAW,5,run_00091|run_00092|run_00093|run_00094|run_00095,only_if_replacing_model_airtime_RX_proxy_with_measured_window
superseded_not_a_capture_queue,NECESAR_REVIZUIT.md,ra09_stm32wle5,RA09_STM32WLE5,rx,32,1,"{""bandwidth_hz"": 125000, ""spreading_factor"": 7, ""tx_power_dbm"": 22}",3300,module radio\ESP32-C3_Radio\power_profiler\results\20260725_023839_ra09_stm32wle5_rx,power_profiler\comparisons\ai_thinker_ra09_20260725\ra09_rx.csv,RX_fixed_window_reanalysis_requires_new_RAW,5,run_00096|run_00097|run_00098|run_00099|run_00100,only_if_replacing_model_airtime_RX_proxy_with_measured_window
superseded_not_a_capture_queue,NECESAR_REVIZUIT.md,ra09_stm32wle5,RA09_STM32WLE5,rx,128,1,"{""bandwidth_hz"": 125000, ""spreading_factor"": 7, ""tx_power_dbm"": 22}",3300,module radio\ESP32-C3_Radio\power_profiler\results\20260725_023839_ra09_stm32wle5_rx,power_profiler\comparisons\ai_thinker_ra09_20260725\ra09_rx.csv,RX_fixed_window_reanalysis_requires_new_RAW,5,run_00101|run_00102|run_00103|run_00104|run_00105,only_if_replacing_model_airtime_RX_proxy_with_measured_window
superseded_not_a_capture_queue,NECESAR_REVIZUIT.md,ra09_stm32wle5,RA09_STM32WLE5,rx,8,1,"{""bandwidth_hz"": 125000, ""spreading_factor"": 9, ""tx_power_dbm"": 22}",3300,module radio\ESP32-C3_Radio\power_profiler\results\20260725_023839_ra09_stm32wle5_rx,power_profiler\comparisons\ai_thinker_ra09_20260725\ra09_rx.csv,RX_fixed_window_reanalysis_requires_new_RAW,5,run_00106|run_00107|run_00108|run_00109|run_00110,only_if_replacing_model_airtime_RX_proxy_with_measured_window
superseded_not_a_capture_queue,NECESAR_REVIZUIT.md,ra09_stm32wle5,RA09_STM32WLE5,rx,32,1,"{""bandwidth_hz"": 125000, ""spreading_factor"": 9, ""tx_power_dbm"": 22}",3300,module radio\ESP32-C3_Radio\power_profiler\results\20260725_023839_ra09_stm32wle5_rx,power_profiler\comparisons\ai_thinker_ra09_20260725\ra09_rx.csv,RX_fixed_window_reanalysis_requires_new_RAW,5,run_00111|run_00112|run_00113|run_00114|run_00115,only_if_replacing_model_airtime_RX_proxy_with_measured_window
superseded_not_a_capture_queue,NECESAR_REVIZUIT.md,ra09_stm32wle5,RA09_STM32WLE5,rx,128,1,"{""bandwidth_hz"": 125000, ""spreading_factor"": 9, ""tx_power_dbm"": 22}",3300,module radio\ESP32-C3_Radio\power_profiler\results\20260725_023839_ra09_stm32wle5_rx,power_profiler\comparisons\ai_thinker_ra09_20260725\ra09_rx.csv,RX_fixed_window_reanalysis_requires_new_RAW,5,run_00116|run_00117|run_00118|run_00119|run_00120,only_if_replacing_model_airtime_RX_proxy_with_measured_window
superseded_not_a_capture_queue,NECESAR_REVIZUIT.md,ra09_stm32wle5,RA09_STM32WLE5,rx,8,1,"{""bandwidth_hz"": 125000, ""spreading_factor"": 12, ""tx_power_dbm"": 22}",3300,module radio\ESP32-C3_Radio\power_profiler\results\20260725_023839_ra09_stm32wle5_rx,power_profiler\comparisons\ai_thinker_ra09_20260725\ra09_rx.csv,RX_fixed_window_reanalysis_requires_new_RAW,5,run_00121|run_00122|run_00123|run_00124|run_00125,only_if_replacing_model_airtime_RX_proxy_with_measured_window
superseded_not_a_capture_queue,NECESAR_REVIZUIT.md,ra09_stm32wle5,RA09_STM32WLE5,rx,32,1,"{""bandwidth_hz"": 125000, ""spreading_factor"": 12, ""tx_power_dbm"": 22}",3300,module radio\ESP32-C3_Radio\power_profiler\results\20260725_023839_ra09_stm32wle5_rx,power_profiler\comparisons\ai_thinker_ra09_20260725\ra09_rx.csv,RX_fixed_window_reanalysis_requires_new_RAW,5,run_00126|run_00127|run_00128|run_00129|run_00130,only_if_replacing_model_airtime_RX_proxy_with_measured_window
superseded_not_a_capture_queue,NECESAR_REVIZUIT.md,ra09_stm32wle5,RA09_STM32WLE5,rx,128,1,"{""bandwidth_hz"": 125000, ""spreading_factor"": 12, ""tx_power_dbm"": 22}",3300,module radio\ESP32-C3_Radio\power_profiler\results\20260725_023839_ra09_stm32wle5_rx,power_profiler\comparisons\ai_thinker_ra09_20260725\ra09_rx.csv,RX_fixed_window_reanalysis_requires_new_RAW,5,run_00131|run_00132|run_00133|run_00134|run_00135,only_if_replacing_model_airtime_RX_proxy_with_measured_window
