profile_id,measurement_direction,payload_bytes,frame_count,max_frame_payload_bytes,parameters_json,voltage_mv,ppk_mode,runs,events_detected,analysis_valid_runs,analysis_error_runs,packets_attempted,packets_received,packets_lost,packet_loss_percent,baseline_median_uA_mean,baseline_median_uA_stdev,event_duration_ms_mean,event_duration_ms_stdev,tx_mean_uA_mean,tx_mean_uA_stdev,tx_peak_uA_mean,tx_peak_uA_stdev,rx_mean_uA_mean,rx_mean_uA_stdev,rx_peak_uA_mean,rx_peak_uA_stdev,event_mean_uA_mean,event_mean_uA_stdev,event_peak_uA_mean,event_peak_uA_stdev,charge_total_uC_mean,charge_total_uC_stdev,charge_excess_uC_mean,charge_excess_uC_stdev,energy_total_uJ_mean,energy_total_uJ_stdev,energy_excess_uJ_mean,energy_excess_uJ_stdev
RADIO_EBYTE_E79_CC1352P,tx,128,2,64,"{""rf_profile"": ""GFSK200"", ""tx_power_dbm"": -20}",3300,ampere,5,5,5,0,5,5,0,0.0,4511.734886754444,9.081910255008458,12.08,0.0,7136.027374304487,110.64314029184294,17748.220924940066,191.63550644686657,,,,,7136.027374304487,110.64314029184294,17748.220924940066,191.63550644686657,86.20321068159821,1.3365691347254596,35.37192336226555,1.515287445034454,284.470595249274,4.410678144594007,116.7273470954763,5.0004485686137
RADIO_EBYTE_E79_CC1352P,tx,512,8,64,"{""rf_profile"": ""GFSK200"", ""tx_power_dbm"": -20}",3300,ampere,5,5,5,0,5,5,0,0.0,4525.328695487969,7.203149734392617,48.32,0.0,6915.113625361455,131.33122917895506,17785.248627749497,136.0483679715024,,,,,6915.113625361455,131.33122917895506,17785.248627749497,136.0483679715024,334.13829037746547,6.345924993927108,129.3619944290511,6.883552219202077,1102.656358245636,20.94155247995952,426.8945816158686,22.715722323366858
RADIO_EBYTE_E79_CC1352P,tx,1024,16,64,"{""rf_profile"": ""GFSK200"", ""tx_power_dbm"": -20}",3300,ampere,5,5,5,0,5,2,3,60.0,4519.501884452907,7.362382698527714,96.64,0.0,6945.012770668929,26.673027007720457,18053.59613704863,122.20772938995415,,,,,6945.012770668929,26.673027007720457,18053.59613704863,122.20772938995415,671.1660341574453,2.5776813300261185,262.35259849338246,3.169682295454318,2214.847912719569,8.506348389086286,865.7635750281621,10.459951574999256
RADIO_EBYTE_E79_CC1352P,tx,128,2,64,"{""rf_profile"": ""GFSK200"", ""tx_power_dbm"": 0}",3300,ampere,5,5,5,0,5,4,1,20.0,4522.414664865952,4.062487639472863,12.08,0.0,7295.46581056318,93.4261388039514,17675.856448029474,233.4495298644659,,,,,7295.46581056318,93.4261388039514,17675.856448029474,233.4495298644659,88.1292269916032,1.1285877567517268,35.04032525245321,1.2507678019679471,290.82644907229053,3.7243395972806823,115.63307333309558,4.127533746494227
RADIO_EBYTE_E79_CC1352P,tx,512,8,64,"{""rf_profile"": ""GFSK200"", ""tx_power_dbm"": 0}",3300,ampere,5,5,5,0,5,5,0,0.0,4524.357664499539,8.124951955392614,48.32,0.0,7178.296747621831,47.196229290004034,17745.83372566144,186.1644026413403,,,,,7178.296747621831,47.196229290004034,17745.83372566144,186.1644026413403,346.85529884508685,2.2805217992930156,133.42416817561121,3.096647429816808,1144.6224861887865,7.525721937666957,440.299754979517,10.218936518395463
RADIO_EBYTE_E79_CC1352P,tx,1024,16,64,"{""rf_profile"": ""GFSK200"", ""tx_power_dbm"": 0}",3300,ampere,5,5,5,0,5,4,1,20.0,4522.415133694316,7.201885398325393,96.64,0.0,7246.342257138955,63.21584109330806,18154.17976082165,414.9474122863707,,,,,7246.342257138955,63.21584109330806,18154.17976082165,414.9474122863707,700.2865157299085,6.109178883257289,274.3984853344117,7.326460986661694,2310.9455019086977,20.160290314749098,905.5150016035586,24.17732125598358
RADIO_EBYTE_E79_CC1352P,tx,128,2,64,"{""rf_profile"": ""GFSK200"", ""tx_power_dbm"": 13}",3300,ampere,5,5,5,0,5,4,1,20.0,4513.675854798453,5.534871721364829,12.08,0.0,8187.484936695037,148.53998977550285,17443.892449309897,395.9891289687888,,,,,8187.484936695037,148.53998977550285,17443.892449309897,395.9891289687888,98.90481803527605,1.7943630764880747,45.67805555387322,1.9963185312500131,326.3858995164109,5.921398152410645,150.73758332778164,6.587851153125041
RADIO_EBYTE_E79_CC1352P,tx,512,8,64,"{""rf_profile"": ""GFSK200"", ""tx_power_dbm"": 13}",3300,ampere,5,5,5,0,5,5,0,0.0,4510.76323066153,4.0610867467908305,48.32,0.0,8291.499101031399,81.80356410609738,17669.7189205912,278.5165252528229,,,,,8291.499101031399,81.80356410609738,17669.7189205912,278.5165252528229,400.6452365618372,3.9527482176066107,188.02110868459917,3.9850585817285524,1322.1292806540628,13.044069118101866,620.4696586591773,13.150693319704226
RADIO_EBYTE_E79_CC1352P,tx,1024,16,64,"{""rf_profile"": ""GFSK200"", ""tx_power_dbm"": 13}",3300,ampere,5,5,5,0,5,3,2,40.0,4508.821793789157,4.340879060419646,96.64,0.0,8246.085816424267,54.133416963579975,18097.65956839546,435.38836416471935,,,,,8246.085816424267,54.133416963579975,18097.65956839546,435.38836416471935,796.9017332992411,5.231453415360376,370.7784027497263,6.049361186388816,2629.7757198874956,17.26379627068917,1223.5687290740966,19.96289191508306
