run_id,timestamp_utc,profile_id,module,firmware_selection,measurement_direction,measured_port,peer_port,transmitter_port,repetition,payload_bytes,frame_count,max_frame_payload_bytes,serial_content_bytes,parameters_json,ppk_mode,voltage_mv,estimated_airtime_ms,estimated_event_ms,captured_samples,sample_loss_percent,event_detected,baseline_median_uA,threshold_uA,event_start_ms,event_duration_ms,tx_mean_uA,tx_peak_uA,rx_mean_uA,rx_peak_uA,event_mean_uA,event_peak_uA,charge_total_uC,charge_excess_uC,energy_total_uJ,energy_excess_uJ,integration_method,integration_windows_ms,analysis_error,radio_response,transmitter_response,receiver_port,receiver_response,packet_received,packet_lost,status
run_00001,2026-09-29T15:56:57+00:00,RADIO_EBYTE_E79_CC1352P,Ebyte E79-400DM2005S (CC1352P AT modem),RADIO_EBYTE_E79_CC1352P + AT_COMMANDS; E79 modem firmware 0.3.0 required,tx,COM16,COM4,COM16,1,128,2,64,128,"{""rf_profile"": ""GFSK200"", ""tx_power_dbm"": -20}",ampere,3300,12.08,12.08,95232,0.0,True,4502.027389840338,5765.963440157375,29.58,12.08,7177.718684931966,17578.52359057804,,,7177.718684931966,17578.52359057804,86.70684171397815,36.17225108322481,286.13257765612786,119.36842857464185,per_frame_modeled_airtime_v1,"[[29.58, 35.62], [60.72, 66.76]]",,,,COM4,0123456789abcdefghijklmnopqrstuvwxyzABCDEFGHIJKLMNOPQRSTUVWXYZ-_ | 0123456789abcdefghijklmnopqrstuvwxyzABCDEFGHIJKLMNOPQRSTUVWXYZ-_,True,False,ok
run_00002,2026-09-29T15:57:00+00:00,RADIO_EBYTE_E79_CC1352P,Ebyte E79-400DM2005S (CC1352P AT modem),RADIO_EBYTE_E79_CC1352P + AT_COMMANDS; E79 modem firmware 0.3.0 required,tx,COM16,COM4,COM16,2,128,2,64,128,"{""rf_profile"": ""GFSK200"", ""tx_power_dbm"": -20}",ampere,3300,12.08,12.08,94208,0.8336842105263158,True,4506.880200640662,5775.50575730531,26.49,12.08,7286.0848837687345,17930.273725599054,,,7286.0848837687345,17930.273725599054,88.01590539592631,37.14900302719531,290.4524878065568,122.59170998974453,per_frame_modeled_airtime_v1,"[[26.49, 32.53], [58.35, 64.39]]",,,,COM4,0123456789abcdefghijklmnopqrstuvwxyzABCDEFGHIJKLMNOPQRSTUVWXYZ-_ | 0123456789abcdefghijklmnopqrstuvwxyzABCDEFGHIJKLMNOPQRSTUVWXYZ-_,True,False,ok
run_00003,2026-09-29T15:57:02+00:00,RADIO_EBYTE_E79_CC1352P,Ebyte E79-400DM2005S (CC1352P AT modem),RADIO_EBYTE_E79_CC1352P + AT_COMMANDS; E79 modem firmware 0.3.0 required,tx,COM16,COM4,COM16,3,128,2,64,128,"{""rf_profile"": ""GFSK200"", ""tx_power_dbm"": -20}",ampere,3300,12.08,12.08,94208,0.8336842105263158,True,4511.733792821595,5838.343886585589,27.42,12.08,7163.041996532,17854.52049485889,,,7163.041996532,17854.52049485889,86.52954731810655,35.966861219300284,285.5475061497516,118.69064202369093,per_frame_modeled_airtime_v1,"[[27.42, 33.46], [59.47, 65.51]]",,,,COM4,0123456789abcdefghijklmnopqrstuvwxyzABCDEFGHIJKLMNOPQRSTUVWXYZ-_ | 0123456789abcdefghijklmnopqrstuvwxyzABCDEFGHIJKLMNOPQRSTUVWXYZ-_,True,False,ok
run_00004,2026-09-29T15:57:05+00:00,RADIO_EBYTE_E79_CC1352P,Ebyte E79-400DM2005S (CC1352P AT modem),RADIO_EBYTE_E79_CC1352P + AT_COMMANDS; E79 modem firmware 0.3.0 required,tx,COM16,COM4,COM16,4,128,2,64,128,"{""rf_profile"": ""GFSK200"", ""tx_power_dbm"": -20}",ampere,3300,12.08,12.08,94208,0.8336842105263158,True,4511.733792821595,5833.44122085855,26.4,12.08,7031.826617550032,17506.387031008453,,,7031.826617550032,17506.387031008453,84.94446554000439,33.78358926100088,280.31673628201446,111.48584456130288,per_frame_modeled_airtime_v1,"[[26.4, 32.44], [59.23, 65.27]]",,,,COM4,0123456789abcdefghijklmnopqrstuvwxyzABCDEFGHIJKLMNOPQRSTUVWXYZ-_ | 0123456789abcdefghijklmnopqrstuvwxyzABCDEFGHIJKLMNOPQRSTUVWXYZ-_,True,False,ok
run_00005,2026-09-29T15:57:08+00:00,RADIO_EBYTE_E79_CC1352P,Ebyte E79-400DM2005S (CC1352P AT modem),RADIO_EBYTE_E79_CC1352P + AT_COMMANDS; E79 modem firmware 0.3.0 required,tx,COM16,COM4,COM16,5,128,2,64,128,"{""rf_profile"": ""GFSK200"", ""tx_power_dbm"": -20}",ampere,3300,12.08,12.08,94208,0.8336842105263158,True,4526.299257648033,5911.3665462658155,27.06,12.08,7021.464688739702,17871.39978265589,,,7021.464688739702,17871.39978265589,84.81929343997561,33.787912220606465,279.9036683519195,111.50011032800133,per_frame_modeled_airtime_v1,"[[27.06, 33.1], [58.88, 64.92]]",,,,COM4,0123456789abcdefghijklmnopqrstuvwxyzABCDEFGHIJKLMNOPQRSTUVWXYZ-_ | 0123456789abcdefghijklmnopqrstuvwxyzABCDEFGHIJKLMNOPQRSTUVWXYZ-_,True,False,ok
run_00006,2026-09-29T15:57:10+00:00,RADIO_EBYTE_E79_CC1352P,Ebyte E79-400DM2005S (CC1352P AT modem),RADIO_EBYTE_E79_CC1352P + AT_COMMANDS; E79 modem firmware 0.3.0 required,tx,COM16,COM4,COM16,1,512,8,64,512,"{""rf_profile"": ""GFSK200"", ""tx_power_dbm"": -20}",ampere,3300,48.32,48.32,94208,0.8336842105263158,True,4526.299257648033,5963.401156339136,27.15,48.32,7135.388344199435,17760.716374671294,,,7135.388344199435,17760.716374671294,344.7819647917167,140.6367229784262,1137.7804838126651,464.1011858288065,per_frame_modeled_airtime_v1,"[[27.15, 33.19], [60.16, 66.2], [92.22, 98.26], [123.96, 130.0], [156.08, 162.12], [187.91, 193.95], [220.98, 227.02], [252.03, 258.07]]",,,,COM4,0123456789abcdefghijklmnopqrstuvwxyzABCDEFGHIJKLMNOPQRSTUVWXYZ-_ | 0123456789abcdefghijklmnopqrstuvwxyzABCDEFGHIJKLMNOPQRSTUVWXYZ-_ | 0123456789abcdefghijklmnopqrstuvwxyzABCDEFGHIJKLMNOPQRSTUVWXYZ-_ | 0123456789abcdefghijklmnopqrstuvwxyzABCDEFGHIJKLMNOPQRSTUVWXYZ-_ | 0123456789abcdefghijklmnopqrstuvwxyzABCDEFGHIJKLMNOPQRSTUVWXYZ-_ | 0123456789abcdefghijklmnopqrstuvwxyzABCDEFGHIJKLMNOPQRSTUVWXYZ-_ | 0123456789abcdefghijklmnopqrstuvwxyzABCDEFGHIJKLMNOPQRSTUVWXYZ-_ | 0123456789abcdefghijklmnopqrstuvwxyzABCDEFGHIJKLMNOPQRSTUVWXYZ-_,True,False,ok
run_00007,2026-09-29T15:57:13+00:00,RADIO_EBYTE_E79_CC1352P,Ebyte E79-400DM2005S (CC1352P AT modem),RADIO_EBYTE_E79_CC1352P + AT_COMMANDS; E79 modem firmware 0.3.0 required,tx,COM16,COM4,COM16,2,512,8,64,512,"{""rf_profile"": ""GFSK200"", ""tx_power_dbm"": -20}",ampere,3300,48.32,48.32,94208,0.8336842105263158,True,4536.013474435363,5973.578763081774,26.95,48.32,6786.143819123754,17636.24330450795,,,6786.143819123754,17636.24330450795,327.9064693400598,121.94291575451552,1082.0913488221972,402.4116219899012,per_frame_modeled_airtime_v1,"[[26.95, 32.99], [59.42, 65.46], [89.53, 95.57], [121.71, 127.75], [152.98, 159.02], [185.07, 191.11], [216.1, 222.14], [247.73, 253.77]]",,,,COM4,0123456789abcdefghijklmnopqrstuvwxyzABCDEFGHIJKLMNOPQRSTUVWXYZ-_ | 0123456789abcdefghijklmnopqrstuvwxyzABCDEFGHIJKLMNOPQRSTUVWXYZ-_ | 0123456789abcdefghijklmnopqrstuvwxyzABCDEFGHIJKLMNOPQRSTUVWXYZ-_ | 0123456789abcdefghijklmnopqrstuvwxyzABCDEFGHIJKLMNOPQRSTUVWXYZ-_ | 0123456789abcdefghijklmnopqrstuvwxyzABCDEFGHIJKLMNOPQRSTUVWXYZ-_ | 0123456789abcdefghijklmnopqrstuvwxyzABCDEFGHIJKLMNOPQRSTUVWXYZ-_ | 0123456789abcdefghijklmnopqrstuvwxyzABCDEFGHIJKLMNOPQRSTUVWXYZ-_ | 0123456789abcdefghijklmnopqrstuvwxyzABCDEFGHIJKLMNOPQRSTUVWXYZ-_,True,False,ok
run_00008,2026-09-29T15:57:16+00:00,RADIO_EBYTE_E79_CC1352P,Ebyte E79-400DM2005S (CC1352P AT modem),RADIO_EBYTE_E79_CC1352P + AT_COMMANDS; E79 modem firmware 0.3.0 required,tx,COM16,COM4,COM16,3,512,8,64,512,"{""rf_profile"": ""GFSK200"", ""tx_power_dbm"": -20}",ampere,3300,48.32,48.32,94208,0.8336842105263158,True,4521.44332132528,5958.31352503874,26.9,48.32,6896.231550538209,18005.438243563756,,,6896.231550538209,18005.438243563756,333.22590852200625,128.67084345040536,1099.6454981226207,424.6137833863377,per_frame_modeled_airtime_v1,"[[26.9, 32.94], [60.57, 66.61], [91.77, 97.81], [123.7, 129.74], [155.86, 161.9], [187.69, 193.73], [219.45, 225.49], [251.63, 257.67]]",,,,COM4,0123456789abcdefghijklmnopqrstuvwxyzABCDEFGHIJKLMNOPQRSTUVWXYZ-_ | 0123456789abcdefghijklmnopqrstuvwxyzABCDEFGHIJKLMNOPQRSTUVWXYZ-_ | 0123456789abcdefghijklmnopqrstuvwxyzABCDEFGHIJKLMNOPQRSTUVWXYZ-_ | 0123456789abcdefghijklmnopqrstuvwxyzABCDEFGHIJKLMNOPQRSTUVWXYZ-_ | 0123456789abcdefghijklmnopqrstuvwxyzABCDEFGHIJKLMNOPQRSTUVWXYZ-_ | 0123456789abcdefghijklmnopqrstuvwxyzABCDEFGHIJKLMNOPQRSTUVWXYZ-_ | 0123456789abcdefghijklmnopqrstuvwxyzABCDEFGHIJKLMNOPQRSTUVWXYZ-_ | 0123456789abcdefghijklmnopqrstuvwxyzABCDEFGHIJKLMNOPQRSTUVWXYZ-_,True,False,ok
run_00009,2026-09-29T15:57:19+00:00,RADIO_EBYTE_E79_CC1352P,Ebyte E79-400DM2005S (CC1352P AT modem),RADIO_EBYTE_E79_CC1352P + AT_COMMANDS; E79 modem firmware 0.3.0 required,tx,COM16,COM4,COM16,4,512,8,64,512,"{""rf_profile"": ""GFSK200"", ""tx_power_dbm"": -20}",ampere,3300,48.32,48.32,94208,0.8336842105263158,True,4526.299257648033,5963.401156339136,26.92,48.32,6899.618599559205,17790.737036753264,,,6899.618599559205,17790.737036753264,333.38957073070077,128.75088247626468,1100.1855834113126,424.8779121716734,per_frame_modeled_airtime_v1,"[[26.92, 32.96], [58.78, 64.82], [90.72, 96.76], [122.2, 128.24], [152.71, 158.75], [184.73, 190.77], [217.07, 223.11], [248.28, 254.32]]",,,,COM4,0123456789abcdefghijklmnopqrstuvwxyzABCDEFGHIJKLMNOPQRSTUVWXYZ-_ | 0123456789abcdefghijklmnopqrstuvwxyzABCDEFGHIJKLMNOPQRSTUVWXYZ-_ | 0123456789abcdefghijklmnopqrstuvwxyzABCDEFGHIJKLMNOPQRSTUVWXYZ-_ | 0123456789abcdefghijklmnopqrstuvwxyzABCDEFGHIJKLMNOPQRSTUVWXYZ-_ | 0123456789abcdefghijklmnopqrstuvwxyzABCDEFGHIJKLMNOPQRSTUVWXYZ-_ | 0123456789abcdefghijklmnopqrstuvwxyzABCDEFGHIJKLMNOPQRSTUVWXYZ-_ | 0123456789abcdefghijklmnopqrstuvwxyzABCDEFGHIJKLMNOPQRSTUVWXYZ-_ | 0123456789abcdefghijklmnopqrstuvwxyzABCDEFGHIJKLMNOPQRSTUVWXYZ-_,True,False,ok
run_00010,2026-09-29T15:57:21+00:00,RADIO_EBYTE_E79_CC1352P,Ebyte E79-400DM2005S (CC1352P AT modem),RADIO_EBYTE_E79_CC1352P + AT_COMMANDS; E79 modem firmware 0.3.0 required,tx,COM16,COM4,COM16,5,512,8,64,512,"{""rf_profile"": ""GFSK200"", ""tx_power_dbm"": -20}",ampere,3300,48.32,48.32,94208,0.8336842105263158,True,4516.588166383134,5895.872348358796,26.76,48.32,6858.185813386669,17733.108179251212,,,6858.185813386669,17733.108179251212,331.3875385028438,126.80860748564372,1093.5788770593845,418.46840470262424,per_frame_modeled_airtime_v1,"[[26.76, 32.8], [59.26, 65.3], [91.31, 97.35], [122.99, 129.03], [154.71, 160.75], [186.8, 192.84], [218.94, 224.98], [250.16, 256.2]]",,,,COM4,0123456789abcdefghijklmnopqrstuvwxyzABCDEFGHIJKLMNOPQRSTUVWXYZ-_ | 0123456789abcdefghijklmnopqrstuvwxyzABCDEFGHIJKLMNOPQRSTUVWXYZ-_ | 0123456789abcdefghijklmnopqrstuvwxyzABCDEFGHIJKLMNOPQRSTUVWXYZ-_ | 0123456789abcdefghijklmnopqrstuvwxyzABCDEFGHIJKLMNOPQRSTUVWXYZ-_ | 0123456789abcdefghijklmnopqrstuvwxyzABCDEFGHIJKLMNOPQRSTUVWXYZ-_ | 0123456789abcdefghijklmnopqrstuvwxyzABCDEFGHIJKLMNOPQRSTUVWXYZ-_ | 0123456789abcdefghijklmnopqrstuvwxyzABCDEFGHIJKLMNOPQRSTUVWXYZ-_ | 0123456789abcdefghijklmnopqrstuvwxyzABCDEFGHIJKLMNOPQRSTUVWXYZ-_,True,False,ok
run_00011,2026-09-29T15:57:24+00:00,RADIO_EBYTE_E79_CC1352P,Ebyte E79-400DM2005S (CC1352P AT modem),RADIO_EBYTE_E79_CC1352P + AT_COMMANDS; E79 modem firmware 0.3.0 required,tx,COM16,COM4,COM16,1,1024,16,64,1024,"{""rf_profile"": ""GFSK200"", ""tx_power_dbm"": -20}",ampere,3300,96.64,96.64,94208,0.8336842105263158,True,4506.880200640662,5885.719528259233,27.64,96.64,6953.31496132539,17968.66370431753,,,6953.31496132539,17968.66370431753,671.9683578624856,264.1251741045868,2217.4955809462026,871.6130745451363,per_frame_modeled_airtime_v1,"[[27.64, 33.68], [58.51, 64.55], [90.33, 96.37], [122.1, 128.14], [152.65, 158.69], [183.86, 189.9], [214.66, 220.7], [246.18, 252.22], [277.65, 283.69], [310.17, 316.21], [341.12, 347.16], [371.84, 377.88], [404.34, 410.38], [437.79, 443.83], [469.11, 475.15], [500.81, 506.85]]",,,,COM4,0123456789abcdefghijklmnopqrstuvwxyzABCDEFGHIJKLMNOPQRSTUVWXYZ-_ | 0123456789abcdefghijklmnopqrstuvwxyzABCDEFGHIJKLMNOPQRSTUVWXYZ-_ | 0123456789abcdefghijklmnopqrstuvwxyzABCDEFGHIJKLMNOPQRSTUVWXYZ-_ | 0123456789abcdefghijklmnopqrstuvwxyzABCDEFGHIJKLMNOPQRSTUVWXYZ-_ | 0123456789abcdefghijklmnopqrstuvwxyzABCDEFGHIJKLMNOPQRSTUVWXYZ-_ | 0123456789abcdefghijklmnopqrstuvwxyzABCDEFGHIJKLMNOPQRSTUVWXYZ-_ | 0123456789abcdefghijklmnopqrstuvwxyzABCDEFGHIJKLMNOPQRSTUVWXYZ-_ | 0123456789abcdefghijklmnopqrstuvwxyzABCDEFGHIJKLMNOPQRSTUVWXYZ-_ | 0123456789abcdefghijklmnopqrstuvwxyzABCDEFGHIJKLMNOPQRSTUVWXYZ-_ | 0123456789abcdefghijklmnopqrstuvwxyzABCDEFGHIJKLMNOPQRSTUVWXYZ-_ | 0123456789abcdefghijklmnopqrstuvwxyzABCDEFGHIJKLMNOPQRSTUVWXYZ-_ | 0123456789abcdefghijklmnopqrstuvwxyzABCDEFGHIJKLMNOPQRSTUVWXYZ-_ | 0123456789abcdefghijklmnopqrstuvwxyzABCDEFGHIJKLMNOPQRSTUVWXYZ-_ | 0123456789abcdefghijklmnopqrstuvwxyzABCDEFGHIJKLMNOPQRSTUVWXYZ-_ | 0123456789abcdefghijklmnopqrstuvwxyzABCDEFGHIJKLMNOPQRSTUVWXYZ-_ | 0123456789abcdefghijklmnopqrstuvwxyzABCDEFGHIJKLMNOPQRSTUVWXYZ-_,True,False,ok
run_00012,2026-09-29T15:57:27+00:00,RADIO_EBYTE_E79_CC1352P,Ebyte E79-400DM2005S (CC1352P AT modem),RADIO_EBYTE_E79_CC1352P + AT_COMMANDS; E79 modem firmware 0.3.0 required,tx,COM16,COM4,COM16,2,1024,16,64,1024,"{""rf_profile"": ""GFSK200"", ""tx_power_dbm"": -20}",ampere,3300,96.64,96.64,94208,0.8336842105263158,True,4526.299257648033,5963.401156339136,27.07,96.64,6923.257413364778,18034.658752858282,,,6923.257413364778,18034.658752858282,669.0635964275721,259.21775092175056,2207.9098682109875,855.4185780417769,per_frame_modeled_airtime_v1,"[[27.07, 33.11], [58.45, 64.49], [90.43, 96.47], [123.26, 129.3], [155.02, 161.06], [185.93, 191.97], [217.63, 223.67], [249.67, 255.71], [280.97, 287.01], [313.02, 319.06], [345.06, 351.1], [377.09, 383.13], [409.2, 415.24], [440.12, 446.16], [471.99, 478.03], [503.68, 509.72]]",,,,COM4,0123456789abcdefghijklmnopqrstuvwxyzABCDEFGHIJKLMNOPQRSTUVWXYZ-_ | 0123456789abcdefghijklmnopqrstuvwxyzABCDEFGHIJKLMNOPQRSTUVWXYZ-_ | 0123456789abcdefghijklmnopqrstuvwxyzABCDEFGHIJKLMNOPQRSTUVWXYZ-_ | 0123456789abcdefghijklmnopqrstuvwxyzABCDEFGHIJKLMNOPQRSTUVWXYZ-_ | 0123456789abcdefghijklmnopqrstuvwxyzABCDEFGHIJKLMNOPQRSTUVWXYZ-_ | 0123456789abcdefghijklmnopqrstuvwxyzABCDEFGHIJKLMNOPQRSTUVWXYZ-_ | 0123456789abcdefghijklmnopqrstuvwxyzABCDEFGHIJKLMNOPQRSTUVWXYZ-_ | 0123456789abcdefghijklmnopqrstuvwxyzABCDEFGHIJKLMNOPQRSTUVWXYZ-_ | 0123456789abcdefghijklmnopqrstuvwxyzABCDEFGHIJKLMNOPQRSTUVWXYZ-_ | 0123456789abcdefghijklmnopqrstuvwxyzABCDEFGHIJKLMNOPQRSTUVWXYZ-_ | 0123456789abcdefghijklmnopqrstuvwxyzABCDEFGHIJKLMNOPQRSTUVWXYZ-_ | 0123456789abcdefghijklmnopqrstuvwxyzABCDEFGHIJKLMNOPQRSTUVWXYZ-_ | 0123456789abcdefghijklmnopqrstuvwxyzABCDEFGHIJKLMNOPQRSTUVWXYZ-_ | 0123456789abcdefghijklmnopqrstuvwxyzABCDEFGHIJKLMNOPQRSTUVWXYZ-_ | 0123456789abcdefghijklmnopqrstuvSTUVWXYZ-_ | 0123456789abcdefghijklmnopqrstuvwxyzABCDEFGHIJKLMNOPQRSTUVWXYZ-_,False,True,rx_missing
run_00013,2026-09-29T15:57:29+00:00,RADIO_EBYTE_E79_CC1352P,Ebyte E79-400DM2005S (CC1352P AT modem),RADIO_EBYTE_E79_CC1352P + AT_COMMANDS; E79 modem firmware 0.3.0 required,tx,COM16,COM4,COM16,3,1024,16,64,1024,"{""rf_profile"": ""GFSK200"", ""tx_power_dbm"": -20}",ampere,3300,96.64,96.64,94208,0.8336842105263158,True,4521.44332132528,5906.288182764511,28.02,96.64,6922.303224003549,18124.752088864956,,,6922.303224003549,18124.752088864956,668.971383567703,259.9248316500783,2207.60556577342,857.7519444452583,per_frame_modeled_airtime_v1,"[[28.02, 34.06], [59.74, 65.78], [91.41, 97.45], [122.64, 128.68], [154.43, 160.47], [186.29, 192.33], [217.32, 223.36], [249.08, 255.12], [280.21, 286.25], [311.64, 317.68], [342.75, 348.79], [374.83, 380.87], [406.63, 412.67], [438.49, 444.53], [470.84, 476.88], [502.65, 508.69]]",,,,COM4,0123456789abcdefghijklmnopqrstuvwxyzABCDEFGHIJKLMNOPQRSTUVWXYZ-_ | 0123456789abcdefghijklmnopqrstuvVWXYZ-_ | 0123456789abcdefghijklmnopqrstuvwxyzABCDEFGHIJKLMNOPQRSTUVWXYZ-_ | 0123456789abcdefghijklmnopqrstuvwxyzABCDEFGHIJKLMNOPQRSTUVWXYZ-_ | 0123456789abcdefghijklmnopqrstuvwxyzABCDEFGHIJKLMNOPQRSTUVWXYZ-_ | 0123456789abcdefghijklmnopqrstuvwxyzABCDEFGHIJKLMNOPQRSTUVWXYZ-_ | 0123456789abcdefghijklmnopqrstuvwxyzABCDEFGHIJKLMNOPQRSTUVWXYZ-_ | 0123456789abcdefghijklmnopqrstuvwxyzABCDEFGHIJKLMNOPQRSTUVWXYZ-_ | 0123456789abcdefghijklmnopqrstuvwxyzABCDEFGHIJKLMNOPQRSTUVWXYZ-_ | 0123456789abcdefghijklmnopqrstuvwxyzABCDEFGHIJKLMNOPQRSTUVWXYZ-_ | 0123456789abcdefghijklmnopqrstuvwxyzABCDEFGHIJKLMNOPQRSTUVWXYZ-_ | 0123456789abcdefghijklmnopqrstuvwxyzABCDEFGHIJKLMNOPQRSTUVWXYZ-_ | 0123456789abcdefghijklmnopqrstuvwxyzABCDEFGHIJKLMNOPQRSTUVWXYZ-_ | 0123456789abcdefghijklmnopqrstuvwxyzABCDEFGHIJKLMNOPQRSTUVWXYZ-_ | 0123456789abcdefghijklmnopqrstuvwxyzABCDEFGHIJKLMNOPQRSTUVWXYZ-_ | 0123456789abcdefghijklmnopqrstuvwxyzABCDEFGHIJKLMNOPQRSTUVWXYZ-_,False,True,rx_missing
run_00014,2026-09-29T15:57:32+00:00,RADIO_EBYTE_E79_CC1352P,Ebyte E79-400DM2005S (CC1352P AT modem),RADIO_EBYTE_E79_CC1352P + AT_COMMANDS; E79 modem firmware 0.3.0 required,tx,COM16,COM4,COM16,4,1024,16,64,1024,"{""rf_profile"": ""GFSK200"", ""tx_power_dbm"": -20}",ampere,3300,96.64,96.64,94208,0.8336842105263158,True,4521.44332132528,5958.31352503874,26.86,96.64,6939.282521845551,18222.544854892953,,,6939.282521845551,18222.544854892953,670.6122629111541,261.58848261199165,2213.0204676068083,863.2419926195724,per_frame_modeled_airtime_v1,"[[26.86, 32.9], [58.73, 64.77], [91.01, 97.05], [123.49, 129.53], [154.5, 160.54], [186.04, 192.08], [218.69, 224.73], [249.45, 255.49], [280.58, 286.62], [312.55, 318.59], [344.0, 350.04], [375.07, 381.11], [406.97, 413.01], [438.5, 444.54], [469.51, 475.55], [500.91, 506.95]]",,,,COM4,0123456789abcdefghijklmnopqrstuvwxyzABCDEFGHIJKLMNOPQRSTUVWXYZ-_ | 0123456789abcdefghijklmnopqrstuvwxyzABCDEFGHIJKLMNOPQRSTUVWXYZ-_ | 0123456789abcdefghijklmnopqrstuvwxyzABCDEFGHIJKLMNOPQRSTUVWXYZ-_ | 0123456789abcdefghijklmnopqrstuvwxyzABCDEFGHIJKLMNOPQRSTUVWXYZ-_ | 0123456789abcdefghijklmnopqrstuvwxyzABCDEFGHIJKLMNOPQRSTUVWXYZ-_ | 0123456789abcdefghijklmnopqrstuvwxyzABCDEFGHIJKLMNOPQRSTUVWXYZ-_ | 0123456789abcdefghijklmnopqrstuvwxyzABCDEFGHIJKLMNOPQRSTUVWXYZ-_ | 0123456789abcdefghijklmnopqrstuvwxyzABCDEFGHIJKLMNOPQRSTUVWXYZ-_ | 0123456789abcdefghijklmnopqrstuvwxyzABCDEFGHIJKLMNOPQRSTUVWXYZ-_ | 0123456789abcdefghijklmnopqrstuvwxyzABCDEFGHIJKLMNOPQRSTUVWXYZ-_ | 0123456789abcdefghijklmnopqrstuvwxyzABCDEFGHIJKLMNOPQRSTUVWXYZ-_ | 0123456789abcdefghijklmnopqrstuvwxyzABCDEFGHIJKLMNOPQRSTUVWXYZ-_ | 0123456789abcdefghijklmnopqrstuvwxyzABCDEFGHIJKLMNOPQRSTUVWXYZ-_ | 0123456789abcdefghijklmnopqrstuvwxyzABCDEFGHIJKLMNOPQRSTUVWXYZ-_ | 0123456789abcdefghijklmnopqrstuvwxyzABCDEFGHIJKLMNOPQRSTUVWXYZ-_ | 0123456789abcdefghijklmnopqrstuvwxyzABCDEFGHIJKLMNOPQRSTUVWXYZ-_,True,False,ok
run_00015,2026-09-29T15:57:35+00:00,RADIO_EBYTE_E79_CC1352P,Ebyte E79-400DM2005S (CC1352P AT modem),RADIO_EBYTE_E79_CC1352P + AT_COMMANDS; E79 modem firmware 0.3.0 required,tx,COM16,COM4,COM16,5,1024,16,64,1024,"{""rf_profile"": ""GFSK200"", ""tx_power_dbm"": -20}",ampere,3300,96.64,96.64,94208,0.8336842105263158,True,4521.44332132528,5906.288182764511,27.69,96.64,6986.905732805378,17917.361284309438,,,6986.905732805378,17917.361284309438,675.2145700183117,266.9067531785049,2228.208081060429,880.7922854890662,per_frame_modeled_airtime_v1,"[[27.69, 33.73], [58.23, 64.27], [90.99, 97.03], [122.59, 128.63], [154.0, 160.04], [186.61, 192.65], [218.12, 224.16], [249.74, 255.78], [281.56, 287.6], [313.38, 319.42], [345.65, 351.69], [377.66, 383.7], [411.46, 417.5], [443.49, 449.53], [476.64, 482.68], [508.69, 514.73]]",,,,COM4,0123456789abcdefghijklmnopqrstuvwxyzABCDEFGHIJKLMNOPQRSTUVWXYZ-_ | 0123456789abcdefghijklmnopqrstuvwxyzABCDEFGHIJKLMNOPQRSTUVWXYZ-_ | 0123456789abcdefghijklmnopqrstuvwxyzABCDEFGHIJKLMNOPQRSTUVWXYZ-_ | 0123456789abcdefghijklmnopqrstuvwxyzABCDEFGHIJKLMNOPQRSTUVWXYZ-_ | 0123456789abcdefghijklmnopqrstuvwxyzABCDEFGHIJKLMNOPQRSTUVWXYZ-_ | 0123456789abcdefghijklmnopqrstuvwxyzABCDEFGHIJKLMNOPQRSTUVWXYZ-_ | 0123456789abcdefghijklmnopqrstuvwxyzABCDEFGHIJKLMNOPQRSTUVWXYZ-_ | 0123456789abcdefghijklmnopqrstuvwxyzABCDEFGHIJKLMNOPQRSTUVWXYZ-_ | 0123456789abcdefghijklmnopqrstuvwxyzABCDEFGHIJKLMNOPQRSTUVWXYZ-_ | 0123456789abcdefghijklmnopqrstuvwxyzABCDEFGHIJKLMNOPQRSTUVWXYZ-_ | 0123456789abcdefghijklmnopqrstuvwxyzABCDEFGHIJKLMNOPQRSTUVWXYZ-_ | 0123456789abcdefghijklmnopqrstuvwxyzABCDEFGHIJKLMNOPQRSTUVWXYZ-_ | 0123456789abcdefghijklmnopqrstuvwxyzABCDEFGHIJKLMNOPQRSTUVWXYZ-_0123456789abcdefghijklmnopqrstuvwxyzABCDEFGHIJKLMNOPQRSTUVWXYZ-_ | 0123456789abcdefghijklmnopqrstuvwxyzABCDEFGHIJKLMNOPQRSTUVWXYZ-_ | 0123456789abcdefghijklmnopqrstuvwxyzABCDEFGHIJKLMNOPQRSTUVWXYZ-_,False,True,rx_missing
run_00016,2026-09-29T15:57:39+00:00,RADIO_EBYTE_E79_CC1352P,Ebyte E79-400DM2005S (CC1352P AT modem),RADIO_EBYTE_E79_CC1352P + AT_COMMANDS; E79 modem firmware 0.3.0 required,tx,COM16,COM4,COM16,1,128,2,64,128,"{""rf_profile"": ""GFSK200"", ""tx_power_dbm"": 0}",ampere,3300,12.08,12.08,94208,0.8336842105263158,True,4526.299257648033,5963.401156339136,27.21,12.08,7240.68234220515,17699.662603839464,,,7240.68234220515,17699.662603839464,87.46744269383822,34.265904396967365,288.64256088966613,113.0774845099923,per_frame_modeled_airtime_v1,"[[27.21, 33.25], [59.81, 65.85]]",,,,COM4,0123456789abcdefghijklmnopqrstuvwxyzABCDEFGHIJKLMNOPQRSTUVWXYZ-_ | 0123456789abcdefghijklmnopqrstuvwxyzABCDEFGHIJKLMNOPQRSTUVWXYZ-_,True,False,ok
run_00017,2026-09-29T15:57:41+00:00,RADIO_EBYTE_E79_CC1352P,Ebyte E79-400DM2005S (CC1352P AT modem),RADIO_EBYTE_E79_CC1352P + AT_COMMANDS; E79 modem firmware 0.3.0 required,tx,COM16,COM4,COM16,2,128,2,64,128,"{""rf_profile"": ""GFSK200"", ""tx_power_dbm"": 0}",ampere,3300,12.08,12.08,94208,0.8336842105263158,True,4526.299257648033,5963.401156339136,27.12,12.08,7278.301091412395,17933.363788443236,,,7278.301091412395,17933.363788443236,87.92187718426173,34.88237349616358,290.1421947080637,115.11183253733981,per_frame_modeled_airtime_v1,"[[27.12, 33.16], [59.25, 65.29]]",,,,COM4,0123456789abcdefghijklmnopqrstuvwxyzABCDEFGHIJKLMNOPQRSTUVWXYZ-_ | 0123456789abcdefghijklmnopqrstuvwxyzABCDEFGHIJKLMNOPQRSTUVWXYZ-_,True,False,ok
run_00018,2026-09-29T15:57:44+00:00,RADIO_EBYTE_E79_CC1352P,Ebyte E79-400DM2005S (CC1352P AT modem),RADIO_EBYTE_E79_CC1352P + AT_COMMANDS; E79 modem firmware 0.3.0 required,tx,COM16,COM4,COM16,3,128,2,64,128,"{""rf_profile"": ""GFSK200"", ""tx_power_dbm"": 0}",ampere,3300,12.08,12.08,94208,0.8336842105263158,True,4521.44332132528,5958.31352503874,27.18,12.08,7196.222523868292,17320.069536891973,,,7196.222523868292,17320.069536891973,86.93036808832898,33.74863330929428,286.8702146914856,111.3704899206711,per_frame_modeled_airtime_v1,"[[27.18, 33.22], [58.65, 64.69]]",,,,COM4,0123456789abcdefghijklmnopqrstuvwxyzABCDEFGHIJKLMNOPQRSTUVWXYZ-_ | 0123456789abcdefghijklmnopqrstuvwxyzABCDEFGHIJKLMNOPQRSTUVWXYZ-_,True,False,ok
run_00019,2026-09-29T15:57:47+00:00,RADIO_EBYTE_E79_CC1352P,Ebyte E79-400DM2005S (CC1352P AT modem),RADIO_EBYTE_E79_CC1352P + AT_COMMANDS; E79 modem firmware 0.3.0 required,tx,COM16,COM4,COM16,4,128,2,64,128,"{""rf_profile"": ""GFSK200"", ""tx_power_dbm"": 0}",ampere,3300,12.08,12.08,94208,0.8336842105263158,True,4516.588166383134,5895.872348358796,26.93,12.08,7440.7081204265,17817.401586720647,,,7440.7081204265,17817.401586720647,89.8837540947521,37.01586905582873,296.6163885126819,122.1523678842348,per_frame_modeled_airtime_v1,"[[26.93, 32.97], [58.92, 64.96]]",,,,COM4,0123456789abcdefghijklmnopqrstuvwxyzABCDEFGHIJKLMNOPQRSTUVWXYZ-_ | 0123456789abcdefghijklmnopqrstuvTUVWXYZ-_,False,True,rx_missing
run_00020,2026-09-29T15:57:50+00:00,RADIO_EBYTE_E79_CC1352P,Ebyte E79-400DM2005S (CC1352P AT modem),RADIO_EBYTE_E79_CC1352P + AT_COMMANDS; E79 modem firmware 0.3.0 required,tx,COM16,COM4,COM16,5,128,2,64,128,"{""rf_profile"": ""GFSK200"", ""tx_power_dbm"": 0}",ampere,3300,12.08,12.08,94208,0.8336842105263158,True,4521.44332132528,5958.31352503874,26.44,12.08,7321.414974903559,17608.78472425205,,,7321.414974903559,17608.78472425205,88.44269289683498,35.2888460040121,291.8608865595554,116.45319181323993,per_frame_modeled_airtime_v1,"[[26.44, 32.48], [57.9, 63.94]]",,,,COM4,0123456789abcdefghijklmnopqrstuvwxyzABCDEFGHIJKLMNOPQRSTUVWXYZ-_ | 0123456789abcdefghijklmnopqrstuvwxyzABCDEFGHIJKLMNOPQRSTUVWXYZ-_,True,False,ok
run_00021,2026-09-29T15:57:52+00:00,RADIO_EBYTE_E79_CC1352P,Ebyte E79-400DM2005S (CC1352P AT modem),RADIO_EBYTE_E79_CC1352P + AT_COMMANDS; E79 modem firmware 0.3.0 required,tx,COM16,COM4,COM16,1,512,8,64,512,"{""rf_profile"": ""GFSK200"", ""tx_power_dbm"": 0}",ampere,3300,48.32,48.32,94208,0.8336842105263158,True,4531.155975351395,5968.489569020163,27.13,48.32,7138.418404562203,17617.655656847008,,,7138.418404562203,17617.655656847008,344.92837730844565,130.27140668259918,1138.2636451178705,429.8956420525773,per_frame_modeled_airtime_v1,"[[27.13, 33.17], [58.52, 64.56], [90.18, 96.22], [122.54, 128.58], [153.07, 159.11], [184.11, 190.15], [216.01, 222.05], [248.54, 254.58]]",,,,COM4,0123456789abcdefghijklmnopqrstuvwxyzABCDEFGHIJKLMNOPQRSTUVWXYZ-_ | 0123456789abcdefghijklmnopqrstuvwxyzABCDEFGHIJKLMNOPQRSTUVWXYZ-_ | 0123456789abcdefghijklmnopqrstuvwxyzABCDEFGHIJKLMNOPQRSTUVWXYZ-_ | 0123456789abcdefghijklmnopqrstuvwxyzABCDEFGHIJKLMNOPQRSTUVWXYZ-_ | 0123456789abcdefghijklmnopqrstuvwxyzABCDEFGHIJKLMNOPQRSTUVWXYZ-_ | 0123456789abcdefghijklmnopqrstuvwxyzABCDEFGHIJKLMNOPQRSTUVWXYZ-_ | 0123456789abcdefghijklmnopqrstuvwxyzABCDEFGHIJKLMNOPQRSTUVWXYZ-_ | 0123456789abcdefghijklmnopqrstuvwxyzABCDEFGHIJKLMNOPQRSTUVWXYZ-_,True,False,ok
run_00022,2026-09-29T15:57:55+00:00,RADIO_EBYTE_E79_CC1352P,Ebyte E79-400DM2005S (CC1352P AT modem),RADIO_EBYTE_E79_CC1352P + AT_COMMANDS; E79 modem firmware 0.3.0 required,tx,COM16,COM4,COM16,2,512,8,64,512,"{""rf_profile"": ""GFSK200"", ""tx_power_dbm"": 0}",ampere,3300,48.32,48.32,94208,0.8336842105263158,True,4511.733792821595,5890.795547618716,26.87,48.32,7223.093203007962,17903.30995246007,,,7223.093203007962,17903.30995246007,349.01986356934475,136.7258911779817,1151.7655497788376,451.1954408873396,per_frame_modeled_airtime_v1,"[[26.87, 32.91], [58.31, 64.35], [90.12, 96.16], [122.34, 128.38], [154.79, 160.83], [185.79, 191.83], [218.07, 224.11], [249.06, 255.1]]",,,,COM4,0123456789abcdefghijklmnopqrstuvwxyzABCDEFGHIJKLMNOPQRSTUVWXYZ-_ | 0123456789abcdefghijklmnopqrstuvwxyzABCDEFGHIJKLMNOPQRSTUVWXYZ-_ | 0123456789abcdefghijklmnopqrstuvwxyzABCDEFGHIJKLMNOPQRSTUVWXYZ-_ | 0123456789abcdefghijklmnopqrstuvwxyzABCDEFGHIJKLMNOPQRSTUVWXYZ-_ | 0123456789abcdefghijklmnopqrstuvwxyzABCDEFGHIJKLMNOPQRSTUVWXYZ-_ | 0123456789abcdefghijklmnopqrstuvwxyzABCDEFGHIJKLMNOPQRSTUVWXYZ-_ | 0123456789abcdefghijklmnopqrstuvwxyzABCDEFGHIJKLMNOPQRSTUVWXYZ-_ | 0123456789abcdefghijklmnopqrstuvwxyzABCDEFGHIJKLMNOPQRSTUVWXYZ-_,True,False,ok
run_00023,2026-09-29T15:57:58+00:00,RADIO_EBYTE_E79_CC1352P,Ebyte E79-400DM2005S (CC1352P AT modem),RADIO_EBYTE_E79_CC1352P + AT_COMMANDS; E79 modem firmware 0.3.0 required,tx,COM16,COM4,COM16,3,512,8,64,512,"{""rf_profile"": ""GFSK200"", ""tx_power_dbm"": 0}",ampere,3300,48.32,48.32,94208,0.8336842105263158,True,4526.299257648033,5911.3665462658155,26.68,48.32,7227.647605605925,17943.31476650078,,,7227.647605605925,17943.31476650078,349.2399323028783,136.21715830416292,1152.4917765994983,449.51662240373764,per_frame_modeled_airtime_v1,"[[26.68, 32.72], [58.2, 64.24], [90.22, 96.26], [122.23, 128.27], [154.18, 160.22], [186.18, 192.22], [218.35, 224.39], [250.07, 256.11]]",,,,COM4,0123456789abcdefghijklmnopqrstuvwxyzABCDEFGHIJKLMNOPQRSTUVWXYZ-_ | 0123456789abcdefghijklmnopqrstuvwxyzABCDEFGHIJKLMNOPQRSTUVWXYZ-_ | 0123456789abcdefghijklmnopqrstuvwxyzABCDEFGHIJKLMNOPQRSTUVWXYZ-_ | 0123456789abcdefghijklmnopqrstuvwxyzABCDEFGHIJKLMNOPQRSTUVWXYZ-_ | 0123456789abcdefghijklmnopqrstuvwxyzABCDEFGHIJKLMNOPQRSTUVWXYZ-_ | 0123456789abcdefghijklmnopqrstuvwxyzABCDEFGHIJKLMNOPQRSTUVWXYZ-_ | 0123456789abcdefghijklmnopqrstuvwxyzABCDEFGHIJKLMNOPQRSTUVWXYZ-_ | 0123456789abcdefghijklmnopqrstuvwxyzABCDEFGHIJKLMNOPQRSTUVWXYZ-_,True,False,ok
run_00024,2026-09-29T15:58:01+00:00,RADIO_EBYTE_E79_CC1352P,Ebyte E79-400DM2005S (CC1352P AT modem),RADIO_EBYTE_E79_CC1352P + AT_COMMANDS; E79 modem firmware 0.3.0 required,tx,COM16,COM4,COM16,4,512,8,64,512,"{""rf_profile"": ""GFSK200"", ""tx_power_dbm"": 0}",ampere,3300,48.32,48.32,94208,0.8336842105263158,True,4521.44332132528,5906.288182764511,26.5,48.32,7177.665694540353,17760.286208348996,,,7177.665694540353,17760.286208348996,346.8248063601898,133.59442479358785,1144.5218609886263,440.86160181883986,per_frame_modeled_airtime_v1,"[[26.5, 32.54], [58.4, 64.44], [91.05, 97.09], [122.9, 128.94], [154.32, 160.36], [186.06, 192.1], [217.15, 223.19], [249.03, 255.07]]",,,,COM4,0123456789abcdefghijklmnopqrstuvwxyzABCDEFGHIJKLMNOPQRSTUVWXYZ-_ | 0123456789abcdefghijklmnopqrstuvwxyzABCDEFGHIJKLMNOPQRSTUVWXYZ-_ | 0123456789abcdefghijklmnopqrstuvwxyzABCDEFGHIJKLMNOPQRSTUVWXYZ-_ | 0123456789abcdefghijklmnopqrstuvwxyzABCDEFGHIJKLMNOPQRSTUVWXYZ-_ | 0123456789abcdefghijklmnopqrstuvwxyzABCDEFGHIJKLMNOPQRSTUVWXYZ-_ | 0123456789abcdefghijklmnopqrstuvwxyzABCDEFGHIJKLMNOPQRSTUVWXYZ-_ | 0123456789abcdefghijklmnopqrstuvwxyzABCDEFGHIJKLMNOPQRSTUVWXYZ-_ | 0123456789abcdefghijklmnopqrstuvwxyzABCDEFGHIJKLMNOPQRSTUVWXYZ-_,True,False,ok
run_00025,2026-09-29T15:58:03+00:00,RADIO_EBYTE_E79_CC1352P,Ebyte E79-400DM2005S (CC1352P AT modem),RADIO_EBYTE_E79_CC1352P + AT_COMMANDS; E79 modem firmware 0.3.0 required,tx,COM16,COM4,COM16,5,512,8,64,512,"{""rf_profile"": ""GFSK200"", ""tx_power_dbm"": 0}",ampere,3300,48.32,48.32,94208,0.8336842105263158,True,4531.155975351395,5968.489569020163,27.48,48.32,7124.658830392713,17504.602044150335,,,7124.658830392713,17504.602044150335,344.26351468457585,130.3119599197244,1136.0695984591002,430.02946773509046,per_frame_modeled_airtime_v1,"[[27.48, 33.52], [58.74, 64.78], [89.8, 95.84], [120.9, 126.94], [152.66, 158.7], [183.72, 189.76], [215.22, 221.26], [247.31, 253.35]]",,,,COM4,0123456789abcdefghijklmnopqrstuvwxyzABCDEFGHIJKLMNOPQRSTUVWXYZ-_ | 0123456789abcdefghijklmnopqrstuvwxyzABCDEFGHIJKLMNOPQRSTUVWXYZ-_ | 0123456789abcdefghijklmnopqrstuvwxyzABCDEFGHIJKLMNOPQRSTUVWXYZ-_ | 0123456789abcdefghijklmnopqrstuvwxyzABCDEFGHIJKLMNOPQRSTUVWXYZ-_ | 0123456789abcdefghijklmnopqrstuvwxyzABCDEFGHIJKLMNOPQRSTUVWXYZ-_ | 0123456789abcdefghijklmnopqrstuvwxyzABCDEFGHIJKLMNOPQRSTUVWXYZ-_ | 0123456789abcdefghijklmnopqrstuvwxyzABCDEFGHIJKLMNOPQRSTUVWXYZ-_ | 0123456789abcdefghijklmnopqrstuvwxyzABCDEFGHIJKLMNOPQRSTUVWXYZ-_,True,False,ok
run_00026,2026-09-29T15:58:06+00:00,RADIO_EBYTE_E79_CC1352P,Ebyte E79-400DM2005S (CC1352P AT modem),RADIO_EBYTE_E79_CC1352P + AT_COMMANDS; E79 modem firmware 0.3.0 required,tx,COM16,COM4,COM16,1,1024,16,64,1024,"{""rf_profile"": ""GFSK200"", ""tx_power_dbm"": 0}",ampere,3300,96.64,96.64,94208,0.8336842105263158,True,4521.44332132528,5906.288182764511,26.82,96.64,7282.380141515445,18771.572426603892,,,7282.380141515445,18771.572426603892,703.7692168760526,278.5262401826189,2322.4384156909737,919.1365926026423,per_frame_modeled_airtime_v1,"[[26.82, 32.86], [59.04, 65.08], [90.97, 97.01], [122.82, 128.86], [155.14, 161.18], [186.38, 192.42], [218.59, 224.63], [250.14, 256.18], [282.26, 288.3], [313.96, 320.0], [345.75, 351.79], [377.29, 383.33], [408.3, 414.34], [441.05, 447.09], [472.92, 478.96], [504.52, 510.56]]",,,,COM4,0123456789abcdefghijklmnopqrstuvwxyzABCDEFGHIJKLMNOPQRSTUVWXYZ-_ | 0123456789abcdefghijklmnopqrstuvwxyzABCDEFGHIJKLMNOPQRSTUVWXYZ-_ | 0123456789abcdefghijklmnopqrstuvwxyzABCDEFGHIJKLMNOPQRSTUVWXYZ-_ | 0123456789abcdefghijklmnopqrstuvwxyzABCDEFGHIJKLMNOPQRSTUVWXYZ-_ | 0123456789abcdefghijklmnopqrstuvwxyzABCDEFGHIJKLMNOPQRSTUVWXYZ-_ | 0123456789abcdefghijklmnopqrstuvwxyzABCDEFGHIJKLMNOPQRSTUVWXYZ-_ | 0123456789abcdefghijklmnopqrstuvwxyzABCDEFGHIJKLMNOPQRSTUVWXYZ-_ | 0123456789abcdefghijklmnopqrstuvwxyzABCDEFGHIJKLMNOPQRSTUVWXYZ-_ | 0123456789abcdefghijklmnopqrstuvwxyzABCDEFGHIJKLMNOPQRSTUVWXYZ-_ | 0123456789abcdefghijklmnopqrstuvwxyzABCDEFGHIJKLMNOPQRSTUVWXYZ-_ | 0123456789abcdefghijklmnopqrstuvwxyzABCDEFGHIJKLMNOPQRSTUVWXYZ-_ | 0123456789abcdefghijklmnopqrstuvwxyzABCDEFGHIJKLMNOPQRSTUVWXYZ-_ | 0123456789abcdefghijklmnopqrstuvwxyzABCDEFGHIJKLMNOPQRSTUVWXYZ-_ | 0123456789abcdefghijklmnopqrstuvwxyzABCDEFGHIJKLMNOPQRSTUVWXYZ-_ | 0123456789abcdefghijklmnopqrstuvwxyzABCDEFGHIJKLMNOPQRSTUVWXYZ-_ | 0123456789abcdefghijklmnopqrstuvwxyzABCDEFGHIJKLMNOPQRSTUVWXYZ-_,True,False,ok
run_00027,2026-09-29T15:58:09+00:00,RADIO_EBYTE_E79_CC1352P,Ebyte E79-400DM2005S (CC1352P AT modem),RADIO_EBYTE_E79_CC1352P + AT_COMMANDS; E79 modem firmware 0.3.0 required,tx,COM16,COM4,COM16,2,1024,16,64,1024,"{""rf_profile"": ""GFSK200"", ""tx_power_dbm"": 0}",ampere,3300,96.64,96.64,94208,0.8336842105263158,True,4521.44332132528,5906.288182764511,26.14,96.64,7297.891879549997,18371.691126549293,,,7297.891879549997,18371.691126549293,705.2682712397117,280.0719277208679,2327.385295091048,924.237361478864,per_frame_modeled_airtime_v1,"[[26.14, 32.18], [58.26, 64.3], [89.78, 95.82], [121.75, 127.79], [153.16, 159.2], [185.24, 191.28], [217.49, 223.53], [249.84, 255.88], [281.59, 287.63], [313.35, 319.39], [345.42, 351.46], [377.52, 383.56], [409.98, 416.02], [441.7, 447.74], [474.2, 480.24], [506.25, 512.29]]",,,,COM4,0123456789abcdefghijklmnopqrstuvwxyzABCDEFGHIJKLMNOPQRSTUVWXYZ-_ | 0123456789abcdefghijklmnopqrstuvwxyzABCDEFGHIJKLMNOPQRSTUVWXYZ-_ | 0123456789abcdefghijklmnopqrstuvwxyzABCDEFGHIJKLMNOPQRSTUVWXYZ-_ | 0123456789abcdefghijklmnopqrstuvwxyzABCDEFGHIJKLMNOPQRSTUVWXYZ-_ | 0123456789abcdefghijklmnopqrstuvwxyzABCDEFGHIJKLMNOPQRSTUVWXYZ-_ | 0123456789abcdefghijklmnopqrstuvwxyzABCDEFGHIJKLMNOPQRSTUVWXYZ-_ | 0123456789abcdefghijklmnopqrstuvwxyzABCDEFGHIJKLMNOPQRSTUVWXYZ-_ | 0123456789abcdefghijklmnopqrstuvwxyzABCDEFGHIJKLMNOPQRSTUVWXYZ-_ | 0123456789abcdefghijklmnopqrstuvwxyzABCDEFGHIJKLMNOPQRSTUVWXYZ-_ | 0123456789abcdefghijklmnopqrstuvwxyzABCDEFGHIJKLMNOPQRSTUVWXYZ-_ | 0123456789abcdefghijklmnopqrstuvwxyzABCDEFGHIJKLMNOPQRSTUVWXYZ-_ | 0123456789abcdefghijklmnopqrstuvwxyzABCDEFGHIJKLMNOPQRSTUVWXYZ-_ | 0123456789abcdefghijklmnopqrstuvwxyzABCDEFGHIJKLMNOPQRSTUVWXYZ-_ | 0123456789abcdefghijklmnopqrstuvwxyzABCDEFGHIJKLMNOPQRSTUVWXYZ-_ | 0123456789abcdefghijklmnopqrstuvwxyzABCDEFGHIJKLMNOPQRSTUVWXYZ-_ | 0123456789abcdefghijklmnopqrstuvwxyzABCDEFGHIJKLMNOPQRSTUVWXYZ-_,True,False,ok
run_00028,2026-09-29T15:58:11+00:00,RADIO_EBYTE_E79_CC1352P,Ebyte E79-400DM2005S (CC1352P AT modem),RADIO_EBYTE_E79_CC1352P + AT_COMMANDS; E79 modem firmware 0.3.0 required,tx,COM16,COM4,COM16,3,1024,16,64,1024,"{""rf_profile"": ""GFSK200"", ""tx_power_dbm"": 0}",ampere,3300,96.64,96.64,94208,0.8336842105263158,True,4526.299257648033,5963.401156339136,26.67,96.64,7217.618788923722,17835.039708683616,,,7217.618788923722,17835.039708683616,697.5106797615884,270.77914649594277,2301.7852432132418,893.5711834366111,per_frame_modeled_airtime_v1,"[[26.67, 32.71], [59.12, 65.16], [90.66, 96.7], [122.71, 128.75], [156.07, 162.11], [188.08, 194.12], [221.51, 227.55], [251.63, 257.67], [283.46, 289.5], [315.36, 321.4], [347.4, 353.44], [379.21, 385.25], [411.3, 417.34], [443.37, 449.41], [475.44, 481.48], [507.18, 513.22]]",,,,COM4,0123456789abcdefghijklmnopqrstuvwxyzABCDEFGHIJKLMNOPQRSTUVWXYZ-_ | 0123456789abcdefghijklmnopqrstuvwxyzABCDEFGHIJKLMNOPQRSTUVWXYZ-_ | 0123456789abcdefghijklmnopqrstuvwxyzABCDEFGHIJKLMNOPQRSTUVWXYZ-_ | 0123456789abcdefghijklmnopqrstuvwxyzABCDEFGHIJKLMNOPQRSTUVWXYZ-_ | 0123456789abcdefghijklmnopqrstuvwxyzABCDEFGHIJKLMNOPQRSTUVWXYZ-_ | 0123456789abcdefghijklmnopqrstuvwxyzABCDEFGHIJKLMNOPQRSTUVWXYZ-_ | 0123456789abcdefghijklmnopqrstuvwxyzABCDEFGHIJKLMNOPQRSTUVWXYZ-_ | 0123456789abcdefghijklmnopqrstuvwxyzABCDEFGHIJKLMNOPQRSTUVWXYZ-_ | 0123456789abcdefghijklmnopqrstuvwxyzABCDEFGHIJKLMNOPQRSTUVWXYZ-_ | 0123456789abcdefghijklmnopqrstuvwxyzABCDEFGHIJKLMNOPQRSTUVWXYZ-_ | 0123456789abcdefghijklmnopqrstuvwxyzABCDEFGHIJKLMNOPQRSTUVWXYZ-_ | 0123456789abcdefghijklmnopqrstuvwxyzABCDEFGHIJKLMNOPQRSTUVWXYZ-_ | 0123456789abcdefghijklmnopqrstuvwxyzABCDEFGHIJKLMNOPQRSTUVWXYZ-_ | 0123456789abcdefghijklmnopqrstuvwxyzABCDEFGHIJKLMNOPQRSTUVWXYZ-_ | 0123456789abcdefghijklmnopqrstuvwxyzABCDEFGHIJKLMNOPQRSTUVWXYZ-_ | 0123456789abcdefghijklmnopqrstuvwxyzABCDEFGHIJKLMNOPQRSTUVWXYZ-_,True,False,ok
run_00029,2026-09-29T15:58:14+00:00,RADIO_EBYTE_E79_CC1352P,Ebyte E79-400DM2005S (CC1352P AT modem),RADIO_EBYTE_E79_CC1352P + AT_COMMANDS; E79 modem firmware 0.3.0 required,tx,COM16,COM4,COM16,4,1024,16,64,1024,"{""rf_profile"": ""GFSK200"", ""tx_power_dbm"": 0}",ampere,3300,96.64,96.64,94208,0.8336842105263158,True,4511.733792821595,5838.343886585589,27.39,96.64,7285.726487513224,18008.956343341302,,,7285.726487513224,18008.956343341302,704.092607753278,279.4707207651217,2323.505605585817,922.2533785249016,per_frame_modeled_airtime_v1,"[[27.39, 33.43], [59.28, 65.32], [91.19, 97.23], [124.08, 130.12], [156.11, 162.15], [187.6, 193.64], [219.67, 225.71], [251.48, 257.52], [283.11, 289.15], [314.99, 321.03], [346.9, 352.94], [378.45, 384.49], [410.35, 416.39], [441.64, 447.68], [473.76, 479.8], [505.74, 511.78]]",,,,COM4,0123456789abcdefghijklmnopqrstuvwxyzABCDEFGHIJKLMNOPQRSTUVWXYZ-_ | 0123456789abcdefghijklmnopqrstuvwxyzABCDEFGHIJKLMNOPQRSTUVWXYZ-_ | 0123456789abcdefghijklmnopqrstuvwxyzABCDEFGHIJKLMNOPQRSTUVWXYZ-_ | 0123456789abcdefghijklmnopqrstuvwxyzABCDEFGHIJKLMNOPQRSTUVWXYZ-_ | 0123456789abcdefghijklmnopqrstuvwxyzABCDEFGHIJKLMNOPQRSTUVWXYZ-_ | 0123456789abcdefghijklmnopqrstuvwxyzABCDEFGHIJKLMNOPQRSTUVWXYZ-_ | 0123456789abcdefghijklmnopqrstuvwxyzABCDEFGHIJKLMNOPQRSTUVWXYZ-_ | 0123456789abcdefghijklmnopqrstuvwxyzABCDEFGHIJKLMNOPQRSTUVWXYZ-_ | 0123456789abcdefghijklmnopqrstuvwxyzABCDEFGHIJKLMNOPQRSTUVWXYZ-_ | 0123456789abcdefghijklmnopqrstuvwxyzABCDEFGHIJKLMNOPQRSTUVWXYZ-_ | 0123456789abcdefghijklmnopqrstuvwxyzABCDEFGHIJKLMNOPQRSTUVWXYZ-_ | 0123456789abcdefghijklmnopqrstuvwxyzABCDEFGHIJKLMNOPQRSTUVWXYZ-_ | 0123456789abcdefghijklmnopqrstuvwxyzABCDEFGHIJKLMNOPQRSTUVWXYZ-_ | 0123456789abcdefghijklmnopqrstuvwxyzABCDEFGHIJKLMNOPQRSTUVWXYZ-_0123456789abcdefghijklmnopqrstuvwxyzABCDEFGHIJKLMNOPQRSTUVWXYZ-_ | 0123456789abcdefghijklmnopqrstuvwxyzABCDEFGHIJKLMNOPQRSTUVWXYZ-_,False,True,rx_missing
run_00030,2026-09-29T15:58:17+00:00,RADIO_EBYTE_E79_CC1352P,Ebyte E79-400DM2005S (CC1352P AT modem),RADIO_EBYTE_E79_CC1352P + AT_COMMANDS; E79 modem firmware 0.3.0 required,tx,COM16,COM4,COM16,5,1024,16,64,1024,"{""rf_profile"": ""GFSK200"", ""tx_power_dbm"": 0}",ampere,3300,96.64,96.64,94208,0.8336842105263158,True,4531.155975351395,5968.489569020163,28.06,96.64,7148.093988192381,17783.63919893014,,,7148.093988192381,17783.63919893014,690.7918030189118,263.1443915075073,2279.6129499624085,868.376491974774,per_frame_modeled_airtime_v1,"[[28.06, 34.1], [60.82, 66.86], [92.95, 98.99], [125.76, 131.8], [157.69, 163.73], [189.8, 195.84], [221.9, 227.94], [253.65, 259.69], [285.94, 291.98], [317.75, 323.79], [349.54, 355.58], [381.41, 387.45], [413.39, 419.43], [445.34, 451.38], [477.7, 483.74], [509.85, 515.89]]",,,,COM4,0123456789abcdefghijklmnopqrstuvwxyzABCDEFGHIJKLMNOPQRSTUVWXYZ-_ | 0123456789abcdefghijklmnopqrstuvwxyzABCDEFGHIJKLMNOPQRSTUVWXYZ-_ | 0123456789abcdefghijklmnopqrstuvwxyzABCDEFGHIJKLMNOPQRSTUVWXYZ-_ | 0123456789abcdefghijklmnopqrstuvwxyzABCDEFGHIJKLMNOPQRSTUVWXYZ-_ | 0123456789abcdefghijklmnopqrstuvwxyzABCDEFGHIJKLMNOPQRSTUVWXYZ-_ | 0123456789abcdefghijklmnopqrstuvwxyzABCDEFGHIJKLMNOPQRSTUVWXYZ-_ | 0123456789abcdefghijklmnopqrstuvwxyzABCDEFGHIJKLMNOPQRSTUVWXYZ-_ | 0123456789abcdefghijklmnopqrstuvwxyzABCDEFGHIJKLMNOPQRSTUVWXYZ-_ | 0123456789abcdefghijklmnopqrstuvwxyzABCDEFGHIJKLMNOPQRSTUVWXYZ-_ | 0123456789abcdefghijklmnopqrstuvwxyzABCDEFGHIJKLMNOPQRSTUVWXYZ-_ | 0123456789abcdefghijklmnopqrstuvwxyzABCDEFGHIJKLMNOPQRSTUVWXYZ-_ | 0123456789abcdefghijklmnopqrstuvwxyzABCDEFGHIJKLMNOPQRSTUVWXYZ-_ | 0123456789abcdefghijklmnopqrstuvwxyzABCDEFGHIJKLMNOPQRSTUVWXYZ-_ | 0123456789abcdefghijklmnopqrstuvwxyzABCDEFGHIJKLMNOPQRSTUVWXYZ-_ | 0123456789abcdefghijklmnopqrstuvwxyzABCDEFGHIJKLMNOPQRSTUVWXYZ-_ | 0123456789abcdefghijklmnopqrstuvwxyzABCDEFGHIJKLMNOPQRSTUVWXYZ-_,True,False,ok
run_00031,2026-09-29T15:58:21+00:00,RADIO_EBYTE_E79_CC1352P,Ebyte E79-400DM2005S (CC1352P AT modem),RADIO_EBYTE_E79_CC1352P + AT_COMMANDS; E79 modem firmware 0.3.0 required,tx,COM16,COM4,COM16,1,128,2,64,128,"{""rf_profile"": ""GFSK200"", ""tx_power_dbm"": 13}",ampere,3300,12.08,12.08,94208,0.8336842105263158,True,4511.733792821595,5896.133799903734,26.61,12.08,8318.553749284212,17674.526359648928,,,8318.553749284212,17674.526359648928,100.48812929135327,47.36404120737619,331.6108266614658,156.30133598434142,per_frame_modeled_airtime_v1,"[[26.61, 32.65], [58.45, 64.49]]",,,,COM4,0123456789abcdefghijklmnopqrstuvwxyzABCDEFGHIJKLMNOPQRSTUVWXYZ-_ | 0123456789abcdefghijklmnopqrstuvwxyzABCDEFGHIJKLMNOPQRSTUVWXYZ-_,True,False,ok
run_00032,2026-09-29T15:58:23+00:00,RADIO_EBYTE_E79_CC1352P,Ebyte E79-400DM2005S (CC1352P AT modem),RADIO_EBYTE_E79_CC1352P + AT_COMMANDS; E79 modem firmware 0.3.0 required,tx,COM16,COM4,COM16,2,128,2,64,128,"{""rf_profile"": ""GFSK200"", ""tx_power_dbm"": 13}",ampere,3300,12.08,12.08,95232,0.0,True,4511.733792821595,5896.133799903734,27.55,12.08,8133.523128461156,17261.96028257348,,,8133.523128461156,17261.96028257348,98.25295939181076,44.97162281991993,324.2347659929755,148.40635530573576,per_frame_modeled_airtime_v1,"[[27.55, 33.59], [58.65, 64.69]]",,,,COM4,0123456789abcdefghijklmnopqrstuvwxyzABCDEFGHIJKLMNOPQRSTUVWXYZ-_ | 0123456789abcdefghijklmnopqrstuvwxyzABCDEFGHIJKLMNOPQRSTUVWXYZ-_,True,False,ok
run_00033,2026-09-29T15:58:26+00:00,RADIO_EBYTE_E79_CC1352P,Ebyte E79-400DM2005S (CC1352P AT modem),RADIO_EBYTE_E79_CC1352P + AT_COMMANDS; E79 modem firmware 0.3.0 required,tx,COM16,COM4,COM16,3,128,2,64,128,"{""rf_profile"": ""GFSK200"", ""tx_power_dbm"": 13}",ampere,3300,12.08,12.08,94208,0.8336842105263158,True,4506.880200640662,5833.27713502524,27.39,12.08,8310.529347216943,17788.57872431133,,,8310.529347216943,17788.57872431133,100.39119451438067,47.56630368980772,331.2909418974562,156.96880217636547,per_frame_modeled_airtime_v1,"[[27.39, 33.43], [59.93, 65.97]]",,,,COM4,0123456789abcdefghijklmnopqrstuvwxyzABCDEFGHIJKLMNOPQRSTUVWXYZ-_0123456789abcdefghijklmnopqrstuvwxyzABCDEFGHIJKLMNOPQRSTUVWXYZ-_,False,True,rx_missing
run_00034,2026-09-29T15:58:29+00:00,RADIO_EBYTE_E79_CC1352P,Ebyte E79-400DM2005S (CC1352P AT modem),RADIO_EBYTE_E79_CC1352P + AT_COMMANDS; E79 modem firmware 0.3.0 required,tx,COM16,COM4,COM16,4,128,2,64,128,"{""rf_profile"": ""GFSK200"", ""tx_power_dbm"": 13}",ampere,3300,12.08,12.08,94208,0.8336842105263158,True,4521.44332132528,5958.31352503874,27.1,12.08,7958.965890641187,16832.016219537636,,,7958.965890641187,16832.016219537636,96.14430795894553,42.675408167703665,317.27621626452026,140.8288469534221,per_frame_modeled_airtime_v1,"[[27.1, 33.14], [59.58, 65.62]]",,,,COM4,0123456789abcdefghijklmnopqrstuvwxyzABCDEFGHIJKLMNOPQRSTUVWXYZ-_ | 0123456789abcdefghijklmnopqrstuvwxyzABCDEFGHIJKLMNOPQRSTUVWXYZ-_,True,False,ok
run_00035,2026-09-29T15:58:31+00:00,RADIO_EBYTE_E79_CC1352P,Ebyte E79-400DM2005S (CC1352P AT modem),RADIO_EBYTE_E79_CC1352P + AT_COMMANDS; E79 modem firmware 0.3.0 required,tx,COM16,COM4,COM16,5,128,2,64,128,"{""rf_profile"": ""GFSK200"", ""tx_power_dbm"": 13}",ampere,3300,12.08,12.08,94208,0.8336842105263158,True,4516.588166383134,5901.210600643814,27.36,12.08,8215.852567871687,17662.3806604781,,,8215.852567871687,17662.3806604781,99.24749901988999,45.81290188455863,327.5167467656369,151.18257621904345,per_frame_modeled_airtime_v1,"[[27.36, 33.4], [59.65, 65.69]]",,,,COM4,0123456789abcdefghijklmnopqrstuvwxyzABCDEFGHIJKLMNOPQRSTUVWXYZ-_ | 0123456789abcdefghijklmnopqrstuvwxyzABCDEFGHIJKLMNOPQRSTUVWXYZ-_,True,False,ok
run_00036,2026-09-29T15:58:34+00:00,RADIO_EBYTE_E79_CC1352P,Ebyte E79-400DM2005S (CC1352P AT modem),RADIO_EBYTE_E79_CC1352P + AT_COMMANDS; E79 modem firmware 0.3.0 required,tx,COM16,COM4,COM16,1,512,8,64,512,"{""rf_profile"": ""GFSK200"", ""tx_power_dbm"": 13}",ampere,3300,48.32,48.32,94208,0.8336842105263158,True,4511.733792821595,5896.133799903734,27.06,48.32,8377.466161518867,18067.621071488196,,,8377.466161518867,18067.621071488196,404.79916492459165,192.08780465084405,1335.8372442511525,633.8897553477854,per_frame_modeled_airtime_v1,"[[27.06, 33.1], [58.15, 64.19], [89.8, 95.84], [121.16, 127.2], [152.85, 158.89], [184.61, 190.65], [216.52, 222.56], [248.39, 254.43]]",,,,COM4,0123456789abcdefghijklmnopqrstuvwxyzABCDEFGHIJKLMNOPQRSTUVWXYZ-_ | 0123456789abcdefghijklmnopqrstuvwxyzABCDEFGHIJKLMNOPQRSTUVWXYZ-_ | 0123456789abcdefghijklmnopqrstuvwxyzABCDEFGHIJKLMNOPQRSTUVWXYZ-_ | 0123456789abcdefghijklmnopqrstuvwxyzABCDEFGHIJKLMNOPQRSTUVWXYZ-_ | 0123456789abcdefghijklmnopqrstuvwxyzABCDEFGHIJKLMNOPQRSTUVWXYZ-_ | 0123456789abcdefghijklmnopqrstuvwxyzABCDEFGHIJKLMNOPQRSTUVWXYZ-_ | 0123456789abcdefghijklmnopqrstuvwxyzABCDEFGHIJKLMNOPQRSTUVWXYZ-_ | 0123456789abcdefghijklmnopqrstuvwxyzABCDEFGHIJKLMNOPQRSTUVWXYZ-_,True,False,ok
run_00037,2026-09-29T15:58:37+00:00,RADIO_EBYTE_E79_CC1352P,Ebyte E79-400DM2005S (CC1352P AT modem),RADIO_EBYTE_E79_CC1352P + AT_COMMANDS; E79 modem firmware 0.3.0 required,tx,COM16,COM4,COM16,2,512,8,64,512,"{""rf_profile"": ""GFSK200"", ""tx_power_dbm"": 13}",ampere,3300,48.32,48.32,94208,0.8336842105263158,True,4506.880200640662,5885.719528259233,26.41,48.32,8277.847019641076,17575.559126501237,,,8277.847019641076,17575.559126501237,399.9855679890568,188.06844149897287,1319.9523743638874,620.6258569466105,per_frame_modeled_airtime_v1,"[[26.41, 32.45], [58.78, 64.82], [89.58, 95.62], [121.84, 127.88], [152.49, 158.53], [185.6, 191.64], [217.65, 223.69], [250.14, 256.18]]",,,,COM4,0123456789abcdefghijklmnopqrstuvwxyzABCDEFGHIJKLMNOPQRSTUVWXYZ-_ | 0123456789abcdefghijklmnopqrstuvwxyzABCDEFGHIJKLMNOPQRSTUVWXYZ-_ | 0123456789abcdefghijklmnopqrstuvwxyzABCDEFGHIJKLMNOPQRSTUVWXYZ-_ | 0123456789abcdefghijklmnopqrstuvwxyzABCDEFGHIJKLMNOPQRSTUVWXYZ-_ | 0123456789abcdefghijklmnopqrstuvwxyzABCDEFGHIJKLMNOPQRSTUVWXYZ-_ | 0123456789abcdefghijklmnopqrstuvwxyzABCDEFGHIJKLMNOPQRSTUVWXYZ-_ | 0123456789abcdefghijklmnopqrstuvwxyzABCDEFGHIJKLMNOPQRSTUVWXYZ-_ | 0123456789abcdefghijklmnopqrstuvwxyzABCDEFGHIJKLMNOPQRSTUVWXYZ-_,True,False,ok
run_00038,2026-09-29T15:58:40+00:00,RADIO_EBYTE_E79_CC1352P,Ebyte E79-400DM2005S (CC1352P AT modem),RADIO_EBYTE_E79_CC1352P + AT_COMMANDS; E79 modem firmware 0.3.0 required,tx,COM16,COM4,COM16,3,512,8,64,512,"{""rf_profile"": ""GFSK200"", ""tx_power_dbm"": 13}",ampere,3300,48.32,48.32,94208,0.8336842105263158,True,4511.733792821595,5890.795547618716,26.16,48.32,8187.950369227649,17363.570955724892,,,8187.950369227649,17363.570955724892,395.64176184108004,182.9469118786926,1305.617814075564,603.7248091996855,per_frame_modeled_airtime_v1,"[[26.16, 32.2], [57.91, 63.95], [89.96, 96.0], [121.51, 127.55], [152.6, 158.64], [183.71, 189.75], [215.26, 221.3], [248.78, 254.82]]",,,,COM4,0123456789abcdefghijklmnopqrstuvwxyzABCDEFGHIJKLMNOPQRSTUVWXYZ-_ | 0123456789abcdefghijklmnopqrstuvwxyzABCDEFGHIJKLMNOPQRSTUVWXYZ-_ | 0123456789abcdefghijklmnopqrstuvwxyzABCDEFGHIJKLMNOPQRSTUVWXYZ-_ | 0123456789abcdefghijklmnopqrstuvwxyzABCDEFGHIJKLMNOPQRSTUVWXYZ-_ | 0123456789abcdefghijklmnopqrstuvwxyzABCDEFGHIJKLMNOPQRSTUVWXYZ-_ | 0123456789abcdefghijklmnopqrstuvwxyzABCDEFGHIJKLMNOPQRSTUVWXYZ-_ | 0123456789abcdefghijklmnopqrstuvwxyzABCDEFGHIJKLMNOPQRSTUVWXYZ-_ | 0123456789abcdefghijklmnopqrstuvwxyzABCDEFGHIJKLMNOPQRSTUVWXYZ-_,True,False,ok
run_00039,2026-09-29T15:58:42+00:00,RADIO_EBYTE_E79_CC1352P,Ebyte E79-400DM2005S (CC1352P AT modem),RADIO_EBYTE_E79_CC1352P + AT_COMMANDS; E79 modem firmware 0.3.0 required,tx,COM16,COM4,COM16,4,512,8,64,512,"{""rf_profile"": ""GFSK200"", ""tx_power_dbm"": 13}",ampere,3300,48.32,48.32,94208,0.8336842105263158,True,4516.588166383134,5895.872348358796,26.22,48.32,8243.947693909271,17513.81640806972,,,8243.947693909271,17513.81640806972,398.347552569696,185.27829985240803,1314.5469234799968,611.4183895129464,per_frame_modeled_airtime_v1,"[[26.22, 32.26], [57.92, 63.96], [89.62, 95.66], [120.79, 126.83], [151.87, 157.91], [184.59, 190.63], [216.47, 222.51], [248.5, 254.54]]",,,,COM4,0123456789abcdefghijklmnopqrstuvwxyzABCDEFGHIJKLMNOPQRSTUVWXYZ-_ | 0123456789abcdefghijklmnopqrstuvwxyzABCDEFGHIJKLMNOPQRSTUVWXYZ-_ | 0123456789abcdefghijklmnopqrstuvwxyzABCDEFGHIJKLMNOPQRSTUVWXYZ-_ | 0123456789abcdefghijklmnopqrstuvwxyzABCDEFGHIJKLMNOPQRSTUVWXYZ-_ | 0123456789abcdefghijklmnopqrstuvwxyzABCDEFGHIJKLMNOPQRSTUVWXYZ-_ | 0123456789abcdefghijklmnopqrstuvwxyzABCDEFGHIJKLMNOPQRSTUVWXYZ-_ | 0123456789abcdefghijklmnopqrstuvwxyzABCDEFGHIJKLMNOPQRSTUVWXYZ-_ | 0123456789abcdefghijklmnopqrstuvwxyzABCDEFGHIJKLMNOPQRSTUVWXYZ-_,True,False,ok
run_00040,2026-09-29T15:58:45+00:00,RADIO_EBYTE_E79_CC1352P,Ebyte E79-400DM2005S (CC1352P AT modem),RADIO_EBYTE_E79_CC1352P + AT_COMMANDS; E79 modem firmware 0.3.0 required,tx,COM16,COM4,COM16,5,512,8,64,512,"{""rf_profile"": ""GFSK200"", ""tx_power_dbm"": 13}",ampere,3300,48.32,48.32,94208,0.8336842105263158,True,4506.880200640662,5885.719528259233,27.03,48.32,8370.284260860128,17828.02704117196,,,8370.284260860128,17828.02704117196,404.45213548476136,191.72408554207834,1334.6920470997125,632.6894822888585,per_frame_modeled_airtime_v1,"[[27.03, 33.07], [59.51, 65.55], [89.93, 95.97], [121.75, 127.79], [153.04, 159.08], [185.52, 191.56], [216.46, 222.5], [248.22, 254.26]]",,,,COM4,0123456789abcdefghijklmnopqrstuvwxyzABCDEFGHIJKLMNOPQRSTUVWXYZ-_ | 0123456789abcdefghijklmnopqrstuvwxyzABCDEFGHIJKLMNOPQRSTUVWXYZ-_ | 0123456789abcdefghijklmnopqrstuvwxyzABCDEFGHIJKLMNOPQRSTUVWXYZ-_ | 0123456789abcdefghijklmnopqrstuvwxyzABCDEFGHIJKLMNOPQRSTUVWXYZ-_ | 0123456789abcdefghijklmnopqrstuvwxyzABCDEFGHIJKLMNOPQRSTUVWXYZ-_ | 0123456789abcdefghijklmnopqrstuvwxyzABCDEFGHIJKLMNOPQRSTUVWXYZ-_ | 0123456789abcdefghijklmnopqrstuvwxyzABCDEFGHIJKLMNOPQRSTUVWXYZ-_ | 0123456789abcdefghijklmnopqrstuvwxyzABCDEFGHIJKLMNOPQRSTUVWXYZ-_,True,False,ok
run_00041,2026-09-29T15:58:48+00:00,RADIO_EBYTE_E79_CC1352P,Ebyte E79-400DM2005S (CC1352P AT modem),RADIO_EBYTE_E79_CC1352P + AT_COMMANDS; E79 modem firmware 0.3.0 required,tx,COM16,COM4,COM16,1,1024,16,64,1024,"{""rf_profile"": ""GFSK200"", ""tx_power_dbm"": 13}",ampere,3300,96.64,96.64,94208,0.8336842105263158,True,4506.880200640662,5885.719528259233,26.82,96.64,8270.096530430836,17897.83077718704,,,8270.096530430836,17897.83077718704,799.222128700836,373.88069084154375,2637.4330247127587,1233.8062797770942,per_frame_modeled_airtime_v1,"[[26.82, 32.86], [58.78, 64.82], [90.67, 96.71], [123.05, 129.09], [155.55, 161.59], [186.78, 192.82], [219.23, 225.27], [250.72, 256.76], [282.09, 288.13], [313.94, 319.98], [346.01, 352.05], [377.81, 383.85], [409.02, 415.06], [441.14, 447.18], [472.82, 478.86], [504.16, 510.2]]",,,,COM4,0123456789abcdefghijklmnopqrstuvwxyzABCDEFGHIJKLMNOPQRSTUVWXYZ-_ | 0123456789abcdefghijklmnopqrstuvwxyzABCDEFGHIJKLMNOPQRSTUVWXYZ-_ | 0123456789abcdefghijklmnopqrstuvwxyzABCDEFGHIJKLMNOPQRSTUVWXYZ-_ | 0123456789abcdefghijklmnopqrstuvwxyzABCDEFGHIJKLMNOPQRSTUVWXYZ-_ | 0123456789abcdefghijklmnopqrstuvwxyzABCDEFGHIJKLMNOPQRSTUVWXYZ-_ | 0123456789abcdefghijklmnopqrstuvwxyzABCDEFGHIJKLMNOPQRSTUVWXYZ-_ | 0123456789abcdefghijklmnopqrstuvwxyzABCDEFGHIJKLMNOPQRSTUVWXYZ-_ | 0123456789abcdefghijklmnopqrstuvwxyzABCDEFGHIJKLMNOPQRSTUVWXYZ-_ | 0123456789abcdefghijklmnopqrstuvwxyzABCDEFGHIJKLMNOPQRSTUVWXYZ-_ | 0123456789abcdefghijklmnopqrstuvwxyzABCDEFGHIJKLMNOPQRSTUVWXYZ-_ | 0123456789abcdefghijklmnopqrstuvwxyzABCDEFGHIJKLMNOPQRSTUVWXYZ-_ | 0123456789abcdefghijklmnopqrstuvwxyzABCDEFGHIJKLMNOPQRSTUVWXYZ-_ | 0123456789abcdefghijklmnopqrstuvwxyzABCDEFGHIJKLMNOPQRSTUVWXYZ-_ | 0123456789abcdefghijklmnopqrstuvwxyzABCDEFGHIJKLMNOPQRSTUVWXYZ-_ | 0123456789abcdefghijklmnopqrstuvwxyzABCDEFGHIJKLMNOPQRSTUVWXYZ-_ | 0123456789abcdefghijklmnopqrstuvwxyzABCDEFGHIJKLMNOPQRSTUVWXYZ-_,True,False,ok
run_00042,2026-09-29T15:58:50+00:00,RADIO_EBYTE_E79_CC1352P,Ebyte E79-400DM2005S (CC1352P AT modem),RADIO_EBYTE_E79_CC1352P + AT_COMMANDS; E79 modem firmware 0.3.0 required,tx,COM16,COM4,COM16,2,1024,16,64,1024,"{""rf_profile"": ""GFSK200"", ""tx_power_dbm"": 13}",ampere,3300,96.64,96.64,94208,0.8336842105263158,True,4511.733792821595,5890.795547618716,26.97,96.64,8289.57490360081,18821.490283393832,,,8289.57490360081,18821.490283393832,801.1045186839822,374.9893536926093,2643.644911657141,1237.4648671856107,per_frame_modeled_airtime_v1,"[[26.97, 33.01], [58.36, 64.4], [90.73, 96.77], [121.94, 127.98], [154.25, 160.29], [185.37, 191.41], [217.89, 223.93], [248.29, 254.33], [279.76, 285.8], [311.53, 317.57], [344.02, 350.06], [375.03, 381.07], [407.57, 413.61], [439.46, 445.5], [471.89, 477.93], [503.98, 510.02]]",,,,COM4,0123456789abcdefghijklmnopqrstuvwxyzABCDEFGHIJKLMNOPQRSTUVWXYZ-_ | 0123456789abcdefghijklmnopqrstuvwxyzABCDEFGHIJKLMNOPQRSTUVWXYZ-_ | 0123456789abcdefghijklmnopqrstuvwxyzABCDEFGHIJKLMNOPQRSTUVWXYZ-_ | 0123456789abcdefghijklmnopqrstuvwxyzABCDEFGHIJKLMNOPQRSTUVWXYZ-_0123456789abcdefghijklmnopqrstuvwxyzABCDEFGHIJKLMNOPQRSTUVWXYZ-_ | 0123456789abcdefghijklmnopqrstuvwxyzABCDEFGHIJKLMNOPQRSTUVWXYZ-_ | 0123456789abcdefghijklmnopqrstuvwxyzABCDEFGHIJKLMNOPQRSTUVWXYZ-_ | 0123456789abcdefghijklmnopqrstuvwxyzABCDEFGHIJKLMNOPQRSTUVWXYZ-_ | 0123456789abcdefghijklmnopqrstuvwxyzABCDEFGHIJKLMNOPQRSTUVWXYZ-_ | 0123456789abcdefghijklmnopqrstuvwxyzABCDEFGHIJKLMNOPQRSTUVWXYZ-_ | 0123456789abcdefghijklmnopqrstuvwxyzABCDEFGHIJKLMNOPQRSTUVWXYZ-_ | 0123456789abcdefghijklmnopqrstuvwxyzABCDEFGHIJKLMNOPQRSTUVWXYZ-_ | 0123456789abcdefghijklmnopqrstuvwxyzABCDEFGHIJKLMNOPQRSTUVWXYZ-_ | 0123456789abcdefghijklmnopqrstuvwxyzABCDEFGHIJKLMNOPQRSTUVWXYZ-_ | 0123456789abcdefghijklmnopqrstuvwxyzABCDEFGHIJKLMNOPQRSTUVWXYZ-_0123456789abcdefghijklmnopqrstuvwxyzABCDEFGHIJKLMNOPQRSTUVWXYZ-_,False,True,rx_missing
run_00043,2026-09-29T15:58:53+00:00,RADIO_EBYTE_E79_CC1352P,Ebyte E79-400DM2005S (CC1352P AT modem),RADIO_EBYTE_E79_CC1352P + AT_COMMANDS; E79 modem firmware 0.3.0 required,tx,COM16,COM4,COM16,3,1024,16,64,1024,"{""rf_profile"": ""GFSK200"", ""tx_power_dbm"": 13}",ampere,3300,96.64,96.64,94208,0.8336842105263158,True,4511.733792821595,5890.795547618716,26.53,96.64,8151.899532912634,17794.25524467744,,,8151.899532912634,17794.25524467744,787.7995708606769,360.12779581791364,2599.738583840234,1188.421726199115,per_frame_modeled_airtime_v1,"[[26.53, 32.57], [58.41, 64.45], [90.25, 96.29], [121.63, 127.67], [153.09, 159.13], [184.59, 190.63], [216.04, 222.08], [247.48, 253.52], [278.82, 284.86], [310.83, 316.87], [342.19, 348.23], [374.52, 380.56], [405.62, 411.66], [437.45, 443.49], [469.18, 475.22], [501.9, 507.94]]",,,,COM4,0123456789abcdefghijklmnopqrstuvwxyzABCDEFGHIJKLMNOPQRSTUVWXYZ-_ | 0123456789abcdefghijklmnopqrstuvwxyzABCDEFGHIJKLMNOPQRSTUVWXYZ-_ | 0123456789abcdefghijklmnopqrstuvwxyzABCDEFGHIJKLMNOPQRSTUVWXYZ-_ | 0123456789abcdefghijklmnopqrstuvwxyzABCDEFGHIJKLMNOPQRSTUVWXYZ-_ | 0123456789abcdefghijklmnopqrstuvwxyzABCDEFGHIJKLMNOPQRSTUVWXYZ-_ | 0123456789abcdefghijklmnopqrstuvwxyzABCDEFGHIJKLMNOPQRSTUVWXYZ-_ | 0123456789abcdefghijklmnopqrstuvwxyzABCDEFGHIJKLMNOPQRSTUVWXYZ-_ | 0123456789abcdefghijklmnopqrstuvwxyzABCDEFGHIJKLMNOPQRSTUVWXYZ-_ | 0123456789abcdefghijklmnopqrstuvwxyzABCDEFGHIJKLMNOPQRSTUVWXYZ-_ | 0123456789abcdefghijklmnopqrstuvwxyzABCDEFGHIJKLMNOPQRSTUVWXYZ-_ | 0123456789abcdefghijklmnopqrstuvwxyzABCDEFGHIJKLMNOPQRSTUVWXYZ-_ | 0123456789abcdefghijklmnopqrstuvwxyzABCDEFGHIJKLMNOPQRSTUVWXYZ-_ | 0123456789abcdefghijklmnopqrstuvwxyzABCDEFGHIJKLMNOPQRSTUVWXYZ-_ | 0123456789abcdefghijklmnopqrstuvwxyzABCDEFGHIJKLMNOPQRSTUVWXYZ-_ | 0123456789abcdefghijklmnopqrstuvwxyzABCDEFGHIJKLMNOPQRSTUVWXYZ-_ | 0123456789abcdefghijklmnopqrstuvwxyzABCDEFGHIJKLMNOPQRSTUVWXYZ-_,True,False,ok
run_00044,2026-09-29T15:58:56+00:00,RADIO_EBYTE_E79_CC1352P,Ebyte E79-400DM2005S (CC1352P AT modem),RADIO_EBYTE_E79_CC1352P + AT_COMMANDS; E79 modem firmware 0.3.0 required,tx,COM16,COM4,COM16,4,1024,16,64,1024,"{""rf_profile"": ""GFSK200"", ""tx_power_dbm"": 13}",ampere,3300,96.64,96.64,94208,0.8336842105263158,True,4511.733792821595,5890.795547618716,26.82,96.64,8263.08638357811,17789.871747652378,,,8263.08638357811,17789.871747652378,798.5446681089884,372.54285608075054,2635.1974047596614,1229.3914250664768,per_frame_modeled_airtime_v1,"[[26.82, 32.86], [58.57, 64.61], [90.69, 96.73], [123.1, 129.14], [155.5, 161.54], [185.85, 191.89], [217.68, 223.72], [249.06, 255.1], [280.15, 286.19], [312.31, 318.35], [344.78, 350.82], [376.16, 382.2], [408.15, 414.19], [439.41, 445.45], [470.62, 476.66], [502.46, 508.5]]",,,,COM4,0123456789abcdefghijklmnopqrstuvwxyzABCDEFGHIJKLMNOPQRSTUVWXYZ-_ | 0123456789abcdefghijklmnopqrstuvwxyzABCDEFGHIJKLMNOPQRSTUVWXYZ-_ | 0123456789abcdefghijklmnopqrstuvwxyzABCDEFGHIJKLMNOPQRSTUVWXYZ-_ | 0123456789abcdefghijklmnopqrstuvwxyzABCDEFGHIJKLMNOPQRSTUVWXYZ-_ | 0123456789abcdefghijklmnopqrstuvwxyzABCDEFGHIJKLMNOPQRSTUVWXYZ-_ | 0123456789abcdefghijklmnopqrstuvwxyzABCDEFGHIJKLMNOPQRSTUVWXYZ-_ | 0123456789abcdefghijklmnopqrstuvwxyzABCDEFGHIJKLMNOPQRSTUVWXYZ-_ | 0123456789abcdefghijklmnopqrstuvwxyzABCDEFGHIJKLMNOPQRSTUVWXYZ-_ | 0123456789abcdefghijklmnopqrstuvwxyzABCDEFGHIJKLMNOPQRSTUVWXYZ-_ | 0123456789abcdefghijklmnopqrstuvwxyzABCDEFGHIJKLMNOPQRSTUVWXYZ-_ | 0123456789abcdefghijklmnopqrstuvwxyzABCDEFGHIJKLMNOPQRSTUVWXYZ-_ | 0123456789abcdefghijklmnopqrstuvSTUVWXYZ-_ | 0123456789abcdefghijklmnopqrstuvwxyzABCDEFGHIJKLMNOPQRSTUVWXYZ-_ | 0123456789abcdefghijklmnopqrstuvwxyzABCDEFGHIJKLMNOPQRSTUVWXYZ-_ | 0123456789abcdefghijklmnopqrstuvwxyzABCDEFGHIJKLMNOPQRSTUVWXYZ-_ | 0123456789abcdefghijklmnopqrstuvwxyzABCDEFGHIJKLMNOPQRSTUVWXYZ-_,False,True,rx_missing
run_00045,2026-09-29T15:58:59+00:00,RADIO_EBYTE_E79_CC1352P,Ebyte E79-400DM2005S (CC1352P AT modem),RADIO_EBYTE_E79_CC1352P + AT_COMMANDS; E79 modem firmware 0.3.0 required,tx,COM16,COM4,COM16,5,1024,16,64,1024,"{""rf_profile"": ""GFSK200"", ""tx_power_dbm"": 13}",ampere,3300,96.64,96.64,94208,0.8336842105263158,True,4502.027389840338,5823.308499118428,27.28,96.64,8255.771731598945,18184.8497890666,,,8255.771731598945,18184.8497890666,797.8377801417221,372.3513173158143,2632.8646744676826,1228.7593471421872,per_frame_modeled_airtime_v1,"[[27.28, 33.32], [60.16, 66.2], [91.94, 97.98], [122.8, 128.84], [154.45, 160.49], [186.33, 192.37], [218.04, 224.08], [250.04, 256.08], [282.44, 288.48], [313.3, 319.34], [345.69, 351.73], [377.12, 383.16], [408.23, 414.27], [440.19, 446.23], [472.4, 478.44], [504.04, 510.08]]",,,,COM4,0123456789abcdefghijklmnopqrstuvwxyzABCDEFGHIJKLMNOPQRSTUVWXYZ-_ | 0123456789abcdefghijklmnopqrstuvwxyzABCDEFGHIJKLMNOPQRSTUVWXYZ-_ | 0123456789abcdefghijklmnopqrstuvwxyzABCDEFGHIJKLMNOPQRSTUVWXYZ-_ | 0123456789abcdefghijklmnopqrstuvwxyzABCDEFGHIJKLMNOPQRSTUVWXYZ-_ | 0123456789abcdefghijklmnopqrstuvwxyzABCDEFGHIJKLMNOPQRSTUVWXYZ-_ | 0123456789abcdefghijklmnopqrstuvwxyzABCDEFGHIJKLMNOPQRSTUVWXYZ-_ | 0123456789abcdefghijklmnopqrstuvwxyzABCDEFGHIJKLMNOPQRSTUVWXYZ-_ | 0123456789abcdefghijklmnopqrstuvwxyzABCDEFGHIJKLMNOPQRSTUVWXYZ-_ | 0123456789abcdefghijklmnopqrstuvwxyzABCDEFGHIJKLMNOPQRSTUVWXYZ-_ | 0123456789abcdefghijklmnopqrstuvwxyzABCDEFGHIJKLMNOPQRSTUVWXYZ-_ | 0123456789abcdefghijklmnopqrstuvwxyzABCDEFGHIJKLMNOPQRSTUVWXYZ-_ | 0123456789abcdefghijklmnopqrstuvwxyzABCDEFGHIJKLMNOPQRSTUVWXYZ-_ | 0123456789abcdefghijklmnopqrstuvwxyzABCDEFGHIJKLMNOPQRSTUVWXYZ-_ | 0123456789abcdefghijklmnopqrstuvwxyzABCDEFGHIJKLMNOPQRSTUVWXYZ-_ | 0123456789abcdefghijklmnopqrstuvwxyzABCDEFGHIJKLMNOPQRSTUVWXYZ-_ | 0123456789abcdefghijklmnopqrstuvwxyzABCDEFGHIJKLMNOPQRSTUVWXYZ-_,True,False,ok
