run_id,role,profile_id,payload_bytes,content_bytes,bit_rate_kbps,tx_power_dbm,frequency_mhz,modulation,shaping,encoding,voltage_mv,tx_ok,rx_exact_count,method,window_start_sample,window_stop_sample,duration_ms,mean_current_uA,baseline_median_uA,threshold_uA,charge_total_uC,energy_total_uJ,energy_excess_uJ,signed_energy_diagnostic_uJ,legacy_minus_signed_energy_uJ
run_00001,tx,RADIO_CC1101_V2_868,32,30,250,10,868.0,2FSK,NONE,NRZ,3300,True,1,threshold_events,22710,23129,4.19,14532.370774640742,1735.595372938672,2235.595372938672,60.890633545744706,200.9390907009575,179.56883463232634,200.9390907009575,0.0
run_00001,rx,RADIO_CC1101_V2_868,32,30,250,10,868.0,2FSK,NONE,NRZ,3300,True,1,fixed_modeled_airtime,22016,22485,4.6899999999999995,17144.821043969216,17156.258544746164,18839.89851044161,80.40921069621552,265.3503952975112,1.6914153312261475,265.35039529751157,-3.410605131648481e-13
run_00002,tx,RADIO_CC1101_V2_868,32,30,250,10,868.0,2FSK,NONE,NRZ,3300,True,1,threshold_events,22699,23109,4.1000000000000005,14702.971095361783,1735.595372938672,2235.595372938672,60.28218149098335,198.93119892024504,178.06430475388177,198.93119892024492,1.1368683772161603e-13
run_00002,rx,RADIO_CC1101_V2_868,32,30,250,10,868.0,2FSK,NONE,NRZ,3300,True,1,fixed_modeled_airtime,22016,22485,4.6899999999999995,17015.066648085958,17014.30859485278,18696.821349193648,79.80066257952305,263.34218651242605,1.221441313777338,263.3421865124264,-3.410605131648481e-13
run_00003,tx,RADIO_CC1101_V2_868,32,30,250,10,868.0,2FSK,NONE,NRZ,3300,True,1,threshold_events,22381,22798,4.17,14693.94582101791,1735.595372938672,2235.595372938672,61.273754073644646,202.2033884430273,180.9555843178866,202.20338844302745,-1.4210854715202004e-13
run_00003,rx,RADIO_CC1101_V2_868,32,30,250,10,868.0,2FSK,NONE,NRZ,3300,True,1,fixed_modeled_airtime,21504,21973,4.6899999999999995,17103.4328205701,17156.258544746164,18839.89851044161,80.21509992847363,264.709829763963,0.7642248082404307,264.7098297639634,-3.979039320256561e-13
run_00004,tx,RADIO_CC1101_V2_868,32,30,250,10,868.0,2FSK,NONE,NRZ,3300,True,1,threshold_events,22425,22842,4.17,14418.55534415444,1735.595372938672,2235.595372938672,60.12537578512404,198.41374009090933,177.1699112566269,198.41374009090924,8.526512829121202e-14
run_00004,rx,RADIO_CC1101_V2_868,32,30,250,10,868.0,2FSK,NONE,NRZ,3300,True,1,fixed_modeled_airtime,21504,21973,4.6899999999999995,17024.972363270797,17061.614685183315,18744.503176642345,79.84712038373993,263.4954972663418,1.7360439878929959,263.4954972663421,-3.410605131648481e-13
run_00005,tx,RADIO_CC1101_V2_868,32,30,250,10,868.0,2FSK,NONE,NRZ,3300,True,1,threshold_events,22770,23097,3.27,17921.38272883985,1735.595372938672,2235.595372938672,58.602921523306335,193.3896410269109,174.87425197497993,193.38964102691082,8.526512829121202e-14
run_00005,rx,RADIO_CC1101_V2_868,32,30,250,10,868.0,2FSK,NONE,NRZ,3300,True,1,fixed_modeled_airtime,22016,22485,4.6899999999999995,17116.9359924741,17156.258544746164,18839.89851044161,80.27842980470342,264.9188183555213,0.9376903112468644,264.91881835552164,-3.410605131648481e-13
