profile_id,module,measurement_direction,payload_bytes,frame_count,max_frame_payload_bytes,tx_power_dbm,bit_rate_kbps,rf_profile,runs,events_detected,packets_attempted,packets_received,packets_lost,packet_loss_percent,status_ok_runs,event_duration_ms_mean,event_duration_ms_stdev,tx_mean_uA_mean,tx_peak_uA_mean,rx_mean_uA_mean,rx_peak_uA_mean,event_mean_uA_mean,event_peak_uA_mean,energy_total_uJ_mean,energy_total_uJ_stdev,energy_total_mJ_mean,energy_excess_uJ_mean,energy_per_byte_uJ,energy_excess_per_byte_uJ,effective_payload_rate_kbps,energy_cv_percent,sample_loss_percent_mean,sample_loss_percent_max
RADIO_EBYTE_E79_CC1352P,Ebyte E79-400DM2005S (CC1352P AT modem),tx,128,2,64,-20.0,2.5,SLR2K5,5,5,5,5,0,0.0,5,492.4,0.0,5650.9576595919325,13990.180097772807,0.0,0.0,5650.9576595919325,13990.180097772807,9182.35412022459,14.170622383142126,9.182354120224591,2047.8716903535164,71.73714156425461,15.998997580886847,2.079610073111292,0.15432450325489655,0.10701878591303489,0.10701878591303489
RADIO_EBYTE_E79_CC1352P,Ebyte E79-400DM2005S (CC1352P AT modem),tx,512,8,64,-20.0,2.5,SLR2K5,5,5,5,5,0,0.0,5,1969.6,0.0,5627.973990988125,13884.89479563395,0.0,0.0,5627.973990988125,13884.89479563395,36580.02998973999,29.84922473472167,36.58002998973999,8105.109105215897,71.44537107371092,15.8302912211248,2.079610073111292,0.08159978202066487,0.0,0.0
RADIO_EBYTE_E79_CC1352P,Ebyte E79-400DM2005S (CC1352P AT modem),tx,1024,16,64,-20.0,2.5,SLR2K5,5,5,5,5,0,0.0,5,3939.2,0.0,5549.578471865443,13842.973987955385,0.0,0.0,5549.578471865443,13842.973987955385,72140.96840403185,97.61966072627996,72.14096840403185,16995.208756699416,70.45016445706236,16.596883551464273,2.079610073111292,0.1353179239008166,0.006816725517730303,0.006816725517730303
RADIO_EBYTE_E79_CC1352P,Ebyte E79-400DM2005S (CC1352P AT modem),tx,128,2,64,-20.0,4.8,GFSK4K8,5,5,5,5,0,0.0,5,259.33,0.0,5980.96766973735,13372.089867675584,0.0,0.0,5980.96766973735,13372.089867675584,5118.446341116978,14.608108317127725,5.118446341116978,991.9098921764231,39.98786203997639,7.749296032628306,3.9486368719392284,0.28540122028396325,0.2357894736842105,0.29473684210526313
RADIO_EBYTE_E79_CC1352P,Ebyte E79-400DM2005S (CC1352P AT modem),tx,512,8,64,-20.0,4.8,GFSK4K8,5,5,5,5,0,0.0,5,1037.33,0.0,5961.352041710519,13927.356676885684,0.0,0.0,5961.352041710519,13927.356676885684,20406.83473431161,33.19047206600794,20.406834734311612,3894.6765459895214,39.857099090452365,7.606790128885784,3.948598806551435,0.16264390091914743,0.0,0.0
RADIO_EBYTE_E79_CC1352P,Ebyte E79-400DM2005S (CC1352P AT modem),tx,1024,16,64,-20.0,4.8,GFSK4K8,5,5,5,5,0,0.0,5,2074.66,0.0,5943.793323943973,13957.123547483163,0.0,0.0,5943.793323943973,13957.123547483163,40693.455849593025,73.59841551623383,40.69345584959302,7680.476473097032,39.73970297811819,7.50046530575882,3.948598806551435,0.18086056831413075,0.05538975766981019,0.06923719708726274
RADIO_EBYTE_E79_CC1352P,Ebyte E79-400DM2005S (CC1352P AT modem),tx,128,2,64,-20.0,4.8,OOK4K8,5,5,5,5,0,0.0,5,259.33,0.0,5503.00251061742,13449.087432181434,0.0,0.0,5503.00251061742,13449.087432181434,4709.409015558747,11.738459514101718,4.709409015558747,987.8817560137508,36.792257934052714,7.717826218857428,3.9486368719392284,0.2492554686866375,0.2357894736842105,0.29473684210526313
RADIO_EBYTE_E79_CC1352P,Ebyte E79-400DM2005S (CC1352P AT modem),tx,512,8,64,-20.0,4.8,OOK4K8,5,5,5,5,0,0.0,5,1037.33,0.0,5501.079392605026,13741.137270606801,0.0,0.0,5501.079392605026,13741.137270606801,18831.234464892692,10.66339950188106,18.83123446489269,3952.536696352878,36.77975481424354,7.719798235064215,3.948598806551435,0.05662613102588133,0.0,0.0
RADIO_EBYTE_E79_CC1352P,Ebyte E79-400DM2005S (CC1352P AT modem),tx,1024,16,64,-20.0,4.8,OOK4K8,5,5,5,5,0,0.0,5,2074.66,0.0,5401.726507936525,13855.019711818511,0.0,0.0,5401.726507936525,13855.019711818511,36982.26152594932,40.89447019537926,36.98226152594932,8021.0236452575045,36.11548977143488,7.833030903571782,3.948598806551435,0.11057860852204744,0.05538975766981019,0.06923719708726274
RADIO_EBYTE_E79_CC1352P,Ebyte E79-400DM2005S (CC1352P AT modem),tx,128,2,64,-20.0,5.0,SLR5,5,5,5,5,0,0.0,5,249.2,0.0,5698.999993512817,13472.686448340732,0.0,0.0,5698.999993512817,13472.686448340732,4686.629634665182,12.924764073117762,4.686629634665182,1081.9346610184166,36.61429402082173,8.45261453920638,4.109149277688604,0.27577950639662874,0.2357894736842105,0.29473684210526313
RADIO_EBYTE_E79_CC1352P,Ebyte E79-400DM2005S (CC1352P AT modem),tx,512,8,64,-20.0,5.0,SLR5,5,5,5,5,0,0.0,5,996.8,0.0,5670.840830814548,13652.263380508793,0.0,0.0,5670.840830814548,13652.263380508793,18653.890662515027,26.062534190991144,18.65389066251503,4220.733822394452,36.43338020022466,8.243620746864163,4.109149277688604,0.13971634476963982,0.0675219446320054,0.0675219446320054
RADIO_EBYTE_E79_CC1352P,Ebyte E79-400DM2005S (CC1352P AT modem),tx,1024,16,64,-20.0,5.0,SLR5,5,5,5,5,0,0.0,5,1993.6,0.0,5589.273540289547,13726.973509969403,0.0,0.0,5589.273540289547,13726.973509969403,36771.15990873597,82.07957043552031,36.771159908735974,8875.79561834857,35.90933584837497,8.667769158543525,4.109149277688604,0.22321724590477254,0.012340499049781573,0.012340499049781573
RADIO_EBYTE_E79_CC1352P,Ebyte E79-400DM2005S (CC1352P AT modem),tx,128,2,64,-20.0,50.0,GFSK50,5,5,5,5,0,0.0,5,30.32,0.0,5701.710308324908,13128.504025045713,0.0,0.0,5701.710308324908,13128.504025045713,570.4903266097547,8.375326727931368,0.5704903266097546,144.64362342052124,4.456955676638708,1.1300283079728222,33.773087071240106,1.4680926805022814,0.2357894736842105,0.29473684210526313
RADIO_EBYTE_E79_CC1352P,Ebyte E79-400DM2005S (CC1352P AT modem),tx,512,8,64,-20.0,50.0,GFSK50,5,5,5,5,0,0.0,5,121.28,0.0,5667.375414981814,13316.696439812737,0.0,0.0,5667.375414981814,13316.696439812737,2268.2196580856626,5.566293629593956,2.2682196580856626,562.9928826052371,4.43011651969856,1.0995954738383538,33.773087071240106,0.24540364112229807,0.29473684210526313,0.29473684210526313
RADIO_EBYTE_E79_CC1352P,Ebyte E79-400DM2005S (CC1352P AT modem),tx,1024,16,64,-20.0,50.0,GFSK50,5,5,5,5,0,0.0,5,242.56,0.0,5650.87994023842,13392.116849802736,0.0,0.0,5650.87994023842,13392.116849802736,4523.235546403915,6.440959738764293,4.523235546403915,1112.8769461199588,4.417222213285073,1.0867938926952723,33.773087071240106,0.1423971772569973,0.2357894736842105,0.29473684210526313
RADIO_EBYTE_E79_CC1352P,Ebyte E79-400DM2005S (CC1352P AT modem),tx,128,2,64,-20.0,50.0,IEEE154G50,5,5,5,5,0,0.0,5,30.96,0.0,5691.8616387704815,12967.975444588676,0.0,0.0,5691.8616387704815,12967.975444588676,581.5261199099002,5.729014659047842,0.5815261199099002,147.73949560479247,4.5431728117960954,1.1542148094124411,33.07493540051679,0.9851689310078586,0.2357894736842105,0.29473684210526313
RADIO_EBYTE_E79_CC1352P,Ebyte E79-400DM2005S (CC1352P AT modem),tx,512,8,64,-20.0,50.0,IEEE154G50,5,5,5,5,0,0.0,5,123.84,0.0,5703.132332062155,13367.920544870973,0.0,0.0,5703.132332062155,13367.920544870973,2330.7104964084833,11.476839212526945,2.3307104964084835,595.509613671785,4.552168938297819,1.1631047142027051,33.07493540051679,0.4924180515002709,0.2357894736842105,0.29473684210526313
RADIO_EBYTE_E79_CC1352P,Ebyte E79-400DM2005S (CC1352P AT modem),tx,1024,16,64,-20.0,50.0,IEEE154G50,5,5,5,5,0,0.0,5,247.68,0.0,5759.8397478274655,13372.914338725997,0.0,0.0,5759.8397478274655,13372.914338725997,4707.770458848288,10.28273324609631,4.707770458848288,1109.26472695647,4.597432088719032,1.0832663349184277,33.07493540051679,0.2184204462808895,0.17684210526315786,0.29473684210526313
RADIO_EBYTE_E79_CC1352P,Ebyte E79-400DM2005S (CC1352P AT modem),tx,128,2,64,-20.0,200.0,GFSK200,5,5,5,5,0,0.0,5,12.08,0.0,5842.078394355431,12829.170353635704,0.0,0.0,5842.078394355431,12829.170353635704,232.8886131125849,1.5231101642915756,0.23288861311258488,56.80829162094017,1.8194422899420695,0.44381477828859506,84.76821192052981,0.6540080014797724,0.29473684210526313,0.29473684210526313
RADIO_EBYTE_E79_CC1352P,Ebyte E79-400DM2005S (CC1352P AT modem),tx,512,8,64,-20.0,200.0,GFSK200,5,5,5,5,0,0.0,5,48.32,0.0,5826.256879574803,13436.554537861015,0.0,0.0,5826.256879574803,13436.554537861015,929.0316169894777,1.9908959083427835,0.9290316169894777,220.46060545331414,1.8145148769325736,0.4305871200260042,84.76821192052981,0.2142979713429207,0.2357894736842105,0.29473684210526313
RADIO_EBYTE_E79_CC1352P,Ebyte E79-400DM2005S (CC1352P AT modem),tx,1024,16,64,-20.0,200.0,GFSK200,5,5,5,5,0,0.0,5,96.64,0.0,5817.342565934098,13471.043519286017,0.0,0.0,5817.342565934098,13471.043519286017,1855.2203523871408,1.534980820203696,1.855220352387141,441.9595231606419,1.8117386253780672,0.43160109683656434,84.76821192052981,0.08273846382876365,0.2357894736842105,0.29473684210526313
RADIO_EBYTE_E79_CC1352P,Ebyte E79-400DM2005S (CC1352P AT modem),tx,128,2,64,0.0,2.5,SLR2K5,5,5,5,5,0,0.0,5,492.4,0.0,7142.918530139927,14527.633871429241,0.0,0.0,7142.918530139927,14527.633871429241,11606.671177994942,28.814726657115255,11.606671177994942,4399.102832172862,90.67711857808548,34.36799087635048,2.079610073111292,0.2482600412747543,0.10701878591303489,0.10701878591303489
RADIO_EBYTE_E79_CC1352P,Ebyte E79-400DM2005S (CC1352P AT modem),tx,512,8,64,0.0,2.5,SLR2K5,5,5,5,5,0,0.0,5,1969.6,0.0,7115.847573460412,14888.08950896546,0.0,0.0,7115.847573460412,14888.08950896546,46250.732156286234,42.334588326366465,46.25073215628623,17404.83255105901,90.33346124274655,33.99381357628713,2.079610073111292,0.09153279602864081,0.023932987634623055,0.11966493817311527
RADIO_EBYTE_E79_CC1352P,Ebyte E79-400DM2005S (CC1352P AT modem),tx,1024,16,64,0.0,2.5,SLR2K5,5,5,5,5,0,0.0,5,3939.2,0.0,7110.031511158103,14884.577101507399,0.0,0.0,7110.031511158103,14884.577101507399,92425.85922481012,87.98465978966345,92.42585922481013,34738.25807480556,90.25962814922863,33.92408015117731,2.079610073111292,0.09519485188193469,0.006816725517730303,0.006816725517730303
RADIO_EBYTE_E79_CC1352P,Ebyte E79-400DM2005S (CC1352P AT modem),tx,128,2,64,0.0,4.8,GFSK4K8,5,5,5,5,0,0.0,5,259.33,0.0,7666.425457217066,14628.583496596222,0.0,0.0,7666.425457217066,14628.583496596222,6560.842575605728,5.745983239106467,6.560842575605728,2415.9073531548443,51.25658262191975,18.87427619652222,3.9486368719392284,0.08757995902036973,0.2357894736842105,0.29473684210526313
RADIO_EBYTE_E79_CC1352P,Ebyte E79-400DM2005S (CC1352P AT modem),tx,512,8,64,0.0,4.8,GFSK4K8,5,5,5,5,0,0.0,5,1037.33,0.0,7611.206725732559,14768.290526504372,0.0,0.0,7611.206725732559,14768.290526504372,26054.599140250608,40.7337394666788,26.05459914025061,9502.061326896848,50.88788894580197,18.558713529095407,3.948598806551435,0.15633992005561517,0.0,0.0
RADIO_EBYTE_E79_CC1352P,Ebyte E79-400DM2005S (CC1352P AT modem),tx,1024,16,64,0.0,4.8,GFSK4K8,5,5,5,5,0,0.0,5,2074.66,0.0,7615.391549063,14913.277623428396,0.0,0.0,7615.391549063,14913.277623428396,52137.84916289477,52.793864382925506,52.13784916289477,19040.58755769318,50.91586832313942,18.594323786809746,3.948598806551435,0.10125823222584641,0.06923719708726274,0.06923719708726274
RADIO_EBYTE_E79_CC1352P,Ebyte E79-400DM2005S (CC1352P AT modem),tx,128,2,64,0.0,4.8,OOK4K8,5,5,5,5,0,0.0,5,259.33,0.0,6130.116731249196,14593.235077099987,0.0,0.0,6130.116731249196,14593.235077099987,5246.0864673189735,8.91875834480458,5.246086467318974,1569.4254027617744,40.98505052592948,12.261135959076363,3.9486368719392284,0.170007841090018,0.2357894736842105,0.29473684210526313
RADIO_EBYTE_E79_CC1352P,Ebyte E79-400DM2005S (CC1352P AT modem),tx,512,8,64,0.0,4.8,OOK4K8,5,5,5,5,0,0.0,5,1037.33,0.0,6115.116975940635,14707.973230377518,0.0,0.0,6115.116975940635,14707.973230377518,20933.201165754028,17.510991394365657,20.933201165754028,6225.9493853214135,40.885158526863336,12.160057393205886,3.948598806551435,0.08365176093092258,0.0,0.0
RADIO_EBYTE_E79_CC1352P,Ebyte E79-400DM2005S (CC1352P AT modem),tx,1024,16,64,0.0,4.8,OOK4K8,5,5,5,5,0,0.0,5,2074.66,0.0,6090.46791950795,14831.722920118544,0.0,0.0,6090.46791950795,14831.722920118544,41697.645573827394,7.990553945919586,41.697645573827394,12277.652318762784,40.720357005690815,11.989894842541782,3.948598806551435,0.0191630818382107,0.05538975766981019,0.06923719708726274
RADIO_EBYTE_E79_CC1352P,Ebyte E79-400DM2005S (CC1352P AT modem),tx,128,2,64,0.0,5.0,SLR5,5,5,5,5,0,0.0,5,249.2,0.0,7240.743090929171,14230.030772504198,0.0,0.0,7240.743090929171,14230.030772504198,5954.497488256148,17.311260170415185,5.954497488256148,2298.85208227223,46.51951162700116,17.959781892751796,4.109149277688604,0.29072579515832514,0.2357894736842105,0.29473684210526313
RADIO_EBYTE_E79_CC1352P,Ebyte E79-400DM2005S (CC1352P AT modem),tx,512,8,64,0.0,5.0,SLR5,5,5,5,5,0,0.0,5,996.8,0.0,7202.485559904238,14669.956297674498,0.0,0.0,7202.485559904238,14669.956297674498,23692.144100174577,45.46511171113611,23.692144100174577,9084.781499509063,46.27371894565347,17.74371386622864,4.109149277688604,0.19189952382064526,0.0675219446320054,0.0675219446320054
RADIO_EBYTE_E79_CC1352P,Ebyte E79-400DM2005S (CC1352P AT modem),tx,1024,16,64,0.0,5.0,SLR5,5,5,5,5,0,0.0,5,1993.6,0.0,7208.780241478332,14940.402879664636,0.0,0.0,7208.780241478332,14940.402879664636,47425.70015507842,18.72886076868749,47.42570015507842,18148.795417033518,46.31416030769377,17.723433024446795,4.109149277688604,0.03949095260047937,0.012340499049781573,0.012340499049781573
RADIO_EBYTE_E79_CC1352P,Ebyte E79-400DM2005S (CC1352P AT modem),tx,128,2,64,0.0,50.0,GFSK50,5,5,5,5,0,0.0,5,30.32,0.0,7045.715617087085,13724.676788877874,0.0,0.0,7045.715617087085,13724.676788877874,704.9661217832678,3.158256962082877,0.7049661217832678,261.802482203669,5.50754782643178,2.045331892216164,33.773087071240106,0.44800123927853663,0.2357894736842105,0.29473684210526313
RADIO_EBYTE_E79_CC1352P,Ebyte E79-400DM2005S (CC1352P AT modem),tx,512,8,64,0.0,50.0,GFSK50,5,5,5,5,0,0.0,5,121.28,0.0,7036.563709663997,14127.541150796013,0.0,0.0,7036.563709663997,14127.541150796013,2816.201674136566,5.836015447649846,2.816201674136566,1041.378326038643,5.5003938947979805,2.0339420430442248,33.773087071240106,0.20723002550728686,0.29473684210526313,0.29473684210526313
RADIO_EBYTE_E79_CC1352P,Ebyte E79-400DM2005S (CC1352P AT modem),tx,1024,16,64,0.0,50.0,GFSK50,5,5,5,5,0,0.0,5,242.56,0.0,7026.3721651496835,14393.410486729732,0.0,0.0,7026.3721651496835,14393.410486729732,5624.245546849507,8.510475495587162,5.624245546849507,2074.111181497939,5.492427291845222,2.025499200681581,33.773087071240106,0.1513176376226037,0.29473684210526313,0.29473684210526313
RADIO_EBYTE_E79_CC1352P,Ebyte E79-400DM2005S (CC1352P AT modem),tx,128,2,64,0.0,50.0,IEEE154G50,5,5,5,5,0,0.0,5,30.96,0.0,7083.549627700117,14006.962436037153,0.0,0.0,7083.549627700117,14006.962436037153,723.7120983628695,2.473886386914366,0.7237120983628695,272.3151368450904,5.654000768459918,2.127462006602269,33.07493540051679,0.3418329460721491,0.2357894736842105,0.29473684210526313
RADIO_EBYTE_E79_CC1352P,Ebyte E79-400DM2005S (CC1352P AT modem),tx,512,8,64,0.0,50.0,IEEE154G50,5,5,5,5,0,0.0,5,123.84,0.0,7069.605400089533,14339.099693105212,0.0,0.0,7069.605400089533,14339.099693105212,2889.149778065398,7.814645582502795,2.889149778065398,1081.5531223268122,5.642870660283981,2.112408442044555,33.07493540051679,0.2704825357907043,0.2357894736842105,0.29473684210526313
RADIO_EBYTE_E79_CC1352P,Ebyte E79-400DM2005S (CC1352P AT modem),tx,1024,16,64,0.0,50.0,IEEE154G50,5,5,5,5,0,0.0,5,247.68,0.0,7055.28987637161,14589.127426741692,0.0,0.0,7055.28987637161,14589.127426741692,5766.598848712891,16.31052704104232,5.76659884871289,2153.937664906368,5.631444188196182,2.103454750885125,33.07493540051679,0.28284483573333424,0.11789473684210525,0.29473684210526313
RADIO_EBYTE_E79_CC1352P,Ebyte E79-400DM2005S (CC1352P AT modem),tx,128,2,64,0.0,200.0,GFSK200,5,5,5,5,0,0.0,5,12.08,0.0,6579.9787136061805,13345.830175865169,0.0,0.0,6579.9787136061805,13345.830175865169,262.3042714391966,1.3398423461241358,0.2623042714391966,86.97905358737557,2.0492521206187235,0.6795238561513717,84.76821192052981,0.5107969987574974,0.2357894736842105,0.29473684210526313
RADIO_EBYTE_E79_CC1352P,Ebyte E79-400DM2005S (CC1352P AT modem),tx,512,8,64,0.0,200.0,GFSK200,5,5,5,5,0,0.0,5,48.32,0.0,6587.1450115136995,13955.06058291873,0.0,0.0,6587.1450115136995,13955.06058291873,1050.3597949559291,3.0775432524572772,1.0503597949559291,351.98958973223966,2.051483974523299,0.6874796674457806,84.76821192052981,0.2929989578082055,0.17684210526315786,0.29473684210526313
RADIO_EBYTE_E79_CC1352P,Ebyte E79-400DM2005S (CC1352P AT modem),tx,1024,16,64,0.0,200.0,GFSK200,5,5,5,5,0,0.0,5,96.64,0.0,6566.773825436571,14182.362524624099,0.0,0.0,6566.773825436571,14182.362524624099,2094.2229742176055,5.678885634634403,2.0942229742176055,697.1973321511732,2.0451396232593804,0.6808567696788801,84.76821192052981,0.2711691020750078,0.11789473684210525,0.29473684210526313
RADIO_EBYTE_E79_CC1352P,Ebyte E79-400DM2005S (CC1352P AT modem),tx,128,2,64,13.0,2.5,SLR2K5,5,5,5,5,0,0.0,5,492.4,0.0,8961.338169363753,15707.303495563294,0.0,0.0,8961.338169363753,15707.303495563294,14561.457618160703,37.714815458575615,14.561457618160702,7339.640818267224,113.76138764188049,57.34094389271269,2.079610073111292,0.2590043967270048,0.08561502873042791,0.10701878591303489
RADIO_EBYTE_E79_CC1352P,Ebyte E79-400DM2005S (CC1352P AT modem),tx,512,8,64,13.0,2.5,SLR2K5,5,5,5,5,0,0.0,5,1969.6,0.0,8924.15010037144,15961.231915120781,0.0,0.0,8924.15010037144,15961.231915120781,58004.11992437581,41.90861803254327,58.00411992437581,29087.71832640209,113.2892967272965,56.81194985625408,2.079610073111292,0.07225110576142277,0.07179896290386915,0.11966493817311527
RADIO_EBYTE_E79_CC1352P,Ebyte E79-400DM2005S (CC1352P AT modem),tx,1024,16,64,13.0,2.5,SLR2K5,5,5,5,5,0,0.0,5,3939.2,0.0,8920.028725390712,16224.699375808175,0.0,0.0,8920.028725390712,16224.699375808175,115954.66461172831,97.78950509965853,115.9546646117283,58265.840287973624,113.23697715989093,56.90023465622424,2.079610073111292,0.08433425720914685,0.006816725517730303,0.006816725517730303
RADIO_EBYTE_E79_CC1352P,Ebyte E79-400DM2005S (CC1352P AT modem),tx,128,2,64,13.0,4.8,GFSK4K8,5,5,5,5,0,0.0,5,259.33,0.0,9582.353330494729,15462.47736677721,0.0,0.0,9582.353330494729,15462.47736677721,8200.472574351272,18.342272372383796,8.200472574351272,4062.712620570578,64.06619198711931,31.73994234820764,3.9486368719392284,0.22367335792028825,0.2357894736842105,0.29473684210526313
RADIO_EBYTE_E79_CC1352P,Ebyte E79-400DM2005S (CC1352P AT modem),tx,512,8,64,13.0,4.8,GFSK4K8,5,5,5,5,0,0.0,5,1037.33,0.0,9555.165859013918,15833.16590687506,0.0,0.0,9555.165859013918,15833.16590687506,32709.138661748282,25.499532658095728,32.709138661748284,16151.49623107521,63.885036448727114,31.54589107631877,3.948598806551435,0.07795843516942305,0.0,0.0
RADIO_EBYTE_E79_CC1352P,Ebyte E79-400DM2005S (CC1352P AT modem),tx,1024,16,64,13.0,4.8,GFSK4K8,5,5,5,5,0,0.0,5,2074.66,0.0,9547.298750488366,15626.689177665254,0.0,0.0,9547.298750488366,15626.689177665254,65364.416124748954,41.63767046978718,65.36441612474896,32236.501153331054,63.83243762182515,31.480958157549857,3.948598806551435,0.06370082215730509,0.06923719708726274,0.06923719708726274
RADIO_EBYTE_E79_CC1352P,Ebyte E79-400DM2005S (CC1352P AT modem),tx,128,2,64,13.0,4.8,OOK4K8,5,5,5,5,0,0.0,5,259.33,0.0,6979.8363678121295,15526.819553109093,0.0,0.0,6979.8363678121295,15526.819553109093,5973.267185373743,7.690264417882591,5.973267185373743,2284.9077816376494,46.666149885732366,17.850842044044136,3.9486368719392284,0.12874469162727428,0.29473684210526313,0.29473684210526313
RADIO_EBYTE_E79_CC1352P,Ebyte E79-400DM2005S (CC1352P AT modem),tx,512,8,64,13.0,4.8,OOK4K8,5,5,5,5,0,0.0,5,1037.33,0.0,6943.017958499865,15793.424868863542,0.0,0.0,6943.017958499865,15793.424868863542,23767.262702336597,27.40003006319825,23.7672627023366,9031.19643846945,46.420434965501165,17.639055543885643,3.948598806551435,0.11528475283989902,0.0,0.0
RADIO_EBYTE_E79_CC1352P,Ebyte E79-400DM2005S (CC1352P AT modem),tx,1024,16,64,13.0,4.8,OOK4K8,5,5,5,5,0,0.0,5,2074.66,0.0,6933.351329029542,16073.618912853515,0.0,0.0,6933.351329029542,16073.618912853515,47468.344005328974,59.1682053468928,47.46834400532897,18004.451596713177,46.355804692704076,17.582472262415212,3.948598806551435,0.12464771330605161,0.06923719708726274,0.06923719708726274
RADIO_EBYTE_E79_CC1352P,Ebyte E79-400DM2005S (CC1352P AT modem),tx,128,2,64,13.0,5.0,SLR5,5,5,5,5,0,0.0,5,249.2,0.0,9132.936350109201,15381.672685235293,0.0,0.0,9132.936350109201,15381.672685235293,7510.561536876399,20.160930238922155,7.510561536876399,3850.484811779399,58.67626200684687,30.081912592026555,4.109149277688604,0.26843439255418144,0.2357894736842105,0.29473684210526313
RADIO_EBYTE_E79_CC1352P,Ebyte E79-400DM2005S (CC1352P AT modem),tx,512,8,64,13.0,5.0,SLR5,5,5,5,5,0,0.0,5,996.8,0.0,9091.273547778863,15722.139075845873,0.0,0.0,9091.273547778863,15722.139075845873,29905.198858998763,49.96500532002566,29.905198858998762,15271.100517522016,58.40859152148196,29.826368198285188,4.109149277688604,0.16707799053805894,0.0675219446320054,0.0675219446320054
RADIO_EBYTE_E79_CC1352P,Ebyte E79-400DM2005S (CC1352P AT modem),tx,1024,16,64,13.0,5.0,SLR5,5,5,5,5,0,0.0,5,1993.6,0.0,9065.93144802851,15732.11940135912,0.0,0.0,9065.93144802851,15732.11940135912,59643.67508478447,70.40682901310996,59.64367508478447,30359.67761915984,58.24577644998483,29.64812267496078,4.109149277688604,0.1180457591069388,0.012340499049781573,0.012340499049781573
RADIO_EBYTE_E79_CC1352P,Ebyte E79-400DM2005S (CC1352P AT modem),tx,128,2,64,13.0,50.0,GFSK50,5,5,5,5,0,0.0,5,30.32,0.0,8627.900392088952,14788.027036412503,0.0,0.0,8627.900392088952,14788.027036412503,863.2732016308507,2.599638446584072,0.8632732016308508,418.47976004371395,6.744321887741021,3.2693731253415153,33.773087071240106,0.30113739679083873,0.2357894736842105,0.29473684210526313
RADIO_EBYTE_E79_CC1352P,Ebyte E79-400DM2005S (CC1352P AT modem),tx,512,8,64,13.0,50.0,GFSK50,5,5,5,5,0,0.0,5,121.28,0.0,8620.130546932123,15486.5863562856,0.0,0.0,8620.130546932123,15486.5863562856,3449.9831280153057,7.083433771873229,3.449983128015306,1670.911647441515,6.738248296904894,3.263499311409209,33.773087071240106,0.20531792501687282,0.29473684210526313,0.29473684210526313
RADIO_EBYTE_E79_CC1352P,Ebyte E79-400DM2005S (CC1352P AT modem),tx,1024,16,64,13.0,50.0,GFSK50,5,5,5,5,0,0.0,5,242.56,0.0,8603.312334017686,15325.419685149458,0.0,0.0,8603.312334017686,15325.419685149458,6886.504151140209,17.55799919219215,6.886504151140208,3329.22510372654,6.72510171009786,3.2511963903579493,33.773087071240106,0.25496244258104517,0.2357894736842105,0.29473684210526313
RADIO_EBYTE_E79_CC1352P,Ebyte E79-400DM2005S (CC1352P AT modem),tx,128,2,64,13.0,50.0,IEEE154G50,5,5,5,5,0,0.0,5,30.96,0.0,8687.897819330045,15135.279781330877,0.0,0.0,8687.897819330045,15135.279781330877,887.6251444053129,3.854376311337286,0.8876251444053129,435.3808754097862,6.934571440666507,3.4014130891389547,33.07493540051679,0.4342346919340172,0.2357894736842105,0.29473684210526313
RADIO_EBYTE_E79_CC1352P,Ebyte E79-400DM2005S (CC1352P AT modem),tx,512,8,64,13.0,50.0,IEEE154G50,5,5,5,5,0,0.0,5,123.84,0.0,8671.569366595644,15251.89149948731,0.0,0.0,8671.569366595644,15251.89149948731,3543.8275961853105,10.135264297958464,3.5438275961853107,1733.5645518975084,6.921538273799435,3.385868265424821,33.07493540051679,0.28599766842124,0.2357894736842105,0.29473684210526313
RADIO_EBYTE_E79_CC1352P,Ebyte E79-400DM2005S (CC1352P AT modem),tx,1024,16,64,13.0,50.0,IEEE154G50,5,5,5,5,0,0.0,5,247.68,0.0,8659.383352576333,15370.512689100598,0.0,0.0,8659.383352576333,15370.512689100598,7077.695026928623,17.33200869637779,7.077695026928622,3456.750919561953,6.911811549734983,3.37573331988472,33.07493540051679,0.24488210682198672,0.2357894736842105,0.29473684210526313
RADIO_EBYTE_E79_CC1352P,Ebyte E79-400DM2005S (CC1352P AT modem),tx,128,2,64,13.0,200.0,GFSK200,5,5,5,5,0,0.0,5,12.08,0.0,7629.70170733017,14285.29257952896,0.0,0.0,7629.70170733017,14285.29257952896,304.15042886101037,1.9106487420867533,0.30415042886101035,129.00365963061614,2.3761752254766435,1.0078410908641886,84.76821192052981,0.6281920263080988,0.2357894736842105,0.29473684210526313
RADIO_EBYTE_E79_CC1352P,Ebyte E79-400DM2005S (CC1352P AT modem),tx,512,8,64,13.0,200.0,GFSK200,5,5,5,5,0,0.0,5,48.32,0.0,7555.20471487674,14851.898508951786,0.0,0.0,7555.20471487674,14851.898508951786,1204.7227230153808,1.8337754143593006,1.2047227230153807,504.902608501389,2.3529740683894156,0.9861379072292754,84.76821192052981,0.15221555793099195,0.2357894736842105,0.29473684210526313
RADIO_EBYTE_E79_CC1352P,Ebyte E79-400DM2005S (CC1352P AT modem),tx,1024,16,64,13.0,200.0,GFSK200,5,5,5,5,0,0.0,5,96.64,0.0,7559.483612186127,15257.92763719906,0.0,0.0,7559.483612186127,15257.92763719906,2410.8100377294386,8.397541844703762,2.410810037729439,1013.1935504042647,2.354306677470155,0.9894468265666647,84.76821192052981,0.34832864113228834,0.2357894736842105,0.29473684210526313
