module,measurement_direction,payload_bytes,tx_power_dbm,bit_rate_kbps,rf_profile,runs,status_ok_runs,packets_received,energy_total_mJ_mean,energy_total_uJ_stdev,event_mean_uA_mean,event_peak_uA_mean,event_duration_ms_mean,sample_loss_percent_max
Ebyte E79-400DM2005S (CC1352P AT modem),rx,8,13,2.5,SLR2K5,5,5,5,1.544849217874656,2.106285240549515,6987.106367592294,14023.926646927375,67.0,0.29473684210526313
Ebyte E79-400DM2005S (CC1352P AT modem),rx,32,13,2.5,SLR2K5,5,5,5,3.3021453537002805,7.169362780372787,6958.623832975683,14426.988786511594,143.8,0.29473684210526313
Ebyte E79-400DM2005S (CC1352P AT modem),rx,64,13,2.5,SLR2K5,5,5,5,5.638100903081623,10.334402639884008,6939.542750512793,14609.019913598919,246.2,0.22314892413946302
Ebyte E79-400DM2005S (CC1352P AT modem),rx,128,13,2.5,SLR2K5,5,5,5,11.274112317022844,17.079549326369467,6938.256847735793,14716.238625759152,492.4,0.13456915191194035
Ebyte E79-400DM2005S (CC1352P AT modem),rx,512,13,2.5,SLR2K5,5,5,5,44.90955827853548,69.19065861777285,6909.502972228707,14971.709027195579,1969.6,0.0
Ebyte E79-400DM2005S (CC1352P AT modem),rx,1024,13,2.5,SLR2K5,5,5,5,89.78717439614658,95.26405239996208,6907.0457619564795,15170.621653725912,3939.2,0.014725766074512377
Ebyte E79-400DM2005S (CC1352P AT modem),rx,8,13,4.8,GFSK4K8,5,5,5,0.8940549618100725,2.0506284871336575,7457.356069448177,14404.768887613138,36.33,0.29473684210526313
Ebyte E79-400DM2005S (CC1352P AT modem),rx,32,13,4.8,GFSK4K8,5,5,5,1.8675491454958477,6.015371301788013,7414.175075115816,14482.90822221853,76.33,0.29473684210526313
Ebyte E79-400DM2005S (CC1352P AT modem),rx,64,13,4.8,GFSK4K8,5,5,5,3.1731968699008,6.368748613255968,7416.125320537164,14534.224613230885,129.66,0.29473684210526313
Ebyte E79-400DM2005S (CC1352P AT modem),rx,128,13,4.8,GFSK4K8,5,5,5,6.342339477632976,13.830205534313999,7411.101892677956,14930.091162627059,259.33,0.0
Ebyte E79-400DM2005S (CC1352P AT modem),rx,512,13,4.8,GFSK4K8,5,5,5,25.26720417164524,43.52049544167422,7381.1887604351505,14918.204625399823,1037.3300000000002,0.00777302759424796
Ebyte E79-400DM2005S (CC1352P AT modem),rx,1024,13,4.8,GFSK4K8,5,5,5,50.46182649796067,43.98556809950422,7370.587264968524,15211.680958475645,2074.6600000000003,0.08095293165259627
Ebyte E79-400DM2005S (CC1352P AT modem),rx,8,13,4.8,OOK4K8,5,5,5,0.8585795900432288,2.607991183349635,7161.454262219459,14249.668750924659,36.33,0.29473684210526313
Ebyte E79-400DM2005S (CC1352P AT modem),rx,32,13,4.8,OOK4K8,5,5,5,1.7923082524235014,6.344438775498781,7115.468529485215,14285.562908484248,76.33,0.29473684210526313
Ebyte E79-400DM2005S (CC1352P AT modem),rx,64,13,4.8,OOK4K8,5,5,5,3.0322232107132936,4.968679641942032,7086.653697346659,14298.484982511247,129.66,0.29473684210526313
Ebyte E79-400DM2005S (CC1352P AT modem),rx,128,13,4.8,OOK4K8,5,5,5,6.055172938945432,12.742867607695697,7075.544250913988,14591.93116535403,259.33,0.0
Ebyte E79-400DM2005S (CC1352P AT modem),rx,512,13,4.8,OOK4K8,5,5,5,24.07501471532275,58.26326666701446,7032.920097407053,14686.811042233774,1037.3300000000002,0.00777302759424796
Ebyte E79-400DM2005S (CC1352P AT modem),rx,1024,13,4.8,OOK4K8,5,5,5,48.03070460703639,61.13059010230823,7015.491199439528,15131.726058470993,2074.6600000000003,0.08095293165259627
Ebyte E79-400DM2005S (CC1352P AT modem),rx,8,13,5.0,SLR5,5,5,5,0.8089078743331627,1.6289450040059015,7003.531379507903,13942.838011233762,35.0,0.29473684210526313
Ebyte E79-400DM2005S (CC1352P AT modem),rx,32,13,5.0,SLR5,5,5,5,1.6897784627814707,6.680599982482709,6976.21361894753,14492.407521738234,73.4,0.29473684210526313
Ebyte E79-400DM2005S (CC1352P AT modem),rx,64,13,5.0,SLR5,5,5,5,2.8668200674741082,5.251610751676686,6972.177799197697,14424.089959563236,124.6,0.29473684210526313
Ebyte E79-400DM2005S (CC1352P AT modem),rx,128,13,5.0,SLR5,5,5,5,5.737939416754403,9.613448702014033,6977.405779408536,14447.406838274368,249.2,0.11463968946722712
Ebyte E79-400DM2005S (CC1352P AT modem),rx,512,13,5.0,SLR5,5,5,5,22.828671480117773,29.611219649363335,6939.987195424686,14905.56378538938,996.8,0.08783837738561048
Ebyte E79-400DM2005S (CC1352P AT modem),rx,1024,13,5.0,SLR5,5,5,5,45.53580901491176,74.60596360903551,6921.513846568378,14812.204339639176,1993.6,0.026273676164998688
Ebyte E79-400DM2005S (CC1352P AT modem),rx,8,13,50.0,GFSK50,5,5,5,0.1435887245576502,0.380378927482372,7018.021728135398,13610.945033805514,6.2,0.29473684210526313
Ebyte E79-400DM2005S (CC1352P AT modem),rx,32,13,50.0,GFSK50,5,5,5,0.23191227204424658,1.822755008269441,6999.64602330818,13485.715677377166,10.040000000000001,0.29473684210526313
Ebyte E79-400DM2005S (CC1352P AT modem),rx,64,13,50.0,GFSK50,5,5,5,0.3492050269926155,0.9276697704429805,6980.19163253809,13541.657950005485,15.16,0.29473684210526313
Ebyte E79-400DM2005S (CC1352P AT modem),rx,128,13,50.0,GFSK50,5,5,5,0.7029414040013932,2.217235510429372,7025.47977134198,13873.22281840851,30.32,0.29473684210526313
Ebyte E79-400DM2005S (CC1352P AT modem),rx,512,13,50.0,GFSK50,5,5,5,2.8048622499702973,4.8565589824656366,7008.231015557032,14336.052833476071,121.28,0.29473684210526313
Ebyte E79-400DM2005S (CC1352P AT modem),rx,1024,13,50.0,GFSK50,5,5,5,5.6061665991934655,6.866233974503745,7003.786128759726,14468.055223902638,242.56,0.24455832360850374
Ebyte E79-400DM2005S (CC1352P AT modem),rx,8,13,50.0,IEEE154G50,5,5,5,0.15124800510340705,1.5723445275998813,7029.559634848813,13385.012835520887,6.519999999999999,0.29473684210526313
Ebyte E79-400DM2005S (CC1352P AT modem),rx,32,13,50.0,IEEE154G50,5,5,5,0.23968374534799136,1.6530944748257128,7010.756562185311,13539.265494023566,10.36,0.29473684210526313
Ebyte E79-400DM2005S (CC1352P AT modem),rx,64,13,50.0,IEEE154G50,5,5,5,0.3595819306828962,0.9094992163434816,7039.032391412109,13867.711786174696,15.48,0.29473684210526313
Ebyte E79-400DM2005S (CC1352P AT modem),rx,128,13,50.0,IEEE154G50,5,5,5,0.7168791434125947,3.26322902076482,7016.67002792063,13955.198202269594,30.96,0.29473684210526313
Ebyte E79-400DM2005S (CC1352P AT modem),rx,512,13,50.0,IEEE154G50,5,5,5,2.8713194936286675,3.505239239512265,7025.975583423057,14459.090121297719,123.84,0.29473684210526313
Ebyte E79-400DM2005S (CC1352P AT modem),rx,1024,13,50.0,IEEE154G50,5,5,5,5.726149018203616,14.638372083883894,7005.800517534374,14548.36118620119,247.68,0.0
Ebyte E79-400DM2005S (CC1352P AT modem),rx,8,13,200.0,GFSK200,5,5,5,0.08947332465614777,0.7763235721920734,7135.033864126616,13142.568980865708,3.8,0.29473684210526313
Ebyte E79-400DM2005S (CC1352P AT modem),rx,32,13,200.0,GFSK200,5,5,5,0.11235653752490506,1.195792624819832,7152.822607900755,13204.194959379893,4.760000000000001,0.29473684210526313
Ebyte E79-400DM2005S (CC1352P AT modem),rx,64,13,200.0,GFSK200,5,5,5,0.14158356896169055,1.015824450158509,7103.329769300149,13267.24016868502,6.04,0.29473684210526313
Ebyte E79-400DM2005S (CC1352P AT modem),rx,128,13,200.0,GFSK200,5,5,5,0.2854759806845767,1.2969502364322014,7161.247759496706,13664.200907640101,12.08,0.29473684210526313
Ebyte E79-400DM2005S (CC1352P AT modem),rx,512,13,200.0,GFSK200,5,5,5,1.1356862188210555,1.7821156565438463,7122.254533043946,13990.61524509073,48.32,0.29473684210526313
Ebyte E79-400DM2005S (CC1352P AT modem),rx,1024,13,200.0,GFSK200,5,5,5,2.2762863210606663,4.2176145368548745,7137.662806857901,14182.110882008365,96.64,0.29473684210526313
Ebyte E79-400DM2005S (CC1352P AT modem),tx,8,-20.0,2.5,SLR2K5,5,5,5,1.2141113523793747,3.276356517409187,5491.231806329149,13293.035730756985,67.0,0.29473684210526313
Ebyte E79-400DM2005S (CC1352P AT modem),tx,32,-20.0,2.5,SLR2K5,5,5,5,2.6561241300967495,4.352790165930115,5597.260779063407,13394.255553329614,143.8,0.29473684210526313
Ebyte E79-400DM2005S (CC1352P AT modem),tx,64,-20.0,2.5,SLR2K5,5,5,5,4.51849775820531,25.823787995570715,5561.501807110885,13264.53015247274,246.2,0.29473684210526313
Ebyte E79-400DM2005S (CC1352P AT modem),tx,128,-20.0,2.5,SLR2K5,5,5,5,9.182354120224591,14.170622383142126,5650.9576595919325,13990.180097772807,492.4,0.10701878591303489
Ebyte E79-400DM2005S (CC1352P AT modem),tx,512,-20.0,2.5,SLR2K5,5,5,5,36.58002998973999,29.84922473472167,5627.973990988125,13884.89479563395,1969.6,0.0
Ebyte E79-400DM2005S (CC1352P AT modem),tx,1024,-20.0,2.5,SLR2K5,5,5,5,72.14096840403185,97.61966072627996,5549.578471865443,13842.973987955385,3939.2,0.006816725517730303
Ebyte E79-400DM2005S (CC1352P AT modem),tx,8,-20.0,4.8,GFSK4K8,5,5,5,0.7145845701884272,2.688679234928666,5960.384774152986,13083.303296119486,36.33,0.29473684210526313
Ebyte E79-400DM2005S (CC1352P AT modem),tx,32,-20.0,4.8,GFSK4K8,5,5,5,1.507105290917516,3.290966200887936,5983.212013694589,13176.100852603078,76.33,0.29473684210526313
Ebyte E79-400DM2005S (CC1352P AT modem),tx,64,-20.0,4.8,GFSK4K8,5,5,5,2.5637301370339456,5.833145132194537,5991.731608154534,13269.116113853877,129.66,0.29473684210526313
Ebyte E79-400DM2005S (CC1352P AT modem),tx,128,-20.0,4.8,GFSK4K8,5,5,5,5.118446341116978,14.608108317127725,5980.96766973735,13372.089867675584,259.33,0.29473684210526313
Ebyte E79-400DM2005S (CC1352P AT modem),tx,512,-20.0,4.8,GFSK4K8,5,5,5,20.406834734311612,33.19047206600794,5961.352041710519,13927.356676885684,1037.33,0.0
Ebyte E79-400DM2005S (CC1352P AT modem),tx,1024,-20.0,4.8,GFSK4K8,5,5,5,40.69345584959302,73.59841551623383,5943.793323943973,13957.123547483163,2074.66,0.06923719708726274
Ebyte E79-400DM2005S (CC1352P AT modem),tx,8,-20.0,4.8,OOK4K8,5,5,5,0.6530466488016411,2.7399410936386563,5447.093968601299,13188.13531694641,36.33,0.29473684210526313
Ebyte E79-400DM2005S (CC1352P AT modem),tx,32,-20.0,4.8,OOK4K8,5,5,5,1.389338073059719,7.1703973011963225,5515.675845549901,13191.49678433232,76.33,0.29473684210526313
Ebyte E79-400DM2005S (CC1352P AT modem),tx,64,-20.0,4.8,OOK4K8,5,5,5,2.3148383110033466,10.097323785164807,5410.042841658947,13312.630274630279,129.66,0.29473684210526313
Ebyte E79-400DM2005S (CC1352P AT modem),tx,128,-20.0,4.8,OOK4K8,5,5,5,4.709409015558747,11.738459514101718,5503.00251061742,13449.087432181434,259.33,0.29473684210526313
Ebyte E79-400DM2005S (CC1352P AT modem),tx,512,-20.0,4.8,OOK4K8,5,5,5,18.83123446489269,10.66339950188106,5501.079392605026,13741.137270606801,1037.33,0.0
Ebyte E79-400DM2005S (CC1352P AT modem),tx,1024,-20.0,4.8,OOK4K8,5,5,5,36.98226152594932,40.89447019537926,5401.726507936525,13855.019711818511,2074.66,0.06923719708726274
Ebyte E79-400DM2005S (CC1352P AT modem),tx,8,-20.0,5.0,SLR5,5,5,5,0.6368323892366807,2.8430367006153037,5513.700339711521,12979.556815990674,35.0,0.29473684210526313
Ebyte E79-400DM2005S (CC1352P AT modem),tx,32,-20.0,5.0,SLR5,5,5,5,1.3738126330668514,7.2228522098458265,5671.755565464668,13275.107006654074,73.4,0.29473684210526313
Ebyte E79-400DM2005S (CC1352P AT modem),tx,64,-20.0,5.0,SLR5,5,5,5,2.362189684358908,21.988965178900454,5744.90414017926,13334.597413587082,124.6,0.29473684210526313
Ebyte E79-400DM2005S (CC1352P AT modem),tx,128,-20.0,5.0,SLR5,5,5,5,4.686629634665182,12.924764073117762,5698.999993512817,13472.686448340732,249.2,0.29473684210526313
Ebyte E79-400DM2005S (CC1352P AT modem),tx,512,-20.0,5.0,SLR5,5,5,5,18.65389066251503,26.062534190991144,5670.840830814548,13652.263380508793,996.8,0.0675219446320054
Ebyte E79-400DM2005S (CC1352P AT modem),tx,1024,-20.0,5.0,SLR5,5,5,5,36.771159908735974,82.07957043552031,5589.273540289547,13726.973509969403,1993.6,0.012340499049781573
Ebyte E79-400DM2005S (CC1352P AT modem),tx,8,-20.0,50.0,GFSK50,5,5,5,0.11101692993340342,1.319236253555331,5426.047406324702,12671.292123763564,6.2,0.29473684210526313
Ebyte E79-400DM2005S (CC1352P AT modem),tx,32,-20.0,50.0,GFSK50,5,5,5,0.1860032646842434,2.66160377982857,5614.006540029079,12826.06481851126,10.040000000000001,0.29473684210526313
Ebyte E79-400DM2005S (CC1352P AT modem),tx,64,-20.0,50.0,GFSK50,5,5,5,0.28191782898476125,1.640754964331319,5635.200867209587,12835.423457944307,15.16,0.29473684210526313
Ebyte E79-400DM2005S (CC1352P AT modem),tx,128,-20.0,50.0,GFSK50,5,5,5,0.5704903266097546,8.375326727931368,5701.710308324908,13128.504025045713,30.32,0.29473684210526313
Ebyte E79-400DM2005S (CC1352P AT modem),tx,512,-20.0,50.0,GFSK50,5,5,5,2.2682196580856626,5.566293629593956,5667.375414981814,13316.696439812737,121.28,0.29473684210526313
Ebyte E79-400DM2005S (CC1352P AT modem),tx,1024,-20.0,50.0,GFSK50,5,5,5,4.523235546403915,6.440959738764293,5650.87994023842,13392.116849802736,242.56,0.29473684210526313
Ebyte E79-400DM2005S (CC1352P AT modem),tx,8,-20.0,50.0,IEEE154G50,5,5,5,0.11927127930335651,1.0472310300839285,5543.37605983252,12799.632036567882,6.519999999999999,0.29473684210526313
Ebyte E79-400DM2005S (CC1352P AT modem),tx,32,-20.0,50.0,IEEE154G50,5,5,5,0.18962248110700336,1.2536728828086632,5546.4631188429685,12838.531740184579,10.36,0.29473684210526313
Ebyte E79-400DM2005S (CC1352P AT modem),tx,64,-20.0,50.0,IEEE154G50,5,5,4,0.29328092400644074,3.186729982699067,5741.1503407415385,12838.050624990274,15.48,0.29473684210526313
Ebyte E79-400DM2005S (CC1352P AT modem),tx,128,-20.0,50.0,IEEE154G50,5,5,5,0.5815261199099002,5.729014659047842,5691.8616387704815,12967.975444588676,30.96,0.29473684210526313
Ebyte E79-400DM2005S (CC1352P AT modem),tx,512,-20.0,50.0,IEEE154G50,5,5,5,2.3307104964084835,11.476839212526945,5703.132332062155,13367.920544870973,123.84,0.29473684210526313
Ebyte E79-400DM2005S (CC1352P AT modem),tx,1024,-20.0,50.0,IEEE154G50,5,5,5,4.707770458848288,10.28273324609631,5759.8397478274655,13372.914338725997,247.68,0.29473684210526313
Ebyte E79-400DM2005S (CC1352P AT modem),tx,8,-20.0,200.0,GFSK200,5,5,5,0.06619251893691963,0.7649153033575968,5278.5102820510065,12592.428241529013,3.8,0.29473684210526313
Ebyte E79-400DM2005S (CC1352P AT modem),tx,32,-20.0,200.0,GFSK200,5,5,5,0.08816109441287832,1.3540477933686945,5612.496461222201,12618.631651676435,4.760000000000001,0.29473684210526313
Ebyte E79-400DM2005S (CC1352P AT modem),tx,64,-20.0,200.0,GFSK200,5,5,5,0.11437442895467127,0.49630201495186477,5738.231434611243,12812.292165335395,6.04,0.29473684210526313
Ebyte E79-400DM2005S (CC1352P AT modem),tx,128,-20.0,200.0,GFSK200,5,5,5,0.23288861311258488,1.5231101642915756,5842.078394355431,12829.170353635704,12.08,0.29473684210526313
Ebyte E79-400DM2005S (CC1352P AT modem),tx,512,-20.0,200.0,GFSK200,5,5,5,0.9290316169894777,1.9908959083427835,5826.256879574803,13436.554537861015,48.32,0.29473684210526313
Ebyte E79-400DM2005S (CC1352P AT modem),tx,1024,-20.0,200.0,GFSK200,5,5,5,1.855220352387141,1.534980820203696,5817.342565934098,13471.043519286017,96.64,0.29473684210526313
Ebyte E79-400DM2005S (CC1352P AT modem),tx,8,0.0,2.5,SLR2K5,5,5,5,1.4688473911243687,4.201329736002837,6643.362239368469,14250.126726887396,67.0,0.29473684210526313
Ebyte E79-400DM2005S (CC1352P AT modem),tx,32,0.0,2.5,SLR2K5,5,5,5,3.3280303532462407,4.776485871411389,7013.171393868253,14212.404392241777,143.8,0.29473684210526313
Ebyte E79-400DM2005S (CC1352P AT modem),tx,64,0.0,2.5,SLR2K5,5,5,5,5.809767807719541,8.249718363416832,7150.835496786969,14203.06132677306,246.2,0.29473684210526313
Ebyte E79-400DM2005S (CC1352P AT modem),tx,128,0.0,2.5,SLR2K5,5,5,5,11.606671177994942,28.814726657115255,7142.918530139927,14527.633871429241,492.4,0.10701878591303489
Ebyte E79-400DM2005S (CC1352P AT modem),tx,512,0.0,2.5,SLR2K5,5,5,5,46.25073215628623,42.334588326366465,7115.847573460412,14888.08950896546,1969.6,0.11966493817311527
Ebyte E79-400DM2005S (CC1352P AT modem),tx,1024,0.0,2.5,SLR2K5,5,5,5,92.42585922481013,87.98465978966345,7110.031511158103,14884.577101507399,3939.2,0.006816725517730303
Ebyte E79-400DM2005S (CC1352P AT modem),tx,8,0.0,4.8,GFSK4K8,5,5,5,0.8977867791422163,3.353848203471551,7488.483339941247,14080.693097607485,36.33,0.29473684210526313
Ebyte E79-400DM2005S (CC1352P AT modem),tx,32,0.0,4.8,GFSK4K8,5,5,5,1.9492118846818463,4.633355130089033,7738.376366899096,14181.99043709255,76.33,0.29473684210526313
Ebyte E79-400DM2005S (CC1352P AT modem),tx,64,0.0,4.8,GFSK4K8,5,5,5,3.277107454162911,8.805194875099312,7658.9762833399045,14347.929460739519,129.66,0.29473684210526313
Ebyte E79-400DM2005S (CC1352P AT modem),tx,128,0.0,4.8,GFSK4K8,5,5,5,6.560842575605728,5.745983239106467,7666.425457217066,14628.583496596222,259.33,0.29473684210526313
Ebyte E79-400DM2005S (CC1352P AT modem),tx,512,0.0,4.8,GFSK4K8,5,5,5,26.05459914025061,40.7337394666788,7611.206725732559,14768.290526504372,1037.33,0.0
Ebyte E79-400DM2005S (CC1352P AT modem),tx,1024,0.0,4.8,GFSK4K8,5,5,5,52.13784916289477,52.793864382925506,7615.391549063,14913.277623428396,2074.66,0.06923719708726274
Ebyte E79-400DM2005S (CC1352P AT modem),tx,8,0.0,4.8,OOK4K8,5,5,5,0.716277475874474,1.8503975074564396,5974.505383099985,13760.467863421964,36.33,0.29473684210526313
Ebyte E79-400DM2005S (CC1352P AT modem),tx,32,0.0,4.8,OOK4K8,5,5,5,1.550421459308912,3.4599729035083184,6155.177317425184,14106.001104434903,76.33,0.29473684210526313
Ebyte E79-400DM2005S (CC1352P AT modem),tx,64,0.0,4.8,OOK4K8,5,5,5,2.6289158393662464,8.501208457846637,6144.078076849584,14250.549985037407,129.66,0.29473684210526313
Ebyte E79-400DM2005S (CC1352P AT modem),tx,128,0.0,4.8,OOK4K8,5,5,5,5.246086467318974,8.91875834480458,6130.116731249196,14593.235077099987,259.33,0.29473684210526313
Ebyte E79-400DM2005S (CC1352P AT modem),tx,512,0.0,4.8,OOK4K8,5,5,5,20.933201165754028,17.510991394365657,6115.116975940635,14707.973230377518,1037.33,0.0
Ebyte E79-400DM2005S (CC1352P AT modem),tx,1024,0.0,4.8,OOK4K8,5,5,5,41.697645573827394,7.990553945919586,6090.46791950795,14831.722920118544,2074.66,0.06923719708726274
Ebyte E79-400DM2005S (CC1352P AT modem),tx,8,0.0,5.0,SLR5,5,5,5,0.8035777654021764,3.2798548416003754,6957.383250235293,13831.087582196866,35.0,0.29473684210526313
Ebyte E79-400DM2005S (CC1352P AT modem),tx,32,0.0,5.0,SLR5,5,5,5,1.7383611500211802,3.5024552890035308,7176.786186199242,14014.82554772979,73.4,0.29473684210526313
Ebyte E79-400DM2005S (CC1352P AT modem),tx,64,0.0,5.0,SLR5,5,5,5,2.980740159120291,6.69592038809646,7249.234299139772,14260.466798926102,124.6,0.29473684210526313
Ebyte E79-400DM2005S (CC1352P AT modem),tx,128,0.0,5.0,SLR5,5,5,5,5.954497488256148,17.311260170415185,7240.743090929171,14230.030772504198,249.2,0.29473684210526313
Ebyte E79-400DM2005S (CC1352P AT modem),tx,512,0.0,5.0,SLR5,5,5,5,23.692144100174577,45.46511171113611,7202.485559904238,14669.956297674498,996.8,0.0675219446320054
Ebyte E79-400DM2005S (CC1352P AT modem),tx,1024,0.0,5.0,SLR5,5,5,5,47.42570015507842,18.72886076868749,7208.780241478332,14940.402879664636,1993.6,0.012340499049781573
Ebyte E79-400DM2005S (CC1352P AT modem),tx,8,0.0,50.0,GFSK50,5,5,5,0.12780856645437894,0.8777619572563904,6246.753003635334,12730.55536764118,6.2,0.29473684210526313
Ebyte E79-400DM2005S (CC1352P AT modem),tx,32,0.0,50.0,GFSK50,5,5,5,0.22328552266822357,0.8367565554780655,6739.270876138585,13394.40552390911,10.040000000000001,0.29473684210526313
Ebyte E79-400DM2005S (CC1352P AT modem),tx,64,0.0,50.0,GFSK50,5,5,5,0.3498957411694978,0.9322750004427124,6993.998184406689,13467.676671574673,15.16,0.29473684210526313
Ebyte E79-400DM2005S (CC1352P AT modem),tx,128,0.0,50.0,GFSK50,5,5,5,0.7049661217832678,3.158256962082877,7045.715617087085,13724.676788877874,30.32,0.29473684210526313
Ebyte E79-400DM2005S (CC1352P AT modem),tx,512,0.0,50.0,GFSK50,5,5,5,2.816201674136566,5.836015447649846,7036.563709663997,14127.541150796013,121.28,0.29473684210526313
Ebyte E79-400DM2005S (CC1352P AT modem),tx,1024,0.0,50.0,GFSK50,5,5,5,5.624245546849507,8.510475495587162,7026.3721651496835,14393.410486729732,242.56,0.29473684210526313
Ebyte E79-400DM2005S (CC1352P AT modem),tx,8,0.0,50.0,IEEE154G50,5,5,5,0.1374310714935578,0.947579064782938,6387.389454060132,13223.68880900547,6.519999999999999,0.29473684210526313
Ebyte E79-400DM2005S (CC1352P AT modem),tx,32,0.0,50.0,IEEE154G50,5,5,5,0.2341498586439014,1.5398984360075638,6848.89021422433,13635.514149670174,10.36,0.29473684210526313
Ebyte E79-400DM2005S (CC1352P AT modem),tx,64,0.0,50.0,IEEE154G50,5,5,5,0.3609387175805567,2.114866963722799,7065.5923103233235,13720.496025619083,15.48,0.29473684210526313
Ebyte E79-400DM2005S (CC1352P AT modem),tx,128,0.0,50.0,IEEE154G50,5,5,5,0.7237120983628695,2.473886386914366,7083.549627700117,14006.962436037153,30.96,0.29473684210526313
Ebyte E79-400DM2005S (CC1352P AT modem),tx,512,0.0,50.0,IEEE154G50,5,5,5,2.889149778065398,7.814645582502795,7069.605400089533,14339.099693105212,123.84,0.29473684210526313
Ebyte E79-400DM2005S (CC1352P AT modem),tx,1024,0.0,50.0,IEEE154G50,5,5,5,5.76659884871289,16.31052704104232,7055.28987637161,14589.127426741692,247.68,0.29473684210526313
Ebyte E79-400DM2005S (CC1352P AT modem),tx,8,0.0,200.0,GFSK200,5,5,5,0.07079427848323709,0.5461312126011464,5645.47675304921,13513.747883620663,3.8,0.29473684210526313
Ebyte E79-400DM2005S (CC1352P AT modem),tx,32,0.0,200.0,GFSK200,5,5,5,0.09714608333277718,0.585329403562561,6184.497283726584,13040.806625640274,4.760000000000001,0.29473684210526313
Ebyte E79-400DM2005S (CC1352P AT modem),tx,64,0.0,200.0,GFSK200,5,5,5,0.1319261927336514,1.356399491272768,6618.81360293254,13151.921071935663,6.04,0.29473684210526313
Ebyte E79-400DM2005S (CC1352P AT modem),tx,128,0.0,200.0,GFSK200,5,5,5,0.2623042714391966,1.3398423461241358,6579.9787136061805,13345.830175865169,12.08,0.29473684210526313
Ebyte E79-400DM2005S (CC1352P AT modem),tx,512,0.0,200.0,GFSK200,5,5,5,1.0503597949559291,3.0775432524572772,6587.1450115136995,13955.06058291873,48.32,0.29473684210526313
Ebyte E79-400DM2005S (CC1352P AT modem),tx,1024,0.0,200.0,GFSK200,5,5,5,2.0942229742176055,5.678885634634403,6566.773825436571,14182.362524624099,96.64,0.29473684210526313
Ebyte E79-400DM2005S (CC1352P AT modem),tx,8,13.0,2.5,SLR2K5,5,5,5,1.7868255356256577,1.9372027518340966,8081.526619745174,15306.058455397235,67.0,0.29473684210526313
Ebyte E79-400DM2005S (CC1352P AT modem),tx,32,13.0,2.5,SLR2K5,5,5,5,4.149617610381888,6.435937847692541,8744.505437648855,15297.140449369657,143.8,0.29473684210526313
Ebyte E79-400DM2005S (CC1352P AT modem),tx,64,13.0,2.5,SLR2K5,5,5,5,7.294931484479368,12.696725395458444,8978.819245845172,15480.535033631653,246.2,0.29473684210526313
Ebyte E79-400DM2005S (CC1352P AT modem),tx,128,13.0,2.5,SLR2K5,5,5,5,14.561457618160702,37.714815458575615,8961.338169363753,15707.303495563294,492.4,0.10701878591303489
Ebyte E79-400DM2005S (CC1352P AT modem),tx,512,13.0,2.5,SLR2K5,5,5,5,58.00411992437581,41.90861803254327,8924.15010037144,15961.231915120781,1969.6,0.11966493817311527
Ebyte E79-400DM2005S (CC1352P AT modem),tx,1024,13.0,2.5,SLR2K5,5,5,5,115.9546646117283,97.78950509965853,8920.028725390712,16224.699375808175,3939.2,0.006816725517730303
Ebyte E79-400DM2005S (CC1352P AT modem),tx,8,13.0,4.8,GFSK4K8,5,5,5,1.1157531234225613,2.997688864020651,9306.551255098977,15150.184427847125,36.33,0.29473684210526313
Ebyte E79-400DM2005S (CC1352P AT modem),tx,32,13.0,4.8,GFSK4K8,5,5,5,2.399376271333767,6.483372063471837,9525.530179300278,15280.698719363176,76.33,0.29473684210526313
Ebyte E79-400DM2005S (CC1352P AT modem),tx,64,13.0,4.8,GFSK4K8,5,5,5,4.109351773885018,6.871652530074258,9604.02678774094,15339.17352102436,129.66,0.29473684210526313
Ebyte E79-400DM2005S (CC1352P AT modem),tx,128,13.0,4.8,GFSK4K8,5,5,5,8.200472574351272,18.342272372383796,9582.353330494729,15462.47736677721,259.33,0.29473684210526313
Ebyte E79-400DM2005S (CC1352P AT modem),tx,512,13.0,4.8,GFSK4K8,5,5,5,32.709138661748284,25.499532658095728,9555.165859013918,15833.16590687506,1037.33,0.0
Ebyte E79-400DM2005S (CC1352P AT modem),tx,1024,13.0,4.8,GFSK4K8,5,5,5,65.36441612474896,41.63767046978718,9547.298750488366,15626.689177665254,2074.66,0.06923719708726274
Ebyte E79-400DM2005S (CC1352P AT modem),tx,8,13.0,4.8,OOK4K8,5,5,5,0.8013479455403296,2.6975552242292458,6684.0823223175585,14807.436973993905,36.33,0.29473684210526313
Ebyte E79-400DM2005S (CC1352P AT modem),tx,32,13.0,4.8,OOK4K8,5,5,5,1.7632621924665974,6.7097256209063385,7000.155594196639,14950.040666144345,76.33,0.29473684210526313
Ebyte E79-400DM2005S (CC1352P AT modem),tx,64,13.0,4.8,OOK4K8,5,5,5,2.9827778490276278,2.816877719106713,6971.09421149867,15323.774343491465,129.66,0.29473684210526313
Ebyte E79-400DM2005S (CC1352P AT modem),tx,128,13.0,4.8,OOK4K8,5,5,5,5.973267185373743,7.690264417882591,6979.8363678121295,15526.819553109093,259.33,0.29473684210526313
Ebyte E79-400DM2005S (CC1352P AT modem),tx,512,13.0,4.8,OOK4K8,5,5,5,23.7672627023366,27.40003006319825,6943.017958499865,15793.424868863542,1037.33,0.0
Ebyte E79-400DM2005S (CC1352P AT modem),tx,1024,13.0,4.8,OOK4K8,5,5,5,47.46834400532897,59.1682053468928,6933.351329029542,16073.618912853515,2074.66,0.06923719708726274
Ebyte E79-400DM2005S (CC1352P AT modem),tx,8,13.0,5.0,SLR5,5,5,5,0.992945308916201,1.5784516963006323,8596.929081525552,15014.735409647963,35.0,0.29473684210526313
Ebyte E79-400DM2005S (CC1352P AT modem),tx,32,13.0,5.0,SLR5,5,5,5,2.1760468125849792,3.1466066783798436,8983.761921331763,15196.564694098288,73.4,0.29473684210526313
Ebyte E79-400DM2005S (CC1352P AT modem),tx,64,13.0,5.0,SLR5,5,5,5,3.757060197111588,3.694772441036033,9137.263964958383,15278.314056393147,124.6,0.29473684210526313
Ebyte E79-400DM2005S (CC1352P AT modem),tx,128,13.0,5.0,SLR5,5,5,5,7.510561536876399,20.160930238922155,9132.936350109201,15381.672685235293,249.2,0.29473684210526313
Ebyte E79-400DM2005S (CC1352P AT modem),tx,512,13.0,5.0,SLR5,5,5,5,29.905198858998762,49.96500532002566,9091.273547778863,15722.139075845873,996.8,0.0675219446320054
Ebyte E79-400DM2005S (CC1352P AT modem),tx,1024,13.0,5.0,SLR5,5,5,5,59.64367508478447,70.40682901310996,9065.93144802851,15732.11940135912,1993.6,0.012340499049781573
Ebyte E79-400DM2005S (CC1352P AT modem),tx,8,13.0,50.0,GFSK50,5,5,5,0.14925707441500863,0.9980082954381392,7295.067175709121,14174.033604272267,6.2,0.29473684210526313
Ebyte E79-400DM2005S (CC1352P AT modem),tx,32,13.0,50.0,GFSK50,5,5,5,0.2703726546838944,1.1011289054135172,8160.468872506773,14031.51252054245,10.040000000000001,0.29473684210526313
Ebyte E79-400DM2005S (CC1352P AT modem),tx,64,13.0,50.0,GFSK50,5,5,5,0.4302899976527239,2.217029845673234,8600.983402349162,14742.683530530348,15.16,0.29473684210526313
Ebyte E79-400DM2005S (CC1352P AT modem),tx,128,13.0,50.0,GFSK50,5,5,5,0.8632732016308508,2.599638446584072,8627.900392088952,14788.027036412503,30.32,0.29473684210526313
Ebyte E79-400DM2005S (CC1352P AT modem),tx,512,13.0,50.0,GFSK50,5,5,5,3.449983128015306,7.083433771873229,8620.130546932123,15486.5863562856,121.28,0.29473684210526313
Ebyte E79-400DM2005S (CC1352P AT modem),tx,1024,13.0,50.0,GFSK50,5,5,5,6.886504151140208,17.55799919219215,8603.312334017686,15325.419685149458,242.56,0.29473684210526313
Ebyte E79-400DM2005S (CC1352P AT modem),tx,8,13.0,50.0,IEEE154G50,5,5,5,0.16173692106341453,0.8766580385034074,7517.053405066674,13163.40866354763,6.519999999999999,0.29473684210526313
Ebyte E79-400DM2005S (CC1352P AT modem),tx,32,13.0,50.0,IEEE154G50,5,5,5,0.28255427398090477,1.9661636119555737,8264.720778662242,14084.620182761439,10.36,0.29473684210526313
Ebyte E79-400DM2005S (CC1352P AT modem),tx,64,13.0,50.0,IEEE154G50,5,5,5,0.4439798020788659,1.3121607138066869,8691.17144465715,14692.235709558725,15.48,0.29473684210526313
Ebyte E79-400DM2005S (CC1352P AT modem),tx,128,13.0,50.0,IEEE154G50,5,5,5,0.8876251444053129,3.854376311337286,8687.897819330045,15135.279781330877,30.96,0.29473684210526313
Ebyte E79-400DM2005S (CC1352P AT modem),tx,512,13.0,50.0,IEEE154G50,5,5,5,3.5438275961853107,10.135264297958464,8671.569366595644,15251.89149948731,123.84,0.29473684210526313
Ebyte E79-400DM2005S (CC1352P AT modem),tx,1024,13.0,50.0,IEEE154G50,5,5,5,7.077695026928622,17.33200869637779,8659.383352576333,15370.512689100598,247.68,0.29473684210526313
Ebyte E79-400DM2005S (CC1352P AT modem),tx,8,13.0,200.0,GFSK200,5,5,5,0.07565272620412238,0.8784315194495049,6032.912775448355,13091.437621225357,3.8,0.29473684210526313
Ebyte E79-400DM2005S (CC1352P AT modem),tx,32,13.0,200.0,GFSK200,5,5,5,0.10788161045307065,1.1810730593965761,6867.940568695611,13154.426691588995,4.760000000000001,0.29473684210526313
Ebyte E79-400DM2005S (CC1352P AT modem),tx,64,13.0,200.0,GFSK200,5,5,5,0.1515409681015269,1.0154301474284837,7602.89825915748,13700.849156568549,6.04,0.29473684210526313
Ebyte E79-400DM2005S (CC1352P AT modem),tx,128,13.0,200.0,GFSK200,5,5,5,0.30415042886101035,1.9106487420867533,7629.70170733017,14285.29257952896,12.08,0.29473684210526313
Ebyte E79-400DM2005S (CC1352P AT modem),tx,512,13.0,200.0,GFSK200,5,5,5,1.2047227230153807,1.8337754143593006,7555.20471487674,14851.898508951786,48.32,0.29473684210526313
Ebyte E79-400DM2005S (CC1352P AT modem),tx,1024,13.0,200.0,GFSK200,5,5,5,2.410810037729439,8.397541844703762,7559.483612186127,15257.92763719906,96.64,0.29473684210526313
