role,run_id,baseline_start_ms,baseline_end_ms,baseline_mean_uA,duration_ms,mean_current_uA,charge_uC,energy_total_uJ,baseline_energy_uJ,energy_delta_signed_uJ
tx,run_00001,-180,-20,4824.926775636134,200.0,4894.367559917119,978.8735119834238,3230.2825895452984,3184.4516719198486,45.830917625449864
tx,run_00001,-180,-100,4828.497073004298,200.0,4894.367559917119,978.8735119834238,3230.2825895452984,3186.808068182837,43.474521362461616
tx,run_00001,-100,-20,4821.35647826797,200.0,4894.367559917119,978.8735119834238,3230.2825895452984,3182.09527565686,48.18731388843848
tx,run_00002,-180,-20,4844.311932281393,200.0,4901.954265106667,980.3908530213333,3235.2898149703997,3197.2458753057194,38.04393966468056
tx,run_00002,-180,-100,4840.20119026621,200.0,4901.954265106667,980.3908530213333,3235.2898149703997,3194.532785575698,40.75702939470145
tx,run_00002,-100,-20,4848.422674296576,200.0,4901.954265106667,980.3908530213333,3235.2898149703997,3199.9589650357398,35.33084993466003
tx,run_00003,-180,-20,4818.975922182761,200.0,4893.9902021075,978.7980404215001,3230.03353339095,3180.524108640622,49.50942475032816
tx,run_00003,-180,-100,4829.094332501317,200.0,4893.9902021075,978.7980404215001,3230.03353339095,3187.202259450869,42.83127394008104
tx,run_00003,-100,-20,4808.857511864205,200.0,4893.9902021075,978.7980404215001,3230.03353339095,3173.8459578303755,56.187575560574906
tx,run_00004,-180,-20,4838.2102491636,200.0,4889.722641263812,977.9445282527624,3227.2169432341157,3193.218764447976,33.99817878614012
tx,run_00004,-180,-100,4840.467595831555,200.0,4889.722641263812,977.9445282527624,3227.2169432341157,3194.708613248826,32.508329985289706
tx,run_00004,-100,-20,4835.952902495645,200.0,4889.722641263812,977.9445282527624,3227.2169432341157,3191.728915647125,35.48802758699054
tx,run_00005,-180,-20,4825.80965453212,200.0,4894.32938160969,978.865876321938,3230.2573918623953,3185.034371991199,45.22301987119619
tx,run_00005,-180,-100,4834.280143900463,200.0,4894.32938160969,978.865876321938,3230.2573918623953,3190.624894974306,39.632496888089356
tx,run_00005,-100,-20,4817.339165163776,200.0,4894.32938160969,978.865876321938,3230.2573918623953,3179.443849008092,50.81354285430341
rx,run_00001,-180,-20,7421.367546735459,200.0,7426.554716083692,1485.3109432167385,4901.526112615236,4898.102580845403,3.4235317698335166
rx,run_00001,-180,-100,7414.465810326334,200.0,7426.554716083692,1485.3109432167385,4901.526112615236,4893.54743481538,7.978677799856518
rx,run_00001,-100,-20,7428.269283144584,200.0,7426.554716083692,1485.3109432167385,4901.526112615236,4902.657726875425,-1.131614260188735
rx,run_00002,-180,-20,7429.804021961433,200.0,7418.621647746551,1483.7243295493101,4896.290287512723,4903.6706544945455,-7.380366981822704
rx,run_00002,-180,-100,7434.521240403632,200.0,7418.621647746551,1483.7243295493101,4896.290287512723,4906.784018666397,-10.49373115367423
rx,run_00002,-100,-20,7425.086803519235,200.0,7418.621647746551,1483.7243295493101,4896.290287512723,4900.557290322695,-4.2670028099719275
rx,run_00003,-180,-20,7419.953395149604,200.0,7426.534984872394,1485.3069969744786,4901.513090015779,4897.169240798739,4.343849217039974
rx,run_00003,-180,-100,7420.195882055783,200.0,7426.534984872394,1485.3069969744786,4901.513090015779,4897.329282156817,4.183807858962427
rx,run_00003,-100,-20,7419.710908243427,200.0,7426.534984872394,1485.3069969744786,4901.513090015779,4897.009199440662,4.50389057511677
rx,run_00004,-180,-20,7424.486497905906,200.0,7415.930801654788,1483.1861603309578,4894.514329092161,4900.161088617898,-5.6467595257371155
rx,run_00004,-180,-100,7426.390339248643,200.0,7415.930801654788,1483.1861603309578,4894.514329092161,4901.417623904104,-6.903294811943533
rx,run_00004,-100,-20,7422.58265656317,200.0,7415.930801654788,1483.1861603309578,4894.514329092161,4898.904553331692,-4.390224239531449
rx,run_00005,-180,-20,7423.809597532509,200.0,7415.725616622569,1483.1451233245136,4894.378906970895,4899.714334371455,-5.3354274005607065
rx,run_00005,-180,-100,7419.567233235522,200.0,7415.725616622569,1483.1451233245136,4894.378906970895,4896.914373935444,-2.535466964549414
rx,run_00005,-100,-20,7428.051961829497,200.0,7415.725616622569,1483.1451233245136,4894.378906970895,4902.514294807467,-8.135387836572749
