role,run_id,start_ms,legacy_rectified_excess_uJ,duration_ms,mean_current_uA,charge_uC,energy_total_uJ,baseline_energy_uJ,energy_delta_signed_uJ
tx,run_00001,-180.0,7.779404371834672,4.760000000000001,4794.513975134843,22.821886521641854,75.31222552141811,75.7899497916924,-0.47772427027427966
tx,run_00001,-175.24,8.167915722495238,4.760000000000001,4806.591470493518,22.879375399549144,75.50193881851217,75.7899497916924,-0.288010973180225
tx,run_00001,-170.48,10.048560575816913,4.760000000000001,4937.425030663761,23.502143145959504,77.55707238166636,75.7899497916924,1.7671225899739653
tx,run_00001,-165.72,8.46905182103382,4.760000000000001,4863.400948418004,23.149788514469698,76.39430209775,75.7899497916924,0.6043523060576046
tx,run_00001,-160.96,5.436111233481503,4.760000000000001,4707.8499144218,22.409365592647767,73.95090645573762,75.7899497916924,-1.8390433359547689
tx,run_00001,-156.2,8.249292994973233,4.760000000000001,4873.166953913428,23.196274700627917,76.54770651207212,75.7899497916924,0.7577567203797283
tx,run_00001,-151.44,8.982548511194691,4.760000000000001,4888.382773359043,23.268702001189045,76.78671660392385,75.7899497916924,0.9967668122314485
tx,run_00001,-146.68,7.073520346742757,4.760000000000001,4825.280422998102,22.968334813470968,75.79550488445419,75.7899497916924,0.0055550927617940005
tx,run_00001,-141.92000000000002,6.530422200032996,4.760000000000001,4728.359427361559,22.506990874241023,74.27306988499537,75.7899497916924,-1.5168799066970236
tx,run_00001,-137.16,7.808546366574956,4.760000000000001,4839.902190371443,23.037934426168068,76.02518360635462,75.7899497916924,0.23523381466222515
tx,run_00001,-132.4,9.574083194566231,4.760000000000001,4900.510164528818,23.326428383157175,76.97721366441867,75.7899497916924,1.1872638727262796
tx,run_00001,-127.64,6.528408033397354,4.760000000000001,4787.520007016162,22.78859523339693,75.20236427020986,75.7899497916924,-0.5875855214825322
tx,run_00001,-122.88,8.39506818096408,4.760000000000001,4824.20028646314,22.96319336356455,75.77853809976301,75.7899497916924,-0.01141169192938527
tx,run_00001,-118.12,8.998612977557249,4.760000000000001,4898.80104439926,23.31829297134048,76.95036680542358,75.7899497916924,1.160417013731184
tx,run_00001,-113.36,7.779949400258439,4.760000000000001,4855.503649988184,23.112197373943758,76.2702513340144,75.7899497916924,0.48030154232200206
tx,run_00001,-108.6,6.392154119140184,4.760000000000001,4734.92258345046,22.53823149722419,74.37616394083982,75.7899497916924,-1.4137858508525762
tx,run_00001,-103.84,7.532772560690824,4.760000000000001,4818.237037673866,22.934808299327603,75.68486738778108,75.7899497916924,-0.10508240391130882
tx,run_00001,-99.08,7.504167965454895,4.760000000000001,4825.829125923793,22.970946639397255,75.80412391001094,75.7899497916924,0.014174118318542027
tx,run_00001,-94.32,7.902763219633848,4.760000000000001,4870.735819834889,23.184702502414073,76.50951825796643,75.7899497916924,0.7195684662740411
tx,run_00001,-89.56,6.138974145218134,4.760000000000001,4738.000652078925,22.55288310389568,74.42451424285575,75.7899497916924,-1.3654355488366514
tx,run_00001,-84.8,8.585637267445914,4.760000000000001,4832.878920523012,23.00450366168954,75.91486208357549,75.7899497916924,0.12491229188308388
tx,run_00001,-80.04,7.743390176729322,4.760000000000001,4844.117473595332,23.057999174313778,76.09139727523547,75.7899497916924,0.30144748354306933
tx,run_00001,-75.28,6.567363049932435,4.760000000000001,4770.628278280049,22.708190604613034,74.937028995223,75.7899497916924,-0.8529207964693881
tx,run_00001,-70.52,8.72276596856421,4.760000000000001,4837.450797928397,23.02626579813917,75.98667713385926,75.7899497916924,0.19672734216686613
tx,run_00001,-65.76,7.338407865960177,4.760000000000001,4817.744384189038,22.932463268739824,75.67712878684141,75.7899497916924,-0.11282100485098105
tx,run_00001,-61.0,7.596573592539205,4.760000000000001,4840.156660755951,23.039145705198326,76.02918082715448,75.7899497916924,0.23923103546207683
tx,run_00001,-56.239999999999995,5.794872070237641,4.760000000000001,4727.654745550296,22.503636588819408,74.26200074310404,75.7899497916924,-1.5279490485883533
tx,run_00001,-51.47999999999999,9.213234549769847,4.760000000000001,4876.766268351536,23.21340743735331,76.60424454326592,75.7899497916924,0.8142947515735276
tx,run_00001,-46.72,7.024346599518111,4.760000000000001,4761.076536986149,22.66272431605407,74.78699024297843,75.7899497916924,-1.002959548713965
tx,run_00001,-41.96000000000001,7.517637054145651,4.760000000000001,4872.0147450657205,23.190790186512828,76.52960761549232,75.7899497916924,0.7396578237999338
tx,run_00001,-37.19999999999999,7.623341994001307,4.760000000000001,4773.130718196499,22.720102218615338,74.9763373214306,75.7899497916924,-0.8136124702617831
tx,run_00001,-32.44,8.934155053586212,4.760000000000001,4883.564743208935,23.245768177674535,76.71103498632596,75.7899497916924,0.9210851946335654
tx,run_00001,-27.680000000000007,8.76485991715469,4.760000000000001,4864.773813364835,23.156323351616617,76.41586706033483,75.7899497916924,0.6259172686424378
tx,run_00002,-180.0,8.597061375903602,4.760000000000001,4888.568309581028,23.269585153605696,76.78963100689879,76.0944518322761,0.695179174622681
tx,run_00002,-175.24,7.425005115495986,4.760000000000001,4795.697801893551,22.8275215370133,75.33082107214389,76.0944518322761,-0.7636307601322254
tx,run_00002,-170.48,9.972121255332322,4.760000000000001,4931.801605149177,23.475375640510084,77.46873961368327,76.0944518322761,1.3742877814071592
tx,run_00002,-165.72,6.668145356730963,4.760000000000001,4772.868113301967,22.718852219317366,74.9722123237473,76.0944518322761,-1.1222395085288088
tx,run_00002,-160.96,6.418141938481488,4.760000000000001,4738.436844193748,22.554959378362238,74.43136594859538,76.0944518322761,-1.6630858836807323
tx,run_00002,-156.2,8.532807737911398,4.760000000000001,4861.468694845822,23.140590987466112,76.36395025863817,76.0944518322761,0.2694984263620526
tx,run_00002,-151.44,8.170725905795464,4.760000000000001,4827.246454988491,22.977693125745215,75.8263873149592,76.0944518322761,-0.2680645173169058
tx,run_00002,-146.68,7.228195860992162,4.760000000000001,4795.711677004244,22.8275875825402,75.33103902238265,76.0944518322761,-0.7634128098934556
tx,run_00002,-141.92000000000002,8.176354653068914,4.760000000000001,4805.482337949254,22.874095928638447,75.48451656450688,76.0944518322761,-0.609935267769243
tx,run_00002,-137.16,7.46929985114003,4.760000000000001,4819.275301501487,22.939750435147076,75.70117643598535,76.0944518322761,-0.3932753962907668
tx,run_00002,-132.4,8.845120272685481,4.760000000000001,4873.846048121459,23.199507189058146,76.55837372389188,76.0944518322761,0.4639218916157638
tx,run_00002,-127.64,8.752692388578618,4.760000000000001,4865.380573271967,23.15921152877456,76.42539804495604,76.0944518322761,0.3309462126799285
tx,run_00002,-122.88,8.369337084159698,4.760000000000001,4812.951464942634,22.909648973126938,75.60184161131889,76.0944518322761,-0.49261022095722173
tx,run_00002,-118.12,10.143341319610672,4.760000000000001,4938.590330361453,23.507689972520517,77.5753769093177,76.0944518322761,1.4809250770415878
tx,run_00002,-113.36,9.147962800355074,4.760000000000001,4903.739691652497,23.341800932265883,77.02794307647741,76.0944518322761,0.9334912442012978
tx,run_00002,-108.6,7.043313650029524,4.760000000000001,4782.463510480257,22.764526309886026,75.12293682262388,76.0944518322761,-0.9715150096522304
tx,run_00002,-103.84,9.203965768254871,4.760000000000001,4868.74565071259,23.175229297391926,76.47825668139335,76.0944518322761,0.383804849117239
tx,run_00002,-99.08,9.153248309221427,4.760000000000001,4870.545856605777,23.183798277443497,76.50653431556354,76.0944518322761,0.41208248328742303
tx,run_00002,-94.32,7.844852851487602,4.760000000000001,4871.74336965249,23.189498439545854,76.52534485050131,76.0944518322761,0.4308930182252023
tx,run_00002,-89.56,6.0402960071782665,4.760000000000001,4726.0326971342065,22.49591563835882,74.2365216065841,76.0944518322761,-1.8579302256920105
tx,run_00002,-84.8,9.64764879833689,4.760000000000001,4923.085517775305,23.43388706461045,77.33182731321448,76.0944518322761,1.2373754809383644
tx,run_00002,-80.04,8.8039794630006,4.760000000000001,4878.106683265682,23.219787812344645,76.62529978073732,76.0944518322761,0.5308479484612117
tx,run_00002,-75.28,5.808814022009437,4.760000000000001,4738.785581594693,22.556619368390738,74.43684391568944,76.0944518322761,-1.6576079165866817
tx,run_00002,-70.52,9.913386853967275,4.760000000000001,4865.598429005021,23.1602485220639,76.42882012281086,76.0944518322761,0.3343682905347496
tx,run_00002,-65.76,8.448827305539844,4.760000000000001,4847.46711619285,23.073943473077964,76.14401346115727,76.0944518322761,0.04956162888116502
tx,run_00002,-61.0,7.867981779959797,4.760000000000001,4854.044801208724,23.105253253753524,76.24733573738662,76.0944518322761,0.15288390511051303
tx,run_00002,-56.239999999999995,8.32934575151759,4.760000000000001,4845.416617676347,23.064183100139417,76.11180423046007,76.0944518322761,0.017352398183957972
tx,run_00002,-51.47999999999999,8.963283860549833,4.760000000000001,4818.800398464649,22.93748989669173,75.69371665908271,76.0944518322761,-0.4007351731934079
tx,run_00002,-46.72,10.115477286725588,4.760000000000001,4907.8324747232,23.36128257968243,77.09223251295202,76.0944518322761,0.9977806806759055
tx,run_00002,-41.96000000000001,9.56900897927003,4.760000000000001,4957.334521015068,23.596912320031723,77.86981065610469,76.0944518322761,1.7753588238285705
tx,run_00002,-37.19999999999999,7.9109831044061485,4.760000000000001,4815.50296554214,22.92179411598059,75.64192058273593,76.0944518322761,-0.4525312495401735
tx,run_00002,-32.44,7.93611942945845,4.760000000000001,4826.015481243317,22.97183369071819,75.80705117937002,76.0944518322761,-0.28740065290609457
tx,run_00002,-27.680000000000007,8.445778995918623,4.760000000000001,4854.766521489801,23.10868864229145,76.25867251956178,76.0944518322761,0.16422068728567146
tx,run_00003,-180.0,7.939980987613857,4.760000000000001,4818.990145031668,22.93839309035074,75.69669719815744,75.6964737856468,0.00022341251063444644
tx,run_00003,-175.24,6.690153798551512,4.760000000000001,4768.982161529888,22.700355088882265,74.91117179331147,75.6964737856468,-0.7853019923353318
tx,run_00003,-170.48,8.647863441604686,4.760000000000001,4867.269051652004,23.168200685863543,76.45506226334969,75.6964737856468,0.7585884777028834
tx,run_00003,-165.72,8.701380050023987,4.760000000000001,4869.772148904108,23.180115428783555,76.49438091498573,75.6964737856468,0.7979071293389249
tx,run_00003,-160.96,7.112125719754432,4.760000000000001,4801.74733146691,22.85631729778249,75.42584708268221,75.6964737856468,-0.27062670296459285
tx,run_00003,-156.2,8.518732840202242,4.760000000000001,4870.9804053772195,23.185866729595563,76.51336020766536,75.6964737856468,0.8168864220185522
tx,run_00003,-151.44,5.174484624219552,4.760000000000001,4685.865465601038,22.30471961626094,73.6055747336611,75.6964737856468,-2.0908990519857062
tx,run_00003,-146.68,8.643524396318133,4.760000000000001,4867.416857413067,23.1689042412862,76.45738399624446,75.6964737856468,0.7609102105976511
tx,run_00003,-141.92000000000002,7.2418891926620725,4.760000000000001,4802.026020560662,22.85764385786875,75.43022473096687,75.6964737856468,-0.2662490546799269
tx,run_00003,-137.16,7.453601910209788,4.760000000000001,4844.710210421476,23.060820601606228,76.10070798530055,75.6964737856468,0.40423419965374413
tx,run_00003,-132.4,5.601708805265823,4.760000000000001,4701.459374071168,22.378946620578763,73.85052384790991,75.6964737856468,-1.8459499377368902
tx,run_00003,-127.64,10.801757039289146,4.760000000000001,4951.537168405469,23.56931692161003,77.7787458413131,75.6964737856468,2.082272055666297
tx,run_00003,-122.88,8.601834209464347,4.760000000000001,4880.813184640935,23.23267075889085,76.6678135043398,75.6964737856468,0.971339718693002
tx,run_00003,-118.12,8.76221399437143,4.760000000000001,4853.197716313969,23.10122112965449,76.23402972785982,75.6964737856468,0.5375559422130116
tx,run_00003,-113.36,6.69240333311977,4.760000000000001,4763.303837237182,22.67332626524899,74.82197667532166,75.6964737856468,-0.8744971103251451
tx,run_00003,-108.6,7.95001236525762,4.760000000000001,4824.218248545913,22.963278863078546,75.77882024815919,75.6964737856468,0.08234646251239575
tx,run_00003,-103.84,9.0816661135419,4.760000000000001,4933.477332985245,23.483352105009764,77.49506194653222,75.6964737856468,1.7985881608854157
tx,run_00003,-99.08,6.2247648350014755,4.760000000000001,4721.335663775929,22.47355775957342,74.16274060659228,75.6964737856468,-1.5337331790545188
tx,run_00003,-94.32,7.420751456478314,4.760000000000001,4818.300066654545,22.935108317275635,75.6858574470096,75.6964737856468,-0.010616338637212407
tx,run_00003,-89.56,7.138011161916554,4.760000000000001,4796.9724427981955,22.83358882771941,75.35084313147405,75.6964737856468,-0.3456306541727535
tx,run_00003,-84.8,7.4406908081924845,4.760000000000001,4843.967199166259,23.057283868031394,76.0890367645036,75.6964737856468,0.3925629788567942
tx,run_00003,-80.04,6.702121945887436,4.760000000000001,4730.024839971949,22.51491823826648,74.29923018627937,75.6964737856468,-1.3972435993674284
tx,run_00003,-75.28,8.00230594149626,4.760000000000001,4855.693096016518,23.113099137038624,76.27322715222745,75.6964737856468,0.5767533665806525
tx,run_00003,-70.52,8.729466471035703,4.760000000000001,4838.244156481639,23.030042184852604,75.9991392100136,75.6964737856468,0.30266542436678706
tx,run_00003,-65.76,7.276521593615089,4.760000000000001,4805.791632272648,22.8755681696178,75.48937495973874,75.6964737856468,-0.20709882590806641
tx,run_00003,-61.0,8.151832238358153,4.760000000000001,4804.328845922551,22.868605306591345,75.46639751175144,75.6964737856468,-0.230076273895369
tx,run_00003,-56.239999999999995,6.600904948352616,4.760000000000001,4763.736871706515,22.67538750932301,74.82877878076593,75.6964737856468,-0.8676950048808763
tx,run_00003,-51.47999999999999,7.837673601228141,4.760000000000001,4844.353654234315,23.05912339415534,76.09510720071262,75.6964737856468,0.39863341506581196
tx,run_00003,-46.72,7.42031303228251,4.760000000000001,4786.839910439072,22.785357973689983,75.19168131317694,75.6964737856468,-0.5047924724698625
tx,run_00003,-41.96000000000001,6.776823480935569,4.760000000000001,4774.4960462652525,22.726601180222602,74.99778389473458,75.6964737856468,-0.698689890912221
tx,run_00003,-37.19999999999999,8.648327962940805,4.760000000000001,4832.31768557011,23.001832183313724,75.90604620493528,75.6964737856468,0.20957241928848092
tx,run_00003,-32.44,9.453897479725411,4.760000000000001,4871.412219778972,23.187922166147906,76.52014314828808,75.6964737856468,0.8236693626412843
tx,run_00003,-27.680000000000007,8.177680379929765,4.760000000000001,4820.902471843122,22.947495765973258,75.72673602771175,75.6964737856468,0.0302622420649449
tx,run_00004,-180.0,8.271620670234887,4.760000000000001,4856.863312273076,23.11866936641984,76.29160890918547,75.99860659386182,0.2930023153236437
tx,run_00004,-175.24,6.366612691363757,4.760000000000001,4767.568337539658,22.69362528668877,74.88896344607294,75.99860659386182,-1.1096431477888855
tx,run_00004,-170.48,8.156687777593342,4.760000000000001,4815.175041440255,22.920233197255616,75.63676955094353,75.99860659386182,-0.36183704291829843
tx,run_00004,-165.72,7.16365232309416,4.760000000000001,4803.633334045167,22.865294670054997,75.45547241118149,75.99860659386182,-0.5431341826803414
tx,run_00004,-160.96,8.40119061098267,4.760000000000001,4859.280563761926,23.13017548350677,76.32957909557233,75.99860659386182,0.33097250171050446
tx,run_00004,-156.2,7.047821195746519,4.760000000000001,4801.010703885885,22.85281095049681,75.41427613663947,75.99860659386182,-0.584330457222358
tx,run_00004,-151.44,7.141836886505747,4.760000000000001,4771.52819027723,22.712474185719614,74.95116481287472,75.99860659386182,-1.0474417809871042
tx,run_00004,-146.68,9.073374419990891,4.760000000000001,4858.773227301582,23.12776056195553,76.32160985445324,75.99860659386182,0.32300326059141643
tx,run_00004,-141.92000000000002,10.514754162460111,4.760000000000001,4991.029696237927,23.757301354092533,78.39909446850535,75.99860659386182,2.400487874643528
tx,run_00004,-137.16,7.457956738126774,4.760000000000001,4826.59713324483,22.97460235424539,75.81618776900979,75.99860659386182,-0.18241882485204
tx,run_00004,-132.4,8.203865960434495,4.760000000000001,4840.005830544094,23.038427753389886,76.02681158618662,75.99860659386182,0.028204992324792854
tx,run_00004,-127.64,7.3045904759398335,4.760000000000001,4808.896538643434,22.890347523942744,75.53814682901105,75.99860659386182,-0.460459764850777
tx,run_00004,-122.88,8.193138070349955,4.760000000000001,4867.454746254393,23.16908459217091,76.45797915416401,75.99860659386182,0.45937256030217594
tx,run_00004,-118.12,7.751411879688697,4.760000000000001,4788.147793930411,22.791583499108757,75.21222554705889,75.99860659386182,-0.7863810468029324
tx,run_00004,-113.36,7.678576046557702,4.760000000000001,4830.339367847957,22.992415390956275,75.8749707901557,75.99860659386182,-0.12363580370612438
tx,run_00004,-108.6,9.190883020347352,4.760000000000001,4869.122843801783,23.177024736496488,76.4841816304384,75.99860659386182,0.48557503657657963
tx,run_00004,-103.84,9.74411133293402,4.760000000000001,4942.40664188194,23.525855615358036,77.63532353068152,75.99860659386182,1.6367169368196892
tx,run_00004,-99.08,6.132496532050426,4.760000000000001,4735.2702575057265,22.539886425727257,74.38162520489995,75.99860659386182,-1.6169813889618825
tx,run_00004,-94.32,7.846662779991291,4.760000000000001,4849.649762624418,23.08433287009223,76.17829847130436,75.99860659386182,0.17969187744252543
tx,run_00004,-89.56,9.718268846521694,4.760000000000001,4901.451193379415,23.33090768048601,76.99199534560383,75.99860659386182,0.9933887517420036
tx,run_00004,-84.8,5.390422013343312,4.760000000000001,4715.075906177988,22.443761313407226,74.06441233424384,75.99860659386182,-1.9341942596179857
tx,run_00004,-80.04,9.379369621619256,4.760000000000001,4887.111558373899,23.26265101785976,76.7667483589372,75.99860659386182,0.7681417650753765
tx,run_00004,-75.28,8.913031515497996,4.760000000000001,4886.043653474812,23.257567790540108,76.74997370878235,75.99860659386182,0.7513671149205251
tx,run_00004,-70.52,8.176662672128549,4.760000000000001,4856.061574529645,23.11485309476111,76.27901521271166,75.99860659386182,0.2804086188498296
tx,run_00004,-65.76,6.313806575662772,4.760000000000001,4726.585530496603,22.498547125163828,74.24520551304063,75.99860659386182,-1.7534010808211984
tx,run_00004,-61.0,9.140315785922844,4.760000000000001,4903.063416659068,23.338581863297165,77.01732014888064,75.99860659386182,1.018713555018813
tx,run_00004,-56.239999999999995,8.810467618385937,4.760000000000001,4886.376846124224,23.25915378755131,76.75520749891932,75.99860659386182,0.7566009050574887
tx,run_00004,-51.47999999999999,6.947961438727027,4.760000000000001,4817.96535233399,22.933515077109792,75.6805997544623,75.99860659386182,-0.31800683939951674
tx,run_00004,-46.72,8.241205833389962,4.760000000000001,4845.240270363404,23.063343686929805,76.10903416686835,75.99860659386182,0.1104275730065261
tx,run_00004,-41.96000000000001,8.60147113698893,4.760000000000001,4823.281507371843,22.95881997508997,75.7641059177969,75.99860659386182,-0.23450067606493086
tx,run_00004,-37.19999999999999,8.248060219284003,4.760000000000001,4846.593017695067,23.069782764228517,76.13028312195411,75.99860659386182,0.13167652809227484
tx,run_00004,-32.44,8.759363615696437,4.760000000000001,4892.005607743439,23.285946692858772,76.84362408643395,75.99860659386182,0.8450174925721171
tx,run_00004,-27.680000000000007,8.172676809011167,4.760000000000001,4838.220033089725,23.02992735750709,75.99876027977339,75.99860659386182,0.00015368591157027822
tx,run_00005,-180.0,7.084250425674898,4.760000000000001,4828.162972772666,22.98205575039789,75.84078397631303,75.80381805339054,0.03696592292249505
tx,run_00005,-175.24,6.020460806835,4.760000000000001,4723.437496422386,22.48356248297056,74.19575619380284,75.80381805339054,-1.6080618595876994
tx,run_00005,-170.48,7.942660635338894,4.760000000000001,4823.712981065174,22.960873789870227,75.77088350657175,75.80381805339054,-0.032934546818793105
tx,run_00005,-165.72,7.7445161613604965,4.760000000000001,4844.11684250363,23.057996170317278,76.09138736204702,75.80381805339054,0.2875693086564734
tx,run_00005,-160.96,8.437889654035363,4.760000000000001,4882.163782373642,23.239099604098538,76.68902869352517,75.80381805339054,0.8852106401346315
tx,run_00005,-156.2,6.8020313793132825,4.760000000000001,4780.842501813093,22.75681030863032,75.09747401848006,75.80381805339054,-0.7063440349104837
tx,run_00005,-151.44,9.821392281456891,4.760000000000001,4954.410088360333,23.582992020595185,77.82387366796411,75.80381805339054,2.0200556145735673
tx,run_00005,-146.68,10.204584322322951,4.760000000000001,4918.987800801097,23.414381931813224,77.26746037498364,75.80381805339054,1.4636423215930974
tx,run_00005,-141.92000000000002,7.00246447090438,4.760000000000001,4811.814914619741,22.904238993589967,75.5839886788469,75.80381805339054,-0.21982937454365192
tx,run_00005,-137.16,8.73769605995939,4.760000000000001,4847.376348870252,23.0735114206224,76.14258768805391,75.80381805339054,0.3387696346633735
tx,run_00005,-132.4,9.250638348760898,4.760000000000001,4909.911206241487,23.371177341709476,77.12488522764127,75.80381805339054,1.3210671742507278
tx,run_00005,-127.64,8.22436300842301,4.760000000000001,4871.348620820694,23.1876194351065,76.51914413585145,75.80381805339054,0.7153260824609123
tx,run_00005,-122.88,5.785671423981219,4.760000000000001,4709.901756229681,22.419132359653283,73.98313678685582,75.80381805339054,-1.8206812665347107
tx,run_00005,-118.12,7.370986773740172,4.760000000000001,4787.637753440167,22.789155706375194,75.20421383103813,75.80381805339054,-0.5996042223524032
tx,run_00005,-113.36,7.3690013583509355,4.760000000000001,4820.222387080883,22.944258562505002,75.7160532562665,75.80381805339054,-0.08776479712403606
tx,run_00005,-108.6,7.424520625533141,4.760000000000001,4822.815166348698,22.956600191819803,75.75678063300535,75.80381805339054,-0.04703742038519465
tx,run_00005,-103.84,9.123252197340358,4.760000000000001,4883.685335110727,23.246342195127056,76.71292924391928,75.80381805339054,0.9091111905287419
tx,run_00005,-99.08,7.986204546868124,4.760000000000001,4855.33556676471,23.11139729780002,76.26761108274006,75.80381805339054,0.46379302934952693
tx,run_00005,-94.32,7.20240740319974,4.760000000000001,4824.960671098878,22.966812794430663,75.79048222162118,75.80381805339054,-0.013335831769356687
tx,run_00005,-89.56,5.727109559628023,4.760000000000001,4718.371898863373,22.459450238589653,74.11618578734586,75.80381805339054,-1.6876322660446874
tx,run_00005,-84.8,8.27514071773495,4.760000000000001,4833.71189294668,23.008468610426196,75.92794641440643,75.80381805339054,0.12412836101590194
tx,run_00005,-80.04,9.220238650390082,4.760000000000001,4880.798226125134,23.232599556355634,76.66757853597359,75.80381805339054,0.8637604825830489
tx,run_00005,-75.28,6.905254573013857,4.760000000000001,4820.867516486411,22.947329378475313,75.72618694896853,75.80381805339054,-0.07763110442200975
tx,run_00005,-70.52,6.173928429751303,4.760000000000001,4746.17823548562,22.59180840091155,74.55296772300811,75.80381805339054,-1.2508503303824294
tx,run_00005,-65.76,8.829272834531242,4.760000000000001,4847.373766183248,23.073499127032264,76.14254711920647,75.80381805339054,0.33872906581592727
tx,run_00005,-61.0,10.67947699652339,4.760000000000001,4928.159894406237,23.458041097373687,77.41153562133316,75.80381805339054,1.6077175679426254
tx,run_00005,-56.239999999999995,5.993029771309433,4.760000000000001,4746.245466014148,22.592128418227347,74.55402378015025,75.80381805339054,-1.249794273240299
tx,run_00005,-51.47999999999999,7.43645925242539,4.760000000000001,4826.4741541104895,22.974016973565927,75.81425601276756,75.80381805339054,0.010437959377016526
tx,run_00005,-46.72,7.179858310550546,4.760000000000001,4759.814217279371,22.65671567424981,74.76716172502437,75.80381805339054,-1.0366563283661705
tx,run_00005,-41.96000000000001,7.33448655188046,4.760000000000001,4830.245093767006,22.99196664633095,75.87348993289214,75.80381805339054,0.06967187950159541
tx,run_00005,-37.19999999999999,6.0540865353007,4.760000000000001,4751.151589274016,22.615481564944318,74.63108916431625,75.80381805339054,-1.172728889074294
tx,run_00005,-32.44,7.099756744879657,4.760000000000001,4801.852762316309,22.85681914862563,75.42750319046458,75.80381805339054,-0.37631486292596783
tx,run_00005,-27.680000000000007,9.278420570687938,4.760000000000001,4877.564348294163,23.217206297880214,76.6167807830047,75.80381805339054,0.8129627296141624
rx,run_00001,-180.0,4.700179252240509,4.760000000000001,7416.252213422421,35.30136053589072,116.49448976843938,116.57484142412058,-0.08035165568120134
rx,run_00001,-175.24,4.812184658849546,4.760000000000001,7429.4405645510205,35.36413708726286,116.70165238796744,116.57484142412058,0.1268109638468559
rx,run_00001,-170.48,4.050389754478057,4.760000000000001,7385.668572372481,35.15578240449301,116.01408193482693,116.57484142412058,-0.5607594892936533
rx,run_00001,-165.72,4.9282216647624875,4.760000000000001,7442.497565940448,35.426288413876534,116.90675176579256,116.57484142412058,0.33191034167197697
rx,run_00001,-160.96,4.717891922452027,4.760000000000001,7421.264352326926,35.32521831707617,116.57322044635136,116.57484142412058,-0.0016209777692218095
rx,run_00001,-156.2,4.522320299303408,4.760000000000001,7404.833666276391,35.24700825147562,116.31512722986955,116.57484142412058,-0.2597141942510404
rx,run_00001,-151.44,4.1056802172476266,4.760000000000001,7376.043905916399,35.10996899216206,115.86289767413479,116.57484142412058,-0.7119437499857901
rx,run_00001,-146.68,4.802840105714954,4.760000000000001,7433.19663894931,35.38201600139872,116.76065280461576,116.57484142412058,0.185811380495182
rx,run_00001,-141.92000000000002,4.767187208994398,4.760000000000001,7427.049669026032,35.35275642456391,116.66409620106089,116.57484142412058,0.0892547769403066
rx,run_00001,-137.16,4.211217214165399,4.760000000000001,7383.895063534563,35.14734050242452,115.98622365800091,116.57484142412058,-0.5886177661196719
rx,run_00001,-132.4,4.698674969651266,4.760000000000001,7422.026193707855,35.328844682049386,116.58518745076297,116.57484142412058,0.010346026642387329
rx,run_00001,-127.64,4.768682431149131,4.760000000000001,7424.494308151349,35.340592906800424,116.62395659244139,116.57484142412058,0.04911516832081304
rx,run_00001,-122.88,4.6238511358295575,4.760000000000001,7413.006107090849,35.28590906975244,116.44349993018305,116.57484142412058,-0.13134149393752706
rx,run_00001,-118.12,3.9803432634161453,4.760000000000001,7370.615539271803,35.08412996693378,115.77762889088147,116.57484142412058,-0.7972125332391122
rx,run_00001,-113.36,4.904387320718873,4.760000000000001,7439.092118939335,35.410078486151235,116.85325900429908,116.57484142412058,0.2784175801784897
rx,run_00001,-108.6,4.734238655939715,4.760000000000001,7428.167151560478,35.358075641427874,116.68164961671198,116.57484142412058,0.10680819259139723
rx,run_00001,-103.84,4.741584087369471,4.760000000000001,7424.6593059353445,35.34137829625224,116.62654837763237,116.57484142412058,0.05170695351179759
rx,run_00001,-99.08,4.1233441005040845,4.760000000000001,7376.79558667607,35.113546992578094,115.8747050755077,116.57484142412058,-0.7001363486128767
rx,run_00001,-94.32,4.838794087643869,4.760000000000001,7431.42370691522,35.37357684491645,116.73280358822427,116.57484142412058,0.15796216410369723
rx,run_00001,-89.56,4.805454890470469,4.760000000000001,7438.467588758717,35.407105722491494,116.84344888422193,116.57484142412058,0.26860746010134307
rx,run_00001,-84.8,4.223312458573169,4.760000000000001,7398.37416989804,35.21626104871467,116.2136614607584,116.57484142412058,-0.36117996336217284
rx,run_00001,-80.04,4.799803313798183,4.760000000000001,7433.7559902975045,35.38467851381612,116.76943909559319,116.57484142412058,0.1945976714726079
rx,run_00001,-75.28,4.774860558457798,4.760000000000001,7434.347309888558,35.38749319506953,116.77872754372945,116.57484142412058,0.20388611960886677
rx,run_00001,-70.52,5.006358633753548,4.760000000000001,7455.324840648699,35.487346241487806,117.10824259690976,116.57484142412058,0.5334011727891742
rx,run_00001,-65.76,4.094414253058041,4.760000000000001,7397.931342627631,35.214153190907524,116.20670552999482,116.57484142412058,-0.3681358941257571
rx,run_00001,-61.0,4.8495686975003665,4.760000000000001,7437.018690831477,35.40020896835783,116.82068959558083,116.57484142412058,0.24584817146025414
rx,run_00001,-56.239999999999995,5.016239396897726,4.760000000000001,7459.735676818995,35.50834182165842,117.17752801147277,116.57484142412058,0.602686587352197
rx,run_00001,-51.47999999999999,4.943082236529955,4.760000000000001,7441.367748678014,35.420910483707345,116.88900459623423,116.57484142412058,0.31416317211365336
rx,run_00001,-46.72,4.55732642039119,4.760000000000001,7426.547719363378,35.350367144169674,116.65621157575991,116.57484142412058,0.08137015163933725
rx,run_00001,-41.96000000000001,4.940194593304362,4.760000000000001,7449.791413208575,35.46100712687282,117.0213235186803,116.57484142412058,0.44648209455972604
rx,run_00001,-37.19999999999999,4.943610529557587,4.760000000000001,7443.005188662326,35.428704698032675,116.91472550350782,116.57484142412058,0.3398840793872409
rx,run_00001,-32.44,4.290429837497689,4.760000000000001,7395.087338582387,35.20061573165216,116.16203191445211,116.57484142412058,-0.4128095096684696
rx,run_00001,-27.680000000000007,4.7919034534720115,4.760000000000001,7431.0795512287195,35.3719386638487,116.72739759070072,116.57484142412058,0.15255616658013124
rx,run_00002,-180.0,4.904509636584768,4.760000000000001,7435.697453732831,35.39391987976827,116.79993560323528,116.70736157697019,0.09257402626509119
rx,run_00002,-175.24,4.936347687473179,4.760000000000001,7444.721267389948,35.43687323277615,116.9416816681613,116.70736157697019,0.23432009119109976
rx,run_00002,-170.48,4.26152961070293,4.760000000000001,7396.845162793168,35.208982974895484,116.18964381715509,116.70736157697019,-0.5177177598150997
rx,run_00002,-165.72,4.936026042048043,4.760000000000001,7442.814922433766,35.427799030784726,116.91173680158958,116.70736157697019,0.20437522461939892
rx,run_00002,-160.96,5.073346378768911,4.760000000000001,7450.701686595852,35.46534002819626,117.03562209304765,116.70736157697019,0.3282605160774572
rx,run_00002,-156.2,4.682024014650963,4.760000000000001,7422.101393812967,35.32920263454972,116.58636869401408,116.70736157697019,-0.12099288295611003
rx,run_00002,-151.44,4.4402911223086114,4.760000000000001,7410.582577780122,35.27437307023338,116.40543113177014,116.70736157697019,-0.3019304452000412
rx,run_00002,-146.68,5.035884280989997,4.760000000000001,7443.873643772162,35.43283854435549,116.92836719637312,116.70736157697019,0.22100561940292207
rx,run_00002,-141.92000000000002,4.852429159422426,4.760000000000001,7435.6868272315605,35.39386929762223,116.79976868215336,116.70736157697019,0.09240710518316603
rx,run_00002,-137.16,4.2501414286652555,4.760000000000001,7394.697311046888,35.19875920058319,116.15590536192452,116.70736157697019,-0.5514562150456704
rx,run_00002,-132.4,5.122673028353821,4.760000000000001,7446.653546333571,35.4460708805478,116.97203390580773,116.70736157697019,0.26467232883754477
rx,run_00002,-127.64,4.920908990288269,4.760000000000001,7445.722530193293,35.441639243720076,116.95740950427624,116.70736157697019,0.250047927306052
rx,run_00002,-122.88,5.137333573605548,4.760000000000001,7457.894710358101,35.49957882130456,117.14861011030504,116.70736157697019,0.4412485333348506
rx,run_00002,-118.12,4.218648022766508,4.760000000000001,7394.017169906505,35.19552172875497,116.14522170489138,116.70736157697019,-0.5621398720788008
rx,run_00002,-113.36,4.917695519898538,4.760000000000001,7451.9472070998545,35.47126870579531,117.05518672912451,116.70736157697019,0.3478251521543271
rx,run_00002,-108.6,5.083544257120969,4.760000000000001,7456.453637412055,35.492719314081384,117.12597373646857,116.70736157697019,0.4186121594983703
rx,run_00002,-103.84,4.829838784714994,4.760000000000001,7443.804848823439,35.43251108039957,116.92728656531858,116.70736157697019,0.21992498834838797
rx,run_00002,-99.08,4.6680310557092275,4.760000000000001,7427.0690300837605,35.3528485831987,116.6644003245557,116.70736157697019,-0.042961252414487915
rx,run_00002,-94.32,5.003061180105465,4.760000000000001,7450.6714931339975,35.46519630731783,117.03514781414884,116.70736157697019,0.327786237178649
rx,run_00002,-89.56,5.056835163547026,4.760000000000001,7445.1146226398305,35.4387456037656,116.94786049242646,116.70736157697019,0.24049891545627133
rx,run_00002,-84.8,4.15759551571927,4.760000000000001,7395.801615832369,35.20401569136207,116.17325178149484,116.70736157697019,-0.534109795475355
rx,run_00002,-80.04,4.9711290400894415,4.760000000000001,7447.978393308524,35.45237715214857,116.99284460209027,116.70736157697019,0.285483025120088
rx,run_00002,-75.28,4.79249482106297,4.760000000000001,7428.278069133325,35.35860360907463,116.68339190994627,116.70736157697019,-0.023969667023926177
rx,run_00002,-70.52,4.904984263961836,4.760000000000001,7440.7360146895535,35.417903429922276,116.8790813187435,116.70736157697019,0.17171974177331462
rx,run_00002,-65.76,4.233874148218662,4.760000000000001,7397.913179547081,35.214066734644106,116.20642022432554,116.70736157697019,-0.5009413526446466
rx,run_00002,-61.0,4.925602001311466,4.760000000000001,7437.696391647978,35.40343482424438,116.83133492000644,116.70736157697019,0.1239733430362513
rx,run_00002,-56.239999999999995,4.886762118548209,4.760000000000001,7444.022335755669,35.43354631819698,116.93070285005004,116.70736157697019,0.2233412730798413
rx,run_00002,-51.47999999999999,4.62094188695244,4.760000000000001,7429.7448036096675,35.36558526518202,116.70643137510066,116.70736157697019,-0.0009302018695322544
rx,run_00002,-46.72,4.356280944478,4.760000000000001,7399.091293037624,35.21967455485909,116.224926031035,116.70736157697019,-0.48243554593520127
rx,run_00002,-41.96000000000001,4.7491358179234755,4.760000000000001,7417.295272318444,35.3063254962358,116.51087413757813,116.70736157697019,-0.1964874393920567
rx,run_00002,-37.19999999999999,4.897201492327805,4.760000000000001,7429.747028325918,35.36559585483137,116.7064663209435,116.70736157697019,-0.0008952560266791919
rx,run_00002,-32.44,4.048635612983263,4.760000000000001,7375.060096281201,35.10528605829852,115.8474439923851,116.70736157697019,-0.8599175845850894
rx,run_00002,-27.680000000000007,4.898400856447934,4.760000000000001,7440.03495331807,35.41456637779401,116.86806904672022,116.70736157697019,0.16070746975003586
rx,run_00003,-180.0,4.273775049236631,4.760000000000001,7393.65187838127,35.193782941094845,116.13948370561299,116.55262793100998,-0.41314422539699647
rx,run_00003,-175.24,4.9553761135404635,4.760000000000001,7435.813495985831,35.394472240892554,116.80175839494542,116.55262793100998,0.2491304639354432
rx,run_00003,-170.48,5.083284292346158,4.760000000000001,7450.57759127404,35.46474933446443,117.03367280373261,116.55262793100998,0.4810448727226294
rx,run_00003,-165.72,4.810746935606132,4.760000000000001,7432.749514074955,35.37988768699679,116.7536293670894,116.55262793100998,0.2010014360794159
rx,run_00003,-160.96,4.211305030684504,4.760000000000001,7393.452383291482,35.19283334446745,116.13635003674258,116.55262793100998,-0.4162778942673938
rx,run_00003,-156.2,4.736081659388364,4.760000000000001,7423.079368855609,35.3338577957527,116.6017307259839,116.55262793100998,0.049102794973921955
rx,run_00003,-151.44,4.726865346249925,4.760000000000001,7420.979962390784,35.32386462098013,116.56875324923443,116.55262793100998,0.016125318224448647
rx,run_00003,-146.68,4.741680267366586,4.760000000000001,7423.627849670143,35.336468564429886,116.61034626261862,116.55262793100998,0.05771833160863764
rx,run_00003,-141.92000000000002,4.662077348393829,4.760000000000001,7420.449134407259,35.321337879778554,116.56041500326923,116.55262793100998,0.007787072259241512
rx,run_00003,-137.16,4.92987509604291,4.760000000000001,7443.267615683525,35.42995385065358,116.91884770715681,116.55262793100998,0.36621977614683626
rx,run_00003,-132.4,4.713212502080595,4.760000000000001,7416.426795023845,35.30219154431351,116.49723209623457,116.55262793100998,-0.05539583477540759
rx,run_00003,-127.64,4.02045743312337,4.760000000000001,7376.48477468771,35.1120675275135,115.86982284079455,116.55262793100998,-0.6828050902154267
rx,run_00003,-122.88,4.828277700170931,4.760000000000001,7428.287564211703,35.358648805647704,116.68354105863742,116.55262793100998,0.1309131276274364
rx,run_00003,-118.12,4.662641883159505,4.760000000000001,7416.133109672187,35.30079360203961,116.49261888673071,116.55262793100998,-0.0600090442792677
rx,run_00003,-113.36,4.918121708798798,4.760000000000001,7440.626516941511,35.41738222064159,116.87736132811725,116.55262793100998,0.32473339710726773
rx,run_00003,-108.6,4.21247756197935,4.760000000000001,7405.161348389081,35.24856801833202,116.32027446049567,116.55262793100998,-0.23235347051431104
rx,run_00003,-103.84,4.710558687761034,4.760000000000001,7422.305658626707,35.33017493506313,116.58957728570832,116.55262793100998,0.036949354698332826
rx,run_00003,-99.08,4.831169176657278,4.760000000000001,7428.095722865001,35.357735640837404,116.68052761476343,116.55262793100998,0.12789968375344854
rx,run_00003,-94.32,4.550342012428866,4.760000000000001,7412.768432024682,35.28477773643748,116.43976653024369,116.55262793100998,-0.11286140076629038
rx,run_00003,-89.56,4.355102837531146,4.760000000000001,7398.732590386872,35.21796713024151,116.21929152979698,116.55262793100998,-0.3333364012129976
rx,run_00003,-84.8,4.862601598862203,4.760000000000001,7444.850525521445,35.43748850148208,116.94371205489085,116.55262793100998,0.391084123880875
rx,run_00003,-80.04,4.777454086040037,4.760000000000001,7429.970898229775,35.36666147557373,116.7099828693933,116.55262793100998,0.15735493838331818
rx,run_00003,-75.28,4.028139146064779,4.760000000000001,7370.5410047095675,35.08377518241754,115.77645810197788,116.55262793100998,-0.7761698290321042
rx,run_00003,-70.52,4.872827355474294,4.760000000000001,7427.72450800816,35.35596865811885,116.6746965717922,116.55262793100998,0.12206864078221003
rx,run_00003,-65.76,4.941592241548977,4.760000000000001,7435.222353872878,35.3916584044349,116.79247273463517,116.55262793100998,0.23984480362518212
rx,run_00003,-61.0,4.899821155778827,4.760000000000001,7432.755503960849,35.37991619885364,116.75372345621702,116.55262793100998,0.20109552520703458
rx,run_00003,-56.239999999999995,4.069397271850316,4.760000000000001,7380.066444962676,35.12911627802234,115.9260837174737,116.55262793100998,-0.6265442135362725
rx,run_00003,-51.47999999999999,4.89573658778086,4.760000000000001,7430.312724516206,35.36828856869714,116.71535227670056,116.55262793100998,0.16272434569057237
rx,run_00003,-46.72,4.9136489360298645,4.760000000000001,7439.586941053211,35.41243383941329,116.86103167006385,116.55262793100998,0.30840373905386825
rx,run_00003,-41.96000000000001,4.62524704168292,4.760000000000001,7416.21496520607,35.30118323438089,116.49390467345694,116.55262793100998,-0.05872325755303791
rx,run_00003,-37.19999999999999,4.376127248999013,4.760000000000001,7404.88983185522,35.247275599630846,116.3160094787818,116.55262793100998,-0.23661845222819267
rx,run_00003,-32.44,4.964623441243189,4.760000000000001,7443.77960880363,35.43239093790528,116.92689009508743,116.55262793100998,0.37426216407744517
rx,run_00003,-27.680000000000007,4.855265924823458,4.760000000000001,7423.480067261901,35.33576512016665,116.60802489654994,116.55262793100998,0.05539696553995412
rx,run_00004,-180.0,4.919415510524789,4.760000000000001,7434.566860003707,35.38853825361765,116.78217623693823,116.62383390910597,0.15834232783225416
rx,run_00004,-175.24,4.526681907510459,4.760000000000001,7421.474378938941,35.32621804374936,116.57651954437287,116.62383390910597,-0.0473143647331014
rx,run_00004,-170.48,4.454525827138329,4.760000000000001,7414.235077761976,35.291758970147,116.46280460148509,116.62383390910597,-0.16102930762087694
rx,run_00004,-165.72,4.823675641971094,4.760000000000001,7425.824663187412,35.34692539677208,116.64485380934785,116.62383390910597,0.021019900241881117
rx,run_00004,-160.96,4.875018140216859,4.760000000000001,7431.550575332353,35.374180738582,116.73479643732058,116.62383390910597,0.11096252821461476
rx,run_00004,-156.2,4.218436496468504,4.760000000000001,7400.807099308104,35.22784179270657,116.25187791593167,116.62383390910597,-0.37195599317429706
rx,run_00004,-151.44,4.992578246544566,4.760000000000001,7446.599282404331,35.445812584244614,116.97118152800722,116.62383390910597,0.3473476189012459
rx,run_00004,-146.68,5.098214908241958,4.760000000000001,7454.5537482217815,35.48367584153568,117.09613027706773,116.62383390910597,0.4722963679617592
rx,run_00004,-141.92000000000002,5.001824528812542,4.760000000000001,7451.252740842846,35.467963046411946,117.04427805315942,116.62383390910597,0.420444144053441
rx,run_00004,-137.16,4.179997712171478,4.760000000000001,7388.156941504201,35.167627041559996,116.05316923714798,116.62383390910597,-0.5706646719579929
rx,run_00004,-132.4,4.880454357330387,4.760000000000001,7435.0206846763585,35.390698459059465,116.78930491489622,116.62383390910597,0.1654710057902541
rx,run_00004,-127.64,4.767354478554598,4.760000000000001,7427.245725477621,35.35368965327348,116.66717585580247,116.62383390910597,0.043341946696495624
rx,run_00004,-122.88,4.6086560249416895,4.760000000000001,7417.143934108199,35.305605126355026,116.50849691697158,116.62383390910597,-0.11533699213439376
rx,run_00004,-118.12,4.519255280648354,4.760000000000001,7419.203230522301,35.31540737728615,116.54084434504429,116.62383390910597,-0.08298956406168613
rx,run_00004,-113.36,4.725409153659239,4.760000000000001,7426.566138956303,35.350454821432,116.6565009107256,116.62383390910597,0.03266700161962888
rx,run_00004,-108.6,4.871599067659381,4.760000000000001,7436.34369655601,35.39699599560661,116.81008678550181,116.62383390910597,0.1862528763958309
rx,run_00004,-103.84,4.18741423316432,4.760000000000001,7396.287364378354,35.206327854440964,116.18088191965518,116.62383390910597,-0.4429519894507976
rx,run_00004,-99.08,4.882586597726883,4.760000000000001,7437.332519947548,35.401702794950324,116.82561922333606,116.62383390910597,0.20178531423009147
rx,run_00004,-94.32,4.954102175074746,4.760000000000001,7438.3755122892835,35.40666743849699,116.84200254704005,116.62383390910597,0.21816863793408314
rx,run_00004,-89.56,4.847557727535017,4.760000000000001,7435.001827628174,35.39060869951011,116.78900870838336,116.62383390910597,0.16517479927738563
rx,run_00004,-84.8,4.060647919567436,4.760000000000001,7375.82626369083,35.108933015168354,115.85947895005556,116.62383390910597,-0.7643549590504107
rx,run_00004,-80.04,4.819440531368946,4.760000000000001,7430.752639342726,35.37038256327138,116.72226245879554,116.62383390910597,0.09842854968956587
rx,run_00004,-75.28,4.768962607662466,4.760000000000001,7425.9346046307055,35.34744871804216,116.64658076953911,116.62383390910597,0.022746860433145596
rx,run_00004,-70.52,4.583804919381164,4.760000000000001,7415.844282783531,35.29941878604961,116.4880819939637,116.62383390910597,-0.13575191514227639
rx,run_00004,-65.76,4.462249008991538,4.760000000000001,7407.828365173767,35.26126301822713,116.36216796014953,116.62383390910597,-0.2616659489564398
rx,run_00004,-61.0,5.089293407703372,4.760000000000001,7456.256005842323,35.491778587809456,117.1228693397712,116.62383390910597,0.49903543066522643
rx,run_00004,-56.239999999999995,4.950428364916212,4.760000000000001,7439.661165028771,35.41278714553695,116.86219758027194,116.62383390910597,0.23836367116596546
rx,run_00004,-51.47999999999999,4.070953477698871,4.760000000000001,7379.510487883155,35.12646992232382,115.9173507436686,116.62383390910597,-0.7064831654373698
rx,run_00004,-46.72,4.879122571475101,4.760000000000001,7432.662245459005,35.37947228838487,116.75225855167005,116.62383390910597,0.12842464256408448
rx,run_00004,-41.96000000000001,4.888351081352305,4.760000000000001,7444.224337723627,35.43450784756447,116.93387589696275,116.62383390910597,0.31004198785676634
rx,run_00004,-37.19999999999999,4.909262934345286,4.760000000000001,7433.2546521034255,35.382292144012304,116.7615640752406,116.62383390910597,0.13773016613462374
rx,run_00004,-32.44,4.136576679903409,4.760000000000001,7388.884307764098,35.17108930495711,116.06459470635845,116.62383390910597,-0.5592392027475263
rx,run_00004,-27.680000000000007,4.896950936465755,4.760000000000001,7430.861981797431,35.37090303335577,116.72398001007404,116.62383390910597,0.10014610096807317
rx,run_00005,-180.0,4.039786944399015,4.760000000000001,7381.02793672673,35.133692978819234,115.94118683010346,116.61320115804065,-0.6720143279371861
rx,run_00005,-175.24,5.01539408668002,4.760000000000001,7429.045241097261,35.36225534762296,116.69544264715577,116.61320115804065,0.08224148911511975
rx,run_00005,-170.48,4.6464021324946945,4.760000000000001,7405.737838853963,35.25131211294486,116.32932997271803,116.61320115804065,-0.2838711853226215
rx,run_00005,-165.72,4.856595271330992,4.760000000000001,7433.593854347881,35.383906746695914,116.76689226409651,116.61320115804065,0.15369110605585803
rx,run_00005,-160.96,4.0856568857754,4.760000000000001,7378.467917051908,35.121507285167084,115.90097404105137,116.61320115804065,-0.7122271169892798
rx,run_00005,-156.2,5.052111137959543,4.760000000000001,7452.187788369919,35.472413872640814,117.05896577971468,116.61320115804065,0.4457646216740301
rx,run_00005,-151.44,5.023811339190253,4.760000000000001,7448.589279860163,35.45528497213437,117.00244040804343,116.61320115804065,0.3892392500027704
rx,run_00005,-146.68,4.458011110563387,4.760000000000001,7410.771468553403,35.2752721903142,116.40839822803684,116.61320115804065,-0.20480293000380526
rx,run_00005,-141.92000000000002,4.544800554883711,4.760000000000001,7409.298943854028,35.26826297274518,116.38526781005908,116.61320115804065,-0.2279333479815733
rx,run_00005,-137.16,4.594605665106442,4.760000000000001,7410.201208542019,35.27255775266001,116.39944058377804,116.61320115804065,-0.21376057426261283
rx,run_00005,-132.4,4.843320526063366,4.760000000000001,7431.8896666529945,35.37579481326826,116.74012288378525,116.61320115804065,0.12692172574459162
rx,run_00005,-127.64,4.005529256575322,4.760000000000001,7374.014730169872,35.100310115608586,115.83102338150833,116.61320115804065,-0.7821777765323226
rx,run_00005,-122.88,4.832435448601487,4.760000000000001,7427.992947100017,35.35724642819608,116.67891321304705,116.61320115804065,0.06571205500639933
rx,run_00005,-118.12,4.823839775227041,4.760000000000001,7449.474145454306,35.4594969323625,117.01633987679624,116.61320115804065,0.40313871875558643
rx,run_00005,-113.36,5.053433863380318,4.760000000000001,7454.725556727884,35.48449365002473,117.0988290450816,116.61320115804065,0.4856278870409568
rx,run_00005,-108.6,4.32011473929458,4.760000000000001,7398.871609813899,35.21862886271416,116.22147524695673,116.61320115804065,-0.3917259110839218
rx,run_00005,-103.84,4.85083078770557,4.760000000000001,7438.802204997313,35.40869849578721,116.8487050360978,116.61320115804065,0.2355038780571469
rx,run_00005,-99.08,4.955030771594299,4.760000000000001,7445.721864650416,35.44163607573598,116.95739904992872,116.61320115804065,0.34419789188807143
rx,run_00005,-94.32,4.5323777409205475,4.760000000000001,7412.759225348216,35.28473391265751,116.43962191176978,116.61320115804065,-0.1735792462708808
rx,run_00005,-89.56,4.710487946676199,4.760000000000001,7430.721181349405,35.37023282322317,116.72176831663646,116.61320115804065,0.10856715859580177
rx,run_00005,-84.8,4.85643462285755,4.760000000000001,7429.323413059892,35.36357944616508,116.69981217234476,116.61320115804065,0.0866110143041176
rx,run_00005,-80.04,4.880065107124672,4.760000000000001,7437.2603307301515,35.40135917427552,116.82448527510921,116.61320115804065,0.2112841170685577
rx,run_00005,-75.28,4.120406973366932,4.760000000000001,7396.559974205574,35.20762547721853,116.18516407482113,116.61320115804065,-0.4280370832195146
rx,run_00005,-70.52,4.944351296300166,4.760000000000001,7441.451245884326,35.4213079304094,116.89031617035101,116.61320115804065,0.2771150123103567
rx,run_00005,-65.76,5.069810565997543,4.760000000000001,7454.352877676714,35.48271969774116,117.09297500254583,116.61320115804065,0.479773844505172
rx,run_00005,-61.0,4.862892926679552,4.760000000000001,7438.341480863503,35.40650544891028,116.84146798140392,116.61320115804065,0.2282668233632691
rx,run_00005,-56.239999999999995,4.223308625312415,4.760000000000001,7382.968268739165,35.14292895919843,115.97166556535481,116.61320115804065,-0.6415355926858424
rx,run_00005,-51.47999999999999,4.932899691220915,4.760000000000001,7441.567909310678,35.42186324831883,116.89214871945212,116.61320115804065,0.2789475614114778
rx,run_00005,-46.72,4.936295415735616,4.760000000000001,7440.2695225174775,35.41568292718319,116.87175365970452,116.61320115804065,0.25855250166387334
rx,run_00005,-41.96000000000001,4.466783113932545,4.760000000000001,7409.440647637327,35.26893748275368,116.38749369308714,116.61320115804065,-0.22570746495351912
rx,run_00005,-37.19999999999999,4.493684567500717,4.760000000000001,7410.38330453796,35.27342452960069,116.40230094768226,116.61320115804065,-0.21090021035838333
rx,run_00005,-32.44,4.878852849309278,4.760000000000001,7438.129628860966,35.4054970333782,116.83814021014804,116.61320115804065,0.22493905210739198
rx,run_00005,-27.680000000000007,4.874686388922463,4.760000000000001,7431.531363327969,35.37408928944113,116.73449465515573,116.61320115804065,0.12129349711507302
