role,run_id,window_start_ms,window_end_ms,legacy_total_uJ,legacy_rectified_excess_uJ,legacy_total_nJ_per_payload_bit,baseline_mean_uA,baseline_power_mW,legacy_window_delta_signed_uJ
tx,run_00001,41.24,46.0,114.14096711764964,44.58331278058118,445.8631528033189,4824.926775636134,15.922258359599242,38.35101732595724
tx,run_00002,40.98,45.74,115.00137557377617,44.7592095445636,449.22412333506315,4844.311932281393,15.986229376528597,38.906923741500066
tx,run_00003,26.11,30.87,112.66029632587045,43.26811155362134,440.07928252293146,4818.975922182761,15.90262054320311,36.96382254022364
tx,run_00004,39.54,44.3,115.53743467272211,46.135168090952774,451.31810419032075,4838.2102491636,15.966093822239879,39.53882807886028
tx,run_00005,25.64,30.4,113.72396506704037,44.260261357309865,444.2342385431264,4825.80965453212,15.925171859955993,37.92014701364982
rx,run_00001,0.0,4.76,117.00361781803377,4.956668869831705,457.04538210169443,7421.367546735459,24.490512904227014,0.4287763939131928
rx,run_00002,0.0,4.76,116.72865838501072,4.848077308606389,455.9713218164481,7429.804021961433,24.518353272472726,0.02129680804052185
rx,run_00003,0.0,4.76,116.66666916842635,4.784597400084552,455.7291764391654,7419.953395149604,24.48584620399369,0.11404123741637733
rx,run_00004,0.0,4.76,116.92881558986359,4.910195364125595,456.75318589790464,7424.486497905906,24.500805443089487,0.30498168075762916
rx,run_00005,0.0,4.76,116.75962489179484,4.935502279237666,456.0922847335736,7423.809597532509,24.498571671857277,0.14642373375418102
