role,run_id,window_start_ms,window_end_ms,host_callback_finished_ms,host_callback_within_window,baseline_mean_uA,duration_ms,mean_current_uA,charge_uC,energy_total_uJ,baseline_energy_uJ,energy_delta_signed_uJ
tx,run_00001,0,100,125.0722,False,4824.926775636134,100.0,4946.328894101575,494.6328894101576,1632.28853505352,1592.2258359599243,40.06269909359573
tx,run_00001,0,150,125.0722,True,4824.926775636134,150.0,4915.995324932795,737.3992987399192,2433.417685841733,2388.338753939886,45.078931901847284
tx,run_00001,0,200,125.0722,True,4824.926775636134,200.0,4894.367559917119,978.8735119834238,3230.2825895452984,3184.4516719198486,45.830917625449864
tx,run_00001,0,300,125.0722,True,4824.926775636134,300.0,4878.781583097768,1463.6344749293303,4829.993767266789,4776.677507879772,53.31625938701757
tx,run_00001,0,500,125.0722,True,4824.926775636134,500.0,4863.371382902748,2431.685691451374,8024.562781789535,7961.129179799621,63.4336019899134
tx,run_00002,0,100,123.4466,False,4844.311932281393,100.0,4950.496839907786,495.04968399077865,1633.6639571695694,1598.6229376528597,35.04101951670982
tx,run_00002,0,150,123.4466,True,4844.311932281393,150.0,4912.149521479724,736.8224282219586,2431.5140131324633,2397.9344064792895,33.57960665317391
tx,run_00002,0,200,123.4466,True,4844.311932281393,200.0,4901.954265106667,980.3908530213333,3235.2898149703997,3197.2458753057194,38.04393966468056
tx,run_00002,0,300,123.4466,True,4844.311932281393,300.0,4878.490742167914,1463.5472226503741,4829.705834746234,4795.868812958579,33.83702178765566
tx,run_00002,0,500,123.4466,True,4844.311932281393,500.0,4863.579750169464,2431.789875084732,8024.906587779616,7993.114688264298,31.791899515317937
tx,run_00003,0,100,119.1773,False,4818.975922182761,100.0,4953.79359328575,495.379359328575,1634.7518857842974,1590.262054320311,44.48983146398638
tx,run_00003,0,150,119.1773,True,4818.975922182761,150.0,4902.905219083354,735.4357828625031,2426.93808344626,2385.393081480466,41.545001965793745
tx,run_00003,0,200,119.1773,True,4818.975922182761,200.0,4893.9902021075,978.7980404215001,3230.03353339095,3180.524108640622,49.50942475032816
tx,run_00003,0,300,119.1773,True,4818.975922182761,300.0,4873.059659488477,1461.9178978465432,4824.329062893592,4770.786162960932,53.5428999326597
tx,run_00003,0,500,119.1773,True,4818.975922182761,500.0,4858.372872820856,2429.186436410428,8016.315240154412,7951.310271601555,65.00496855285742
tx,run_00004,0,100,123.2301,False,4838.2102491636,100.0,4953.2989359180165,495.3298935918017,1634.5886488529454,1596.609382223988,37.979266628957625
tx,run_00004,0,150,123.2301,True,4838.2102491636,150.0,4907.762477671832,736.1643716507748,2429.3424264475566,2394.914073335982,34.42835311157507
tx,run_00004,0,200,123.2301,True,4838.2102491636,200.0,4889.722641263812,977.9445282527624,3227.2169432341157,3193.218764447976,33.99817878614012
tx,run_00004,0,300,123.2301,True,4838.2102491636,300.0,4874.825452472082,1462.447635741625,4826.077197947362,4789.828146671964,36.24905127539878
tx,run_00004,0,500,123.2301,True,4838.2102491636,500.0,4864.642921482507,2432.3214607412533,8026.660820446135,7983.046911119939,43.61390932619647
tx,run_00005,0,100,114.6848,False,4825.80965453212,100.0,4947.680752200377,494.76807522003776,1632.7346482261246,1592.5171859955994,40.217462230524994
tx,run_00005,0,150,114.6848,True,4825.80965453212,150.0,4912.776500091526,736.9164750137289,2431.8243675453054,2388.775778993399,43.04858855190642
tx,run_00005,0,200,114.6848,True,4825.80965453212,200.0,4894.32938160969,978.865876321938,3230.2573918623953,3185.034371991199,45.22301987119619
tx,run_00005,0,300,114.6848,True,4825.80965453212,300.0,4876.250186146014,1462.8750558438041,4827.487684284553,4777.551557986798,49.936126297755614
tx,run_00005,0,500,114.6848,True,4825.80965453212,500.0,4867.297992460133,2433.6489962300666,8031.041687559219,7962.585929977997,68.45575758122244
rx,run_00001,0,100,124.9599,False,7421.367546735459,100.0,7435.104401534727,743.5104401534727,2453.58445250646,2449.0512904227016,4.533162083758225
rx,run_00001,0,150,124.9599,True,7421.367546735459,150.0,7427.572459232818,1114.1358688849227,3676.6483673202447,3673.5769356340516,3.071431686193227
rx,run_00001,0,200,124.9599,True,7421.367546735459,200.0,7426.554716083692,1485.3109432167385,4901.526112615236,4898.102580845403,3.4235317698335166
rx,run_00001,0,300,124.9599,True,7421.367546735459,300.0,7424.084352410736,2227.2253057232206,7349.843508886627,7347.153871268103,2.68963761852433
rx,run_00001,0,500,124.9599,True,7421.367546735459,500.0,7421.574771342221,3710.7873856711103,12245.598372714663,12245.256452113506,0.3419206011571077
rx,run_00002,0,100,123.4334,False,7429.804021961433,100.0,7427.122456961741,742.712245696174,2450.950410797374,2451.8353272472727,-0.8849164498988102
rx,run_00002,0,150,123.4334,True,7429.804021961433,150.0,7421.815449826849,1113.2723174740272,3673.7986476642895,3677.752990870909,-3.954343206619478
rx,run_00002,0,200,123.4334,True,7429.804021961433,200.0,7418.621647746551,1483.7243295493101,4896.290287512723,4903.6706544945455,-7.380366981822704
rx,run_00002,0,300,123.4334,True,7429.804021961433,300.0,7420.5309050702,2226.15927152106,7346.325596019497,7355.505981741818,-9.180385722320624
rx,run_00002,0,500,123.4334,True,7429.804021961433,500.0,7419.59532950718,3709.79766475359,12242.332293686846,12259.176636236363,-16.844342549517023
rx,run_00003,0,100,119.1655,False,7419.953395149604,100.0,7425.905471753496,742.5905471753496,2450.5488056786535,2448.5846203993697,1.964185279283913
rx,run_00003,0,150,119.1655,True,7419.953395149604,150.0,7426.160762210335,1113.92411433155,3675.949577294115,3672.8769305990536,3.0726466950614846
rx,run_00003,0,200,119.1655,True,7419.953395149604,200.0,7426.534984872394,1485.3069969744786,4901.513090015779,4897.169240798739,4.343849217039974
rx,run_00003,0,300,119.1655,True,7419.953395149604,300.0,7422.99138438526,2226.897415315578,7348.761470541408,7345.753861198107,3.007609343300555
rx,run_00003,0,500,119.1655,True,7419.953395149604,500.0,7423.137399849164,3711.568699924582,12248.176709751118,12242.923101996847,5.253607754273025
rx,run_00004,0,100,123.1457,False,7424.486497905906,100.0,7411.193375281633,741.1193375281633,2445.6938138429387,2450.080544308949,-4.386730466009976
rx,run_00004,0,150,123.1457,True,7424.486497905906,150.0,7413.155067097726,1111.973260064659,3669.5117582133744,3675.1208164634227,-5.609058250048451
rx,run_00004,0,200,123.1457,True,7424.486497905906,200.0,7415.930801654788,1483.1861603309578,4894.514329092161,4900.161088617898,-5.6467595257371155
rx,run_00004,0,300,123.1457,True,7424.486497905906,300.0,7414.020603544343,2224.206181063303,7339.8803975088995,7350.241632926845,-10.361235417945453
rx,run_00004,0,500,123.1457,True,7424.486497905906,500.0,7416.337381473729,3708.1686907368644,12236.956679431652,12250.402721544744,-13.446042113091925
rx,run_00005,0,100,114.645,False,7423.809597532509,100.0,7410.037699376251,741.0037699376251,2445.3124407941627,2449.8571671857276,-4.544726391565132
rx,run_00005,0,150,114.645,True,7423.809597532509,150.0,7413.006939554224,1111.9510409331338,3669.438435079341,3674.7857507785916,-5.347315699250384
rx,run_00005,0,200,114.645,True,7423.809597532509,200.0,7415.725616622569,1483.1451233245136,4894.378906970895,4899.714334371455,-5.3354274005607065
rx,run_00005,0,300,114.645,True,7423.809597532509,300.0,7417.312349374281,2225.1937048122845,7343.139225880538,7349.571501557183,-6.432275676644622
rx,run_00005,0,500,114.645,True,7423.809597532509,500.0,7419.13816464834,3709.56908232417,12241.57797166976,12249.285835928638,-7.707864258878862
