role,run_id,samples,marker_index,logic_values,voltage_v_assumed_constant,source_loss_estimate_percent,pre_mean_uA_minus100_minus20ms,post_mean_uA_200_500ms,post_minus_pre_uA,counter_transition_anomalies,phase_disagreements_after_sample1000
tx,run_00001,97280,21504,[255],3.3,0.0,4821.35647826797,4842.707264893167,21.350786625197543,154,76
tx,run_00002,96256,20480,[255],3.3,0.0,4848.422674296576,4837.996740211329,-10.425934085246809,135,67
tx,run_00003,97280,22528,[255],3.3,0.2542859486506439,4808.857511864205,4834.62798662976,25.770474765555264,136,67
tx,run_00004,97280,21504,[255],3.3,0.0,4835.952902495645,4847.923108294971,11.970205799326322,132,65
tx,run_00005,98304,22528,[255],3.3,0.0,4817.339165163776,4849.277066360428,31.937901196652092,159,78
rx,run_00001,96256,20480,[255],3.3,0.0,7428.269283144584,7418.254808181239,-10.014474963344583,0,0
rx,run_00002,96256,20480,[255],3.3,0.0,7425.086803519235,7420.244450680933,-4.842352838301849,0,0
rx,run_00003,97280,21504,[255],3.3,0.0,7419.710908243427,7420.872343167009,1.1614349235815098,0,0
rx,run_00004,97280,21504,[255],3.3,0.0,7422.58265656317,7416.6084346863545,-5.974221876815136,0,0
rx,run_00005,97280,21504,[255],3.3,0.0,7428.051961829497,7421.41319666552,-6.638765163976132,0,0
