run_id,role,profile_id,payload_bytes,content_bytes,bit_rate_kbps,chip_drive_dbm,frequency_mhz,modulation,voltage_mv,tx_ok,rx_exact_count,method,window_start_sample,window_stop_sample,duration_ms,mean_current_uA,baseline_median_uA,threshold_uA,charge_total_uC,energy_total_uJ,energy_excess_uJ,signed_energy_diagnostic_uJ,legacy_minus_signed_energy_uJ
run_00001,tx,RADIO_EBYTE_E07_400M10S,32,30,250,10,433.92,GFSK,3300,True,1,threshold_events,22990,23297,3.07,17244.080527468446,1748.7519107336539,2248.751910733654,52.939327219328156,174.6997798237829,157.09838831797347,174.69977982378285,5.684341886080802e-14
run_00001,rx,RADIO_EBYTE_E07_400M10S,32,30,250,10,433.92,GFSK,3300,True,1,fixed_modeled_airtime,22016,22460,4.44,18001.78849023883,17962.436731909373,19652.46422861422,79.92794089666059,263.7622049589799,1.561743732244605,263.76220495897934,5.684341886080801e-13
run_00002,tx,RADIO_EBYTE_E07_400M10S,32,30,250,10,433.92,GFSK,3300,True,1,threshold_events,22806,23110,3.04,17316.784651716272,1748.7519107336539,2248.751910733654,52.643025341217424,173.72198362601748,156.3486988748869,173.72198362601765,-1.7053025658242404e-13
run_00002,rx,RADIO_EBYTE_E07_400M10S,32,30,250,10,433.92,GFSK,3300,True,1,fixed_modeled_airtime,22016,22460,4.44,17961.85991928779,17962.436731909373,19089.747958242864,79.75065804163789,263.177171537405,1.252148090537114,263.17717153740466,3.410605131648481e-13
run_00003,tx,RADIO_EBYTE_E07_400M10S,32,30,250,10,433.92,GFSK,3300,True,1,threshold_events,22778,23082,3.04,17297.580919951994,1748.7519107336539,2248.751910733654,52.58464599665405,173.52933178895833,156.10002636559858,173.5293317889584,-5.684341886080802e-14
run_00003,rx,RADIO_EBYTE_E07_400M10S,32,30,250,10,433.92,GFSK,3300,True,1,fixed_modeled_airtime,22016,22460,4.44,17942.16712095666,17914.930008534247,19041.990743455615,79.66322201704777,262.88863265625764,1.5222649417661254,262.88863265625696,6.821210263296962e-13
run_00004,tx,RADIO_EBYTE_E07_400M10S,32,30,250,10,433.92,GFSK,3300,True,1,threshold_events,22530,22834,3.04,17277.69222294296,1748.7519107336539,2248.751910733654,52.52418435774656,173.32980838056366,155.96899302476788,173.32980838056375,-8.526512829121202e-14
run_00004,rx,RADIO_EBYTE_E07_400M10S,32,30,250,10,433.92,GFSK,3300,True,1,fixed_modeled_airtime,21504,21948,4.44,17932.258553135503,17962.436731909373,19089.747958242864,79.61922797592175,262.74345232054173,0.9545482098693898,262.7434523205414,3.410605131648481e-13
run_00005,tx,RADIO_EBYTE_E07_400M10S,32,30,250,10,433.92,GFSK,3300,True,1,threshold_events,22018,22321,3.0300000000000002,17505.319886403893,1748.7519107336539,2248.751910733654,53.041119255803785,175.03569354415248,157.73271005772054,175.0356935441525,-2.842170943040401e-14
run_00005,rx,RADIO_EBYTE_E07_400M10S,32,30,250,10,433.92,GFSK,3300,True,1,fixed_modeled_airtime,20992,21436,4.44,18013.848152353134,17962.436731909373,19089.747958242864,79.981485796448,263.93890312827835,1.5270388463679059,263.9389031282781,2.2737367544323206e-13
