comparison,slug,series,direction,payload_bytes,rate_kbps,spreading_factor,profile,power_dbm,energy_mJ,duration_ms,delivery_percent,runs
rate,ebyte_e07_400m10s,Ebyte E07-400M10S (CC1101),tx,32,1.2,0,,-30.0,10.84135685947754,302.86999999999995,100.0,5
payload,ebyte_e07_400m10s,Ebyte E07-400M10S (CC1101),tx,8,38.4,0,,-30.0,0.1932680314027629,5.868,100.0,5
payload,ebyte_e07_400m10s,Ebyte E07-400M10S (CC1101),tx,32,38.4,0,,-30.0,0.3763295214235974,11.006,100.0,5
rate,ebyte_e07_400m10s,Ebyte E07-400M10S (CC1101),tx,32,38.4,0,,-30.0,0.3763295214235974,11.006,100.0,5
payload,ebyte_e07_400m10s,Ebyte E07-400M10S (CC1101),tx,64,38.4,0,,-30.0,0.8362027238268099,36.746,100.0,5
rate,ebyte_e07_400m10s,Ebyte E07-400M10S (CC1101),tx,32,250.0,0,,-30.0,0.09024760112342513,3.032,100.0,5
rate,ebyte_e07_400m10s,Ebyte E07-400M10S (CC1101),rx,32,1.2,0,,-30.0,17.242899393043174,303.0,100.0,5
payload,ebyte_e07_400m10s,Ebyte E07-400M10S (CC1101),rx,8,38.4,0,,-30.0,0.4226451881066902,7.37,100.0,5
payload,ebyte_e07_400m10s,Ebyte E07-400M10S (CC1101),rx,32,38.4,0,,-30.0,0.7084980315232392,12.370000000000001,100.0,5
rate,ebyte_e07_400m10s,Ebyte E07-400M10S (CC1101),rx,32,38.4,0,,-30.0,0.7084980315232392,12.370000000000001,100.0,5
payload,ebyte_e07_400m10s,Ebyte E07-400M10S (CC1101),rx,64,38.4,0,,-30.0,1.4194525534889502,24.75,100.0,5
rate,ebyte_e07_400m10s,Ebyte E07-400M10S (CC1101),rx,32,250.0,0,,-30.0,0.25822909695517127,4.44,100.0,5
rate,ebyte_e07_433m20s,Ebyte E07-433M20S (CC1101 + PA/LNA),tx,32,1.2,0,,-30.0,35.2710890984077,303.984,100.0,5
payload,ebyte_e07_433m20s,Ebyte E07-433M20S (CC1101 + PA/LNA),tx,8,38.4,0,,-30.0,0.7587763986977148,6.758,100.0,5
payload,ebyte_e07_433m20s,Ebyte E07-433M20S (CC1101 + PA/LNA),tx,32,38.4,0,,-30.0,1.357508219269301,11.918000000000001,100.0,5
rate,ebyte_e07_433m20s,Ebyte E07-433M20S (CC1101 + PA/LNA),tx,32,38.4,0,,-30.0,1.357508219269301,11.918000000000001,100.0,5
payload,ebyte_e07_433m20s,Ebyte E07-433M20S (CC1101 + PA/LNA),tx,64,38.4,0,,-30.0,2.7355984800130186,37.94,100.0,5
rate,ebyte_e07_433m20s,Ebyte E07-433M20S (CC1101 + PA/LNA),tx,32,250.0,0,,-30.0,0.43764330515860084,4.068,100.0,5
rate,ebyte_e07_433m20s,Ebyte E07-433M20S (CC1101 + PA/LNA),rx,32,1.2,0,,-30.0,16.901372471605896,303.0,100.0,5
payload,ebyte_e07_433m20s,Ebyte E07-433M20S (CC1101 + PA/LNA),rx,8,38.4,0,,-30.0,0.43747684470774145,7.37,100.0,5
payload,ebyte_e07_433m20s,Ebyte E07-433M20S (CC1101 + PA/LNA),rx,32,38.4,0,,-30.0,0.735705318644261,12.370000000000001,100.0,5
rate,ebyte_e07_433m20s,Ebyte E07-433M20S (CC1101 + PA/LNA),rx,32,38.4,0,,-30.0,0.735705318644261,12.370000000000001,100.0,5
payload,ebyte_e07_433m20s,Ebyte E07-433M20S (CC1101 + PA/LNA),rx,64,38.4,0,,-30.0,1.4648837492989164,24.75,100.0,5
rate,ebyte_e07_433m20s,Ebyte E07-433M20S (CC1101 + PA/LNA),rx,32,250.0,0,,-30.0,0.26682669358323796,4.44,100.0,5
rate,ebyte_e07_900mm10s,Ebyte E07-900MM10S (CC1101),tx,32,1.2,0,,-30.0,10.947370870356336,302.87800000000004,100.0,5
payload,ebyte_e07_900mm10s,Ebyte E07-900MM10S (CC1101),tx,8,38.4,0,,-30.0,0.19408356207479668,5.854,100.0,5
payload,ebyte_e07_900mm10s,Ebyte E07-900MM10S (CC1101),tx,32,38.4,0,,-30.0,0.3790302262496636,10.992,100.0,5
rate,ebyte_e07_900mm10s,Ebyte E07-900MM10S (CC1101),tx,32,38.4,0,,-30.0,0.3790302262496636,10.992,100.0,5
payload,ebyte_e07_900mm10s,Ebyte E07-900MM10S (CC1101),tx,64,38.4,0,,-30.0,0.8443257651389589,36.722,100.0,5
rate,ebyte_e07_900mm10s,Ebyte E07-900MM10S (CC1101),tx,32,250.0,0,,-30.0,0.09041291689365483,3.028,100.0,5
rate,ebyte_e07_900mm10s,Ebyte E07-900MM10S (CC1101),rx,32,1.2,0,,-30.0,15.41653739788457,303.0,100.0,5
payload,ebyte_e07_900mm10s,Ebyte E07-900MM10S (CC1101),rx,8,38.4,0,,-30.0,0.38822287975043407,7.37,100.0,5
payload,ebyte_e07_900mm10s,Ebyte E07-900MM10S (CC1101),rx,32,38.4,0,,-30.0,0.6534935039599925,12.370000000000001,100.0,5
rate,ebyte_e07_900mm10s,Ebyte E07-900MM10S (CC1101),rx,32,38.4,0,,-30.0,0.6534935039599925,12.370000000000001,100.0,5
payload,ebyte_e07_900mm10s,Ebyte E07-900MM10S (CC1101),rx,64,38.4,0,,-30.0,1.3040951151057423,24.75,100.0,5
rate,ebyte_e07_900mm10s,Ebyte E07-900MM10S (CC1101),rx,32,250.0,0,,-30.0,0.23381428483991984,4.44,100.0,5
